### Starting parallel import process... [2025-02-17T06:04:48.770Z]
### Phase 1: Queueing jobs... [2025-02-17T06:04:49.694Z]
Queued batch of 1000 jobs. Total queued: 1000 [2025-02-17T06:04:50.516Z]
Queued batch of 1000 jobs. Total queued: 2000 [2025-02-17T06:04:50.792Z]
Queued batch of 1000 jobs. Total queued: 3000 [2025-02-17T06:04:51.074Z]
Queued batch of 1000 jobs. Total queued: 4000 [2025-02-17T06:04:51.332Z]
Queued batch of 1000 jobs. Total queued: 5000 [2025-02-17T06:04:51.640Z]
Queued batch of 1000 jobs. Total queued: 6000 [2025-02-17T06:04:51.948Z]
Queued batch of 1000 jobs. Total queued: 7000 [2025-02-17T06:04:52.182Z]
Queued batch of 1000 jobs. Total queued: 8000 [2025-02-17T06:04:52.459Z]
Queued batch of 1000 jobs. Total queued: 9000 [2025-02-17T06:04:52.696Z]
Queued batch of 1000 jobs. Total queued: 10000 [2025-02-17T06:04:52.971Z]
Queued batch of 1000 jobs. Total queued: 11000 [2025-02-17T06:04:53.240Z]
Queued batch of 1000 jobs. Total queued: 12000 [2025-02-17T06:04:53.497Z]
Queued batch of 1000 jobs. Total queued: 13000 [2025-02-17T06:04:53.790Z]
Queued batch of 1000 jobs. Total queued: 14000 [2025-02-17T06:04:54.048Z]
Queued batch of 1000 jobs. Total queued: 15000 [2025-02-17T06:04:54.311Z]
Queued batch of 1000 jobs. Total queued: 16000 [2025-02-17T06:04:54.566Z]
Queued batch of 1000 jobs. Total queued: 17000 [2025-02-17T06:04:54.824Z]
Queued batch of 1000 jobs. Total queued: 18000 [2025-02-17T06:04:55.110Z]
Queued batch of 1000 jobs. Total queued: 19000 [2025-02-17T06:04:55.429Z]
Queued batch of 1000 jobs. Total queued: 20000 [2025-02-17T06:04:55.687Z]
Queued batch of 1000 jobs. Total queued: 21000 [2025-02-17T06:04:55.951Z]
Queued batch of 1000 jobs. Total queued: 22000 [2025-02-17T06:04:56.191Z]
Queued batch of 1000 jobs. Total queued: 23000 [2025-02-17T06:04:56.453Z]
Queued batch of 1000 jobs. Total queued: 24000 [2025-02-17T06:04:56.760Z]
Queued batch of 1000 jobs. Total queued: 25000 [2025-02-17T06:04:57.036Z]
Queued batch of 1000 jobs. Total queued: 26000 [2025-02-17T06:04:57.375Z]
Queued batch of 1000 jobs. Total queued: 27000 [2025-02-17T06:04:57.635Z]
Queued batch of 1000 jobs. Total queued: 28000 [2025-02-17T06:04:57.891Z]
Queued batch of 1000 jobs. Total queued: 29000 [2025-02-17T06:04:58.150Z]
Queued batch of 1000 jobs. Total queued: 30000 [2025-02-17T06:04:58.410Z]
Queued batch of 1000 jobs. Total queued: 31000 [2025-02-17T06:04:58.665Z]
Queued batch of 1000 jobs. Total queued: 32000 [2025-02-17T06:04:58.925Z]
Queued batch of 1000 jobs. Total queued: 33000 [2025-02-17T06:04:59.189Z]
Queued batch of 1000 jobs. Total queued: 34000 [2025-02-17T06:04:59.525Z]
Queued batch of 1000 jobs. Total queued: 35000 [2025-02-17T06:04:59.832Z]
Queued batch of 1000 jobs. Total queued: 36000 [2025-02-17T06:05:00.089Z]
Queued batch of 1000 jobs. Total queued: 37000 [2025-02-17T06:05:00.351Z]
Queued batch of 1000 jobs. Total queued: 38000 [2025-02-17T06:05:00.628Z]
Queued batch of 1000 jobs. Total queued: 39000 [2025-02-17T06:05:00.924Z]
Queued batch of 1000 jobs. Total queued: 40000 [2025-02-17T06:05:01.180Z]
Queued batch of 1000 jobs. Total queued: 41000 [2025-02-17T06:05:01.478Z]
Queued batch of 1000 jobs. Total queued: 42000 [2025-02-17T06:05:01.796Z]
Queued batch of 1000 jobs. Total queued: 43000 [2025-02-17T06:05:02.051Z]
Queued batch of 1000 jobs. Total queued: 44000 [2025-02-17T06:05:02.392Z]
Queued batch of 1000 jobs. Total queued: 45000 [2025-02-17T06:05:02.691Z]
Queued batch of 1000 jobs. Total queued: 46000 [2025-02-17T06:05:03.007Z]
Queued batch of 1000 jobs. Total queued: 47000 [2025-02-17T06:05:03.314Z]
Queued batch of 1000 jobs. Total queued: 48000 [2025-02-17T06:05:03.584Z]
Queued batch of 1000 jobs. Total queued: 49000 [2025-02-17T06:05:03.929Z]
Queued batch of 1000 jobs. Total queued: 50000 [2025-02-17T06:05:04.254Z]
Queued batch of 1000 jobs. Total queued: 51000 [2025-02-17T06:05:04.543Z]
Queued batch of 1000 jobs. Total queued: 52000 [2025-02-17T06:05:04.852Z]
Queued batch of 1000 jobs. Total queued: 53000 [2025-02-17T06:05:05.110Z]
Queued batch of 1000 jobs. Total queued: 54000 [2025-02-17T06:05:05.369Z]
Queued batch of 1000 jobs. Total queued: 55000 [2025-02-17T06:05:05.626Z]
Queued batch of 1000 jobs. Total queued: 56000 [2025-02-17T06:05:05.871Z]
Queued batch of 1000 jobs. Total queued: 57000 [2025-02-17T06:05:06.133Z]
Queued batch of 1000 jobs. Total queued: 58000 [2025-02-17T06:05:06.393Z]
Queued batch of 1000 jobs. Total queued: 59000 [2025-02-17T06:05:06.653Z]
Queued batch of 1000 jobs. Total queued: 60000 [2025-02-17T06:05:06.900Z]
Queued batch of 1000 jobs. Total queued: 61000 [2025-02-17T06:05:07.156Z]
Queued batch of 1000 jobs. Total queued: 62000 [2025-02-17T06:05:07.415Z]
Queued batch of 1000 jobs. Total queued: 63000 [2025-02-17T06:05:07.687Z]
Queued batch of 1000 jobs. Total queued: 64000 [2025-02-17T06:05:08.025Z]
Queued batch of 1000 jobs. Total queued: 65000 [2025-02-17T06:05:08.332Z]
Queued batch of 1000 jobs. Total queued: 66000 [2025-02-17T06:05:08.590Z]
Queued batch of 1000 jobs. Total queued: 67000 [2025-02-17T06:05:08.849Z]
Queued batch of 1000 jobs. Total queued: 68000 [2025-02-17T06:05:09.106Z]
Queued batch of 1000 jobs. Total queued: 69000 [2025-02-17T06:05:09.459Z]
Queued batch of 1000 jobs. Total queued: 70000 [2025-02-17T06:05:09.765Z]
Queued batch of 1000 jobs. Total queued: 71000 [2025-02-17T06:05:10.035Z]
Queued batch of 1000 jobs. Total queued: 72000 [2025-02-17T06:05:10.289Z]
Queued batch of 1000 jobs. Total queued: 73000 [2025-02-17T06:05:10.591Z]
Queued batch of 1000 jobs. Total queued: 74000 [2025-02-17T06:05:10.893Z]
Queued batch of 1000 jobs. Total queued: 75000 [2025-02-17T06:05:11.151Z]
Queued batch of 1000 jobs. Total queued: 76000 [2025-02-17T06:05:11.410Z]
Queued batch of 1000 jobs. Total queued: 77000 [2025-02-17T06:05:11.666Z]
Queued batch of 1000 jobs. Total queued: 78000 [2025-02-17T06:05:11.924Z]
Queued batch of 1000 jobs. Total queued: 79000 [2025-02-17T06:05:12.158Z]
Queued batch of 1000 jobs. Total queued: 80000 [2025-02-17T06:05:12.428Z]
Queued batch of 1000 jobs. Total queued: 81000 [2025-02-17T06:05:12.687Z]
Queued batch of 1000 jobs. Total queued: 82000 [2025-02-17T06:05:12.945Z]
Queued batch of 1000 jobs. Total queued: 83000 [2025-02-17T06:05:13.181Z]
Queued batch of 1000 jobs. Total queued: 84000 [2025-02-17T06:05:13.452Z]
Queued batch of 1000 jobs. Total queued: 85000 [2025-02-17T06:05:13.708Z]
Queued batch of 1000 jobs. Total queued: 86000 [2025-02-17T06:05:13.965Z]
Queued batch of 1000 jobs. Total queued: 87000 [2025-02-17T06:05:14.223Z]
Queued batch of 1000 jobs. Total queued: 88000 [2025-02-17T06:05:14.481Z]
Queued batch of 1000 jobs. Total queued: 89000 [2025-02-17T06:05:14.784Z]
Queued batch of 1000 jobs. Total queued: 90000 [2025-02-17T06:05:15.074Z]
Queued batch of 1000 jobs. Total queued: 91000 [2025-02-17T06:05:15.398Z]
Queued batch of 1000 jobs. Total queued: 92000 [2025-02-17T06:05:15.654Z]
Queued batch of 1000 jobs. Total queued: 93000 [2025-02-17T06:05:15.911Z]
Queued batch of 1000 jobs. Total queued: 94000 [2025-02-17T06:05:16.170Z]
Queued batch of 1000 jobs. Total queued: 95000 [2025-02-17T06:05:16.428Z]
Queued batch of 1000 jobs. Total queued: 96000 [2025-02-17T06:05:16.688Z]
Queued batch of 1000 jobs. Total queued: 97000 [2025-02-17T06:05:16.950Z]
Queued batch of 1000 jobs. Total queued: 98000 [2025-02-17T06:05:17.243Z]
Queued batch of 1000 jobs. Total queued: 99000 [2025-02-17T06:05:17.515Z]
Queued batch of 1000 jobs. Total queued: 100000 [2025-02-17T06:05:17.773Z]
Queued batch of 1000 jobs. Total queued: 101000 [2025-02-17T06:05:18.030Z]
Queued batch of 1000 jobs. Total queued: 102000 [2025-02-17T06:05:18.351Z]
Queued batch of 1000 jobs. Total queued: 103000 [2025-02-17T06:05:18.778Z]
Queued batch of 1000 jobs. Total queued: 104000 [2025-02-17T06:05:19.051Z]
Queued batch of 1000 jobs. Total queued: 105000 [2025-02-17T06:05:19.331Z]
Queued batch of 1000 jobs. Total queued: 106000 [2025-02-17T06:05:19.598Z]
Queued batch of 1000 jobs. Total queued: 107000 [2025-02-17T06:05:19.853Z]
Queued batch of 1000 jobs. Total queued: 108000 [2025-02-17T06:05:20.113Z]
Queued batch of 1000 jobs. Total queued: 109000 [2025-02-17T06:05:20.371Z]
Queued batch of 1000 jobs. Total queued: 110000 [2025-02-17T06:05:20.631Z]
Queued batch of 1000 jobs. Total queued: 111000 [2025-02-17T06:05:20.907Z]
Queued batch of 1000 jobs. Total queued: 112000 [2025-02-17T06:05:21.164Z]
Queued batch of 1000 jobs. Total queued: 113000 [2025-02-17T06:05:21.418Z]
Queued batch of 1000 jobs. Total queued: 114000 [2025-02-17T06:05:21.757Z]
Queued batch of 1000 jobs. Total queued: 115000 [2025-02-17T06:05:22.015Z]
Queued batch of 1000 jobs. Total queued: 116000 [2025-02-17T06:05:22.269Z]
Queued batch of 1000 jobs. Total queued: 117000 [2025-02-17T06:05:22.526Z]
Queued batch of 1000 jobs. Total queued: 118000 [2025-02-17T06:05:22.784Z]
Queued batch of 1000 jobs. Total queued: 119000 [2025-02-17T06:05:23.038Z]
Queued batch of 1000 jobs. Total queued: 120000 [2025-02-17T06:05:23.296Z]
Queued batch of 1000 jobs. Total queued: 121000 [2025-02-17T06:05:23.560Z]
Queued batch of 1000 jobs. Total queued: 122000 [2025-02-17T06:05:23.858Z]
Queued batch of 1000 jobs. Total queued: 123000 [2025-02-17T06:05:24.116Z]
Queued batch of 1000 jobs. Total queued: 124000 [2025-02-17T06:05:24.375Z]
Queued batch of 1000 jobs. Total queued: 125000 [2025-02-17T06:05:24.717Z]
Queued batch of 1000 jobs. Total queued: 126000 [2025-02-17T06:05:24.999Z]
Queued batch of 1000 jobs. Total queued: 127000 [2025-02-17T06:05:25.336Z]
Queued batch of 1000 jobs. Total queued: 128000 [2025-02-17T06:05:25.639Z]
Queued batch of 1000 jobs. Total queued: 129000 [2025-02-17T06:05:25.897Z]
Queued batch of 1000 jobs. Total queued: 130000 [2025-02-17T06:05:26.155Z]
Queued batch of 1000 jobs. Total queued: 131000 [2025-02-17T06:05:26.416Z]
Queued batch of 1000 jobs. Total queued: 132000 [2025-02-17T06:05:26.769Z]
Queued batch of 1000 jobs. Total queued: 133000 [2025-02-17T06:05:27.035Z]
Queued batch of 1000 jobs. Total queued: 134000 [2025-02-17T06:05:27.349Z]
Queued batch of 1000 jobs. Total queued: 135000 [2025-02-17T06:05:27.687Z]
Queued batch of 1000 jobs. Total queued: 136000 [2025-02-17T06:05:27.920Z]
Queued batch of 1000 jobs. Total queued: 137000 [2025-02-17T06:05:28.198Z]
Queued batch of 1000 jobs. Total queued: 138000 [2025-02-17T06:05:28.455Z]
Queued batch of 1000 jobs. Total queued: 139000 [2025-02-17T06:05:28.712Z]
Queued batch of 1000 jobs. Total queued: 140000 [2025-02-17T06:05:28.969Z]
Queued batch of 1000 jobs. Total queued: 141000 [2025-02-17T06:05:29.226Z]
Queued batch of 1000 jobs. Total queued: 142000 [2025-02-17T06:05:29.481Z]
Queued batch of 1000 jobs. Total queued: 143000 [2025-02-17T06:05:29.735Z]
Queued batch of 1000 jobs. Total queued: 144000 [2025-02-17T06:05:29.982Z]
Queued batch of 1000 jobs. Total queued: 145000 [2025-02-17T06:05:30.262Z]
Queued batch of 1000 jobs. Total queued: 146000 [2025-02-17T06:05:30.554Z]
Queued batch of 1000 jobs. Total queued: 147000 [2025-02-17T06:05:30.861Z]
Queued batch of 1000 jobs. Total queued: 148000 [2025-02-17T06:05:31.100Z]
Queued batch of 1000 jobs. Total queued: 149000 [2025-02-17T06:05:31.357Z]
Queued batch of 1000 jobs. Total queued: 150000 [2025-02-17T06:05:31.681Z]
Queued batch of 1000 jobs. Total queued: 151000 [2025-02-17T06:05:31.914Z]
Queued batch of 1000 jobs. Total queued: 152000 [2025-02-17T06:05:32.192Z]
Queued batch of 1000 jobs. Total queued: 153000 [2025-02-17T06:05:32.429Z]
Queued batch of 1000 jobs. Total queued: 154000 [2025-02-17T06:05:32.704Z]
Queued batch of 1000 jobs. Total queued: 155000 [2025-02-17T06:05:32.938Z]
Queued batch of 1000 jobs. Total queued: 156000 [2025-02-17T06:05:33.216Z]
Queued batch of 1000 jobs. Total queued: 157000 [2025-02-17T06:05:33.448Z]
Queued batch of 1000 jobs. Total queued: 158000 [2025-02-17T06:05:33.732Z]
Queued batch of 1000 jobs. Total queued: 159000 [2025-02-17T06:05:34.036Z]
Queued batch of 1000 jobs. Total queued: 160000 [2025-02-17T06:05:34.344Z]
Queued batch of 1000 jobs. Total queued: 161000 [2025-02-17T06:05:34.650Z]
Queued batch of 1000 jobs. Total queued: 162000 [2025-02-17T06:05:34.885Z]
Queued batch of 1000 jobs. Total queued: 163000 [2025-02-17T06:05:35.141Z]
Queued batch of 1000 jobs. Total queued: 164000 [2025-02-17T06:05:35.399Z]
Queued batch of 1000 jobs. Total queued: 165000 [2025-02-17T06:05:35.675Z]
Queued batch of 1000 jobs. Total queued: 166000 [2025-02-17T06:05:35.932Z]
Queued batch of 1000 jobs. Total queued: 167000 [2025-02-17T06:05:36.191Z]
Queued batch of 1000 jobs. Total queued: 168000 [2025-02-17T06:05:36.443Z]
Queued batch of 1000 jobs. Total queued: 169000 [2025-02-17T06:05:36.701Z]
Queued batch of 1000 jobs. Total queued: 170000 [2025-02-17T06:05:36.937Z]
Queued batch of 1000 jobs. Total queued: 171000 [2025-02-17T06:05:37.216Z]
Queued batch of 1000 jobs. Total queued: 172000 [2025-02-17T06:05:37.461Z]
Queued batch of 1000 jobs. Total queued: 173000 [2025-02-17T06:05:37.722Z]
Queued batch of 1000 jobs. Total queued: 174000 [2025-02-17T06:05:37.977Z]
Queued batch of 1000 jobs. Total queued: 175000 [2025-02-17T06:05:38.234Z]
Queued batch of 1000 jobs. Total queued: 176000 [2025-02-17T06:05:38.491Z]
Queued batch of 1000 jobs. Total queued: 177000 [2025-02-17T06:05:38.746Z]
Queued batch of 1000 jobs. Total queued: 178000 [2025-02-17T06:05:39.035Z]
Queued batch of 1000 jobs. Total queued: 179000 [2025-02-17T06:05:39.349Z]
Queued batch of 1000 jobs. Total queued: 180000 [2025-02-17T06:05:39.670Z]
### Queued final batch of 800 jobs. Total queued: 180800 [2025-02-17T06:05:39.905Z]
### Phase 2: Starting workers... [2025-02-17T06:05:39.905Z]
Started worker 0 [2025-02-17T06:05:39.916Z]
Started worker 1 [2025-02-17T06:05:39.916Z]
Started worker 2 [2025-02-17T06:05:39.917Z]
Started worker 3 [2025-02-17T06:05:39.917Z]
Started worker 4 [2025-02-17T06:05:39.917Z]
Started worker 5 [2025-02-17T06:05:39.918Z]
Started worker 6 [2025-02-17T06:05:39.918Z]
Started worker 7 [2025-02-17T06:05:39.919Z]
Started worker 8 [2025-02-17T06:05:39.920Z]
Started worker 9 [2025-02-17T06:05:39.920Z]
Started worker 10 [2025-02-17T06:05:39.921Z]
Started worker 11 [2025-02-17T06:05:39.922Z]
Started worker 12 [2025-02-17T06:05:39.923Z]
Started worker 13 [2025-02-17T06:05:39.923Z]
Started worker 14 [2025-02-17T06:05:39.923Z]
Started worker 15 [2025-02-17T06:05:39.924Z]
Started worker 16 [2025-02-17T06:05:39.924Z]
Started worker 17 [2025-02-17T06:05:39.925Z]
Started worker 18 [2025-02-17T06:05:39.925Z]
Started worker 19 [2025-02-17T06:05:39.927Z]
### Progress: 1/180800 events | Elapsed time: 5.2s [2025-02-17T06:05:45.155Z]
### Progress: 68/180800 events | Elapsed time: 10.2s [2025-02-17T06:05:50.154Z]
### Progress: 140/180800 events | Elapsed time: 15.2s [2025-02-17T06:05:55.158Z]
### Progress: 209/180800 events | Elapsed time: 20.2s [2025-02-17T06:06:00.154Z]
### Progress: 280/180800 events | Elapsed time: 25.2s [2025-02-17T06:06:05.156Z]
### Progress: 357/180800 events | Elapsed time: 30.2s [2025-02-17T06:06:10.155Z]
### Progress: 426/180800 events | Elapsed time: 35.2s [2025-02-17T06:06:15.154Z]
### Progress: 500/180800 events | Elapsed time: 40.2s [2025-02-17T06:06:20.155Z]
### Progress: 573/180800 events | Elapsed time: 45.2s [2025-02-17T06:06:25.157Z]
### Progress: 641/180800 events | Elapsed time: 50.2s [2025-02-17T06:06:30.156Z]
### Progress: 714/180800 events | Elapsed time: 55.2s [2025-02-17T06:06:35.156Z]
### Progress: 791/180800 events | Elapsed time: 60.2s [2025-02-17T06:06:40.156Z]
### Progress: 862/180800 events | Elapsed time: 65.2s [2025-02-17T06:06:45.155Z]
### Progress: 934/180800 events | Elapsed time: 70.2s [2025-02-17T06:06:50.155Z]
### Progress: 1009/180800 events | Elapsed time: 75.2s [2025-02-17T06:06:55.155Z]
### Progress: 1081/180800 events | Elapsed time: 80.2s [2025-02-17T06:07:00.154Z]
### Progress: 1153/180800 events | Elapsed time: 85.2s [2025-02-17T06:07:05.155Z]
### Progress: 1222/180800 events | Elapsed time: 90.2s [2025-02-17T06:07:10.155Z]
### Progress: 1299/180800 events | Elapsed time: 95.2s [2025-02-17T06:07:15.155Z]
### Progress: 1370/180800 events | Elapsed time: 100.2s [2025-02-17T06:07:20.155Z]
### Progress: 1442/180800 events | Elapsed time: 105.2s [2025-02-17T06:07:25.156Z]
### Progress: 1508/180800 events | Elapsed time: 110.2s [2025-02-17T06:07:30.158Z]
### Progress: 1575/180800 events | Elapsed time: 115.2s [2025-02-17T06:07:35.156Z]
### Progress: 1643/180800 events | Elapsed time: 120.2s [2025-02-17T06:07:40.153Z]
### Progress: 1703/180800 events | Elapsed time: 125.3s [2025-02-17T06:07:45.217Z]
### Progress: 1770/180800 events | Elapsed time: 130.2s [2025-02-17T06:07:50.159Z]
### Progress: 1831/180800 events | Elapsed time: 135.3s [2025-02-17T06:07:55.183Z]
### Progress: 1897/180800 events | Elapsed time: 140.2s [2025-02-17T06:08:00.159Z]
### Progress: 1962/180800 events | Elapsed time: 145.2s [2025-02-17T06:08:05.160Z]
### Progress: 2023/180800 events | Elapsed time: 150.2s [2025-02-17T06:08:10.159Z]
### Progress: 2091/180800 events | Elapsed time: 155.2s [2025-02-17T06:08:15.159Z]
### Progress: 2157/180800 events | Elapsed time: 160.2s [2025-02-17T06:08:20.163Z]
### Progress: 2217/180800 events | Elapsed time: 165.2s [2025-02-17T06:08:25.172Z]
### Progress: 2287/180800 events | Elapsed time: 170.2s [2025-02-17T06:08:30.159Z]
### Progress: 2352/180800 events | Elapsed time: 175.3s [2025-02-17T06:08:35.189Z]
### Progress: 2419/180800 events | Elapsed time: 180.2s [2025-02-17T06:08:40.163Z]
### Progress: 2483/180800 events | Elapsed time: 185.2s [2025-02-17T06:08:45.164Z]
### Progress: 2549/180800 events | Elapsed time: 190.2s [2025-02-17T06:08:50.164Z]
### Progress: 2614/180800 events | Elapsed time: 195.2s [2025-02-17T06:08:55.176Z]
### Progress: 2679/180800 events | Elapsed time: 200.2s [2025-02-17T06:09:00.165Z]
### Progress: 2743/180800 events | Elapsed time: 205.2s [2025-02-17T06:09:05.167Z]
### Progress: 2809/180800 events | Elapsed time: 210.2s [2025-02-17T06:09:10.166Z]
### Progress: 2872/180800 events | Elapsed time: 215.2s [2025-02-17T06:09:15.166Z]
### Progress: 2935/180800 events | Elapsed time: 220.3s [2025-02-17T06:09:20.249Z]
### Progress: 3003/180800 events | Elapsed time: 225.2s [2025-02-17T06:09:25.166Z]
### Progress: 3063/180800 events | Elapsed time: 230.2s [2025-02-17T06:09:30.166Z]
### Progress: 3132/180800 events | Elapsed time: 235.2s [2025-02-17T06:09:35.166Z]
### Progress: 3204/180800 events | Elapsed time: 240.2s [2025-02-17T06:09:40.165Z]
### Progress: 3280/180800 events | Elapsed time: 245.2s [2025-02-17T06:09:45.166Z]
### Progress: 3353/180800 events | Elapsed time: 250.2s [2025-02-17T06:09:50.166Z]
### Progress: 3423/180800 events | Elapsed time: 255.2s [2025-02-17T06:09:55.166Z]
### Progress: 3498/180800 events | Elapsed time: 260.2s [2025-02-17T06:10:00.167Z]
### Progress: 3570/180800 events | Elapsed time: 265.2s [2025-02-17T06:10:05.166Z]
### Progress: 3643/180800 events | Elapsed time: 270.2s [2025-02-17T06:10:10.168Z]
### Progress: 3715/180800 events | Elapsed time: 275.2s [2025-02-17T06:10:15.168Z]
### Progress: 3788/180800 events | Elapsed time: 280.2s [2025-02-17T06:10:20.167Z]
### Progress: 3864/180800 events | Elapsed time: 285.2s [2025-02-17T06:10:25.165Z]
### Progress: 3928/180800 events | Elapsed time: 290.2s [2025-02-17T06:10:30.167Z]
### Progress: 3994/180800 events | Elapsed time: 295.2s [2025-02-17T06:10:35.170Z]
### Progress: 4064/180800 events | Elapsed time: 300.2s [2025-02-17T06:10:40.168Z]
### Progress: 4128/180800 events | Elapsed time: 305.2s [2025-02-17T06:10:45.170Z]
### Progress: 4193/180800 events | Elapsed time: 310.2s [2025-02-17T06:10:50.171Z]
### Progress: 4260/180800 events | Elapsed time: 315.2s [2025-02-17T06:10:55.168Z]
### Progress: 4324/180800 events | Elapsed time: 320.3s [2025-02-17T06:11:00.193Z]
### Progress: 4388/180800 events | Elapsed time: 325.2s [2025-02-17T06:11:05.171Z]
### Progress: 4452/180800 events | Elapsed time: 330.3s [2025-02-17T06:11:10.228Z]
### Progress: 4524/180800 events | Elapsed time: 335.3s [2025-02-17T06:11:15.234Z]
### Progress: 4584/180800 events | Elapsed time: 340.2s [2025-02-17T06:11:20.172Z]
### Progress: 4645/180800 events | Elapsed time: 345.2s [2025-02-17T06:11:25.172Z]
### Progress: 4711/180800 events | Elapsed time: 350.2s [2025-02-17T06:11:30.172Z]
### Progress: 4779/180800 events | Elapsed time: 355.2s [2025-02-17T06:11:35.174Z]
### Progress: 4844/180800 events | Elapsed time: 360.2s [2025-02-17T06:11:40.174Z]
### Progress: 4904/180800 events | Elapsed time: 365.2s [2025-02-17T06:11:45.175Z]
### Progress: 4971/180800 events | Elapsed time: 370.7s [2025-02-17T06:11:50.627Z]
### Progress: 5039/180800 events | Elapsed time: 375.2s [2025-02-17T06:11:55.174Z]
### Progress: 5104/180800 events | Elapsed time: 380.2s [2025-02-17T06:12:00.175Z]
### Progress: 5164/180800 events | Elapsed time: 385.3s [2025-02-17T06:12:05.178Z]
### Progress: 5232/180800 events | Elapsed time: 390.3s [2025-02-17T06:12:10.254Z]
### Progress: 5304/180800 events | Elapsed time: 395.2s [2025-02-17T06:12:15.176Z]
### Progress: 5373/180800 events | Elapsed time: 400.2s [2025-02-17T06:12:20.175Z]
### Progress: 5444/180800 events | Elapsed time: 405.5s [2025-02-17T06:12:25.402Z]
### Progress: 5509/180800 events | Elapsed time: 410.3s [2025-02-17T06:12:30.178Z]
### Progress: 5571/180800 events | Elapsed time: 415.3s [2025-02-17T06:12:35.201Z]
### Progress: 5634/180800 events | Elapsed time: 420.3s [2025-02-17T06:12:40.241Z]
### Progress: 5704/180800 events | Elapsed time: 425.3s [2025-02-17T06:12:45.178Z]
### Progress: 5778/180800 events | Elapsed time: 430.3s [2025-02-17T06:12:50.178Z]
### Progress: 5852/180800 events | Elapsed time: 435.3s [2025-02-17T06:12:55.181Z]
### Progress: 5914/180800 events | Elapsed time: 440.3s [2025-02-17T06:13:00.205Z]
### Progress: 5978/180800 events | Elapsed time: 445.3s [2025-02-17T06:13:05.183Z]
### Progress: 6044/180800 events | Elapsed time: 450.3s [2025-02-17T06:13:10.184Z]
### Progress: 6112/180800 events | Elapsed time: 455.3s [2025-02-17T06:13:15.183Z]
### Progress: 6177/180800 events | Elapsed time: 460.3s [2025-02-17T06:13:20.206Z]
### Progress: 6240/180800 events | Elapsed time: 465.3s [2025-02-17T06:13:25.183Z]
### Progress: 6314/180800 events | Elapsed time: 470.3s [2025-02-17T06:13:30.182Z]
### Progress: 6389/180800 events | Elapsed time: 475.3s [2025-02-17T06:13:35.182Z]
### Progress: 6458/180800 events | Elapsed time: 480.3s [2025-02-17T06:13:40.182Z]
### Progress: 6534/180800 events | Elapsed time: 485.3s [2025-02-17T06:13:45.182Z]
### Progress: 6608/180800 events | Elapsed time: 490.3s [2025-02-17T06:13:50.182Z]
### Progress: 6679/180800 events | Elapsed time: 495.3s [2025-02-17T06:13:55.182Z]
### Progress: 6751/180800 events | Elapsed time: 500.3s [2025-02-17T06:14:00.182Z]
### Progress: 6823/180800 events | Elapsed time: 505.3s [2025-02-17T06:14:05.182Z]
### Progress: 6897/180800 events | Elapsed time: 510.3s [2025-02-17T06:14:10.183Z]
### Progress: 6952/180800 events | Elapsed time: 515.3s [2025-02-17T06:14:15.276Z]
### Progress: 7012/180800 events | Elapsed time: 520.3s [2025-02-17T06:14:20.184Z]
### Progress: 7083/180800 events | Elapsed time: 525.3s [2025-02-17T06:14:25.186Z]
### Progress: 7156/180800 events | Elapsed time: 530.3s [2025-02-17T06:14:30.189Z]
### Progress: 7227/180800 events | Elapsed time: 535.3s [2025-02-17T06:14:35.184Z]
### Progress: 7293/180800 events | Elapsed time: 540.3s [2025-02-17T06:14:40.186Z]
### Progress: 7368/180800 events | Elapsed time: 545.3s [2025-02-17T06:14:45.183Z]
### Progress: 7440/180800 events | Elapsed time: 550.3s [2025-02-17T06:14:50.188Z]
### Progress: 7512/180800 events | Elapsed time: 555.3s [2025-02-17T06:14:55.185Z]
### Progress: 7586/180800 events | Elapsed time: 560.3s [2025-02-17T06:15:00.184Z]
### Progress: 7645/180800 events | Elapsed time: 565.3s [2025-02-17T06:15:05.186Z]
### Progress: 7708/180800 events | Elapsed time: 570.3s [2025-02-17T06:15:10.186Z]
### Progress: 7769/180800 events | Elapsed time: 575.3s [2025-02-17T06:15:15.187Z]
### Progress: 7836/180800 events | Elapsed time: 580.3s [2025-02-17T06:15:20.186Z]
### Progress: 7901/180800 events | Elapsed time: 585.3s [2025-02-17T06:15:25.190Z]
### Progress: 7965/180800 events | Elapsed time: 590.3s [2025-02-17T06:15:30.188Z]
### Progress: 8028/180800 events | Elapsed time: 595.3s [2025-02-17T06:15:35.250Z]
### Progress: 8092/180800 events | Elapsed time: 600.3s [2025-02-17T06:15:40.188Z]
### Progress: 8156/180800 events | Elapsed time: 605.4s [2025-02-17T06:15:45.286Z]
### Progress: 8220/180800 events | Elapsed time: 610.3s [2025-02-17T06:15:50.188Z]
### Progress: 8288/180800 events | Elapsed time: 615.3s [2025-02-17T06:15:55.222Z]
### Progress: 8352/180800 events | Elapsed time: 620.3s [2025-02-17T06:16:00.186Z]
### Progress: 8413/180800 events | Elapsed time: 625.3s [2025-02-17T06:16:05.196Z]
### Progress: 8486/180800 events | Elapsed time: 630.3s [2025-02-17T06:16:10.188Z]
### Progress: 8561/180800 events | Elapsed time: 635.3s [2025-02-17T06:16:15.211Z]
### Progress: 8629/180800 events | Elapsed time: 640.3s [2025-02-17T06:16:20.190Z]
### Progress: 8705/180800 events | Elapsed time: 645.3s [2025-02-17T06:16:25.187Z]
### Progress: 8779/180800 events | Elapsed time: 650.3s [2025-02-17T06:16:30.188Z]
### Progress: 8848/180800 events | Elapsed time: 655.3s [2025-02-17T06:16:35.188Z]
### Progress: 8923/180800 events | Elapsed time: 660.3s [2025-02-17T06:16:40.190Z]
### Progress: 8996/180800 events | Elapsed time: 665.3s [2025-02-17T06:16:45.188Z]
### Progress: 9070/180800 events | Elapsed time: 670.3s [2025-02-17T06:16:50.186Z]
### Progress: 9142/180800 events | Elapsed time: 675.3s [2025-02-17T06:16:55.187Z]
### Progress: 9214/180800 events | Elapsed time: 680.3s [2025-02-17T06:17:00.189Z]
### Progress: 9287/180800 events | Elapsed time: 685.3s [2025-02-17T06:17:05.190Z]
### Progress: 9360/180800 events | Elapsed time: 690.3s [2025-02-17T06:17:10.189Z]
### Progress: 9433/180800 events | Elapsed time: 695.3s [2025-02-17T06:17:15.188Z]
### Progress: 9504/180800 events | Elapsed time: 700.3s [2025-02-17T06:17:20.187Z]
### Progress: 9583/180800 events | Elapsed time: 705.3s [2025-02-17T06:17:25.188Z]
### Progress: 9643/180800 events | Elapsed time: 710.3s [2025-02-17T06:17:30.191Z]
### Progress: 9717/180800 events | Elapsed time: 715.3s [2025-02-17T06:17:35.191Z]
### Progress: 9784/180800 events | Elapsed time: 720.3s [2025-02-17T06:17:40.193Z]
### Progress: 9847/180800 events | Elapsed time: 725.3s [2025-02-17T06:17:45.192Z]
### Progress: 9921/180800 events | Elapsed time: 730.3s [2025-02-17T06:17:50.192Z]
### Progress: 9984/180800 events | Elapsed time: 735.3s [2025-02-17T06:17:55.237Z]
### Progress: 10044/180800 events | Elapsed time: 740.3s [2025-02-17T06:18:00.192Z]
### Progress: 10107/180800 events | Elapsed time: 745.3s [2025-02-17T06:18:05.192Z]
### Progress: 10181/180800 events | Elapsed time: 750.3s [2025-02-17T06:18:10.191Z]
### Progress: 10243/180800 events | Elapsed time: 755.3s [2025-02-17T06:18:15.198Z]
### Progress: 10304/180800 events | Elapsed time: 760.3s [2025-02-17T06:18:20.192Z]
### Progress: 10371/180800 events | Elapsed time: 765.3s [2025-02-17T06:18:25.244Z]
### Progress: 10441/180800 events | Elapsed time: 770.3s [2025-02-17T06:18:30.193Z]
### Progress: 10503/180800 events | Elapsed time: 775.3s [2025-02-17T06:18:35.218Z]
### Progress: 10564/180800 events | Elapsed time: 780.3s [2025-02-17T06:18:40.197Z]
### Progress: 10627/180800 events | Elapsed time: 785.3s [2025-02-17T06:18:45.192Z]
### Progress: 10697/180800 events | Elapsed time: 790.3s [2025-02-17T06:18:50.195Z]
### Progress: 10764/180800 events | Elapsed time: 795.3s [2025-02-17T06:18:55.194Z]
### Progress: 10827/180800 events | Elapsed time: 800.3s [2025-02-17T06:19:00.195Z]
### Progress: 10895/180800 events | Elapsed time: 805.3s [2025-02-17T06:19:05.196Z]
### Progress: 10963/180800 events | Elapsed time: 810.3s [2025-02-17T06:19:10.193Z]
### Progress: 11024/180800 events | Elapsed time: 815.3s [2025-02-17T06:19:15.196Z]
### Progress: 11087/180800 events | Elapsed time: 820.3s [2025-02-17T06:19:20.194Z]
### Progress: 11164/180800 events | Elapsed time: 825.3s [2025-02-17T06:19:25.194Z]
### Progress: 11240/180800 events | Elapsed time: 830.3s [2025-02-17T06:19:30.195Z]
### Progress: 11309/180800 events | Elapsed time: 835.3s [2025-02-17T06:19:35.194Z]
### Progress: 11385/180800 events | Elapsed time: 840.3s [2025-02-17T06:19:40.194Z]
### Progress: 11458/180800 events | Elapsed time: 845.3s [2025-02-17T06:19:45.197Z]
### Progress: 11520/180800 events | Elapsed time: 850.3s [2025-02-17T06:19:50.199Z]
### Progress: 11586/180800 events | Elapsed time: 855.3s [2025-02-17T06:19:55.255Z]
### Progress: 11657/180800 events | Elapsed time: 860.3s [2025-02-17T06:20:00.202Z]
### Progress: 11727/180800 events | Elapsed time: 865.3s [2025-02-17T06:20:05.205Z]
### Progress: 11803/180800 events | Elapsed time: 870.3s [2025-02-17T06:20:10.198Z]
### Progress: 11876/180800 events | Elapsed time: 875.3s [2025-02-17T06:20:15.198Z]
### Progress: 11945/180800 events | Elapsed time: 880.3s [2025-02-17T06:20:20.199Z]
### Progress: 12022/180800 events | Elapsed time: 885.3s [2025-02-17T06:20:25.199Z]
### Progress: 12092/180800 events | Elapsed time: 890.3s [2025-02-17T06:20:30.200Z]
### Progress: 12165/180800 events | Elapsed time: 895.3s [2025-02-17T06:20:35.201Z]
### Progress: 12242/180800 events | Elapsed time: 900.3s [2025-02-17T06:20:40.199Z]
### Progress: 12304/180800 events | Elapsed time: 905.3s [2025-02-17T06:20:45.201Z]
### Progress: 12366/180800 events | Elapsed time: 910.3s [2025-02-17T06:20:50.200Z]
### Progress: 12429/180800 events | Elapsed time: 915.3s [2025-02-17T06:20:55.267Z]
### Progress: 12496/180800 events | Elapsed time: 920.3s [2025-02-17T06:21:00.203Z]
### Progress: 12564/180800 events | Elapsed time: 925.3s [2025-02-17T06:21:05.201Z]
### Progress: 12626/180800 events | Elapsed time: 930.3s [2025-02-17T06:21:10.201Z]
### Progress: 12692/180800 events | Elapsed time: 935.3s [2025-02-17T06:21:15.233Z]
### Progress: 12762/180800 events | Elapsed time: 940.3s [2025-02-17T06:21:20.203Z]
### Progress: 12824/180800 events | Elapsed time: 945.3s [2025-02-17T06:21:25.201Z]
### Progress: 12902/180800 events | Elapsed time: 950.3s [2025-02-17T06:21:30.200Z]
### Progress: 12967/180800 events | Elapsed time: 955.3s [2025-02-17T06:21:35.203Z]
### Progress: 13027/180800 events | Elapsed time: 960.3s [2025-02-17T06:21:40.202Z]
### Progress: 13096/180800 events | Elapsed time: 965.3s [2025-02-17T06:21:45.203Z]
### Progress: 13158/180800 events | Elapsed time: 970.3s [2025-02-17T06:21:50.204Z]
### Progress: 13222/180800 events | Elapsed time: 975.3s [2025-02-17T06:21:55.204Z]
### Progress: 13287/180800 events | Elapsed time: 980.3s [2025-02-17T06:22:00.203Z]
### Progress: 13354/180800 events | Elapsed time: 985.4s [2025-02-17T06:22:05.314Z]
### Progress: 13419/180800 events | Elapsed time: 990.3s [2025-02-17T06:22:10.203Z]
### Progress: 13482/180800 events | Elapsed time: 995.3s [2025-02-17T06:22:15.205Z]
### Progress: 13539/180800 events | Elapsed time: 1000.4s [2025-02-17T06:22:20.324Z]
### Progress: 13583/180800 events | Elapsed time: 1005.3s [2025-02-17T06:22:25.265Z]
### Progress: 13649/180800 events | Elapsed time: 1010.3s [2025-02-17T06:22:30.237Z]
### Progress: 13706/180800 events | Elapsed time: 1015.4s [2025-02-17T06:22:35.318Z]
### Progress: 13772/180800 events | Elapsed time: 1020.3s [2025-02-17T06:22:40.207Z]
### Progress: 13840/180800 events | Elapsed time: 1025.3s [2025-02-17T06:22:45.205Z]
### Progress: 13910/180800 events | Elapsed time: 1030.3s [2025-02-17T06:22:50.253Z]
### Progress: 13969/180800 events | Elapsed time: 1035.3s [2025-02-17T06:22:55.246Z]
### Progress: 14028/180800 events | Elapsed time: 1040.3s [2025-02-17T06:23:00.221Z]
### Progress: 14084/180800 events | Elapsed time: 1045.3s [2025-02-17T06:23:05.207Z]
### Progress: 14147/180800 events | Elapsed time: 1050.3s [2025-02-17T06:23:10.203Z]
### Progress: 14218/180800 events | Elapsed time: 1055.3s [2025-02-17T06:23:15.274Z]
### Progress: 14281/180800 events | Elapsed time: 1060.5s [2025-02-17T06:23:20.463Z]
### Progress: 14329/180800 events | Elapsed time: 1065.3s [2025-02-17T06:23:25.205Z]
### Progress: 14397/180800 events | Elapsed time: 1070.3s [2025-02-17T06:23:30.206Z]
### Progress: 14449/180800 events | Elapsed time: 1075.3s [2025-02-17T06:23:35.209Z]
### Progress: 14516/180800 events | Elapsed time: 1080.3s [2025-02-17T06:23:40.249Z]
### Progress: 14584/180800 events | Elapsed time: 1085.3s [2025-02-17T06:23:45.205Z]
### Progress: 14645/180800 events | Elapsed time: 1090.3s [2025-02-17T06:23:50.208Z]
### Progress: 14718/180800 events | Elapsed time: 1095.3s [2025-02-17T06:23:55.224Z]
### Progress: 14784/180800 events | Elapsed time: 1100.3s [2025-02-17T06:24:00.276Z]
### Progress: 14844/180800 events | Elapsed time: 1105.3s [2025-02-17T06:24:05.225Z]
### Progress: 14902/180800 events | Elapsed time: 1110.3s [2025-02-17T06:24:10.276Z]
### Progress: 14965/180800 events | Elapsed time: 1115.3s [2025-02-17T06:24:15.216Z]
### Progress: 15017/180800 events | Elapsed time: 1120.3s [2025-02-17T06:24:20.210Z]
### Progress: 15080/180800 events | Elapsed time: 1125.3s [2025-02-17T06:24:25.208Z]
### Progress: 15146/180800 events | Elapsed time: 1130.3s [2025-02-17T06:24:30.212Z]
### Progress: 15215/180800 events | Elapsed time: 1135.3s [2025-02-17T06:24:35.240Z]
### Progress: 15272/180800 events | Elapsed time: 1140.3s [2025-02-17T06:24:40.206Z]
### Progress: 15342/180800 events | Elapsed time: 1145.3s [2025-02-17T06:24:45.224Z]
### Progress: 15411/180800 events | Elapsed time: 1150.3s [2025-02-17T06:24:50.208Z]
### Progress: 15472/180800 events | Elapsed time: 1155.4s [2025-02-17T06:24:55.304Z]
### Progress: 15529/180800 events | Elapsed time: 1160.3s [2025-02-17T06:25:00.209Z]
### Progress: 15586/180800 events | Elapsed time: 1165.3s [2025-02-17T06:25:05.210Z]
### Progress: 15646/180800 events | Elapsed time: 1170.3s [2025-02-17T06:25:10.211Z]
### Progress: 15698/180800 events | Elapsed time: 1175.3s [2025-02-17T06:25:15.218Z]
### Progress: 15765/180800 events | Elapsed time: 1180.3s [2025-02-17T06:25:20.215Z]
### Progress: 15828/180800 events | Elapsed time: 1185.4s [2025-02-17T06:25:25.324Z]
### Progress: 15891/180800 events | Elapsed time: 1190.3s [2025-02-17T06:25:30.212Z]
### Progress: 15949/180800 events | Elapsed time: 1195.3s [2025-02-17T06:25:35.236Z]
### Progress: 16009/180800 events | Elapsed time: 1200.3s [2025-02-17T06:25:40.257Z]
### Progress: 16065/180800 events | Elapsed time: 1205.3s [2025-02-17T06:25:45.277Z]
### Progress: 16123/180800 events | Elapsed time: 1210.3s [2025-02-17T06:25:50.213Z]
### Progress: 16180/180800 events | Elapsed time: 1215.3s [2025-02-17T06:25:55.227Z]
### Progress: 16244/180800 events | Elapsed time: 1220.3s [2025-02-17T06:26:00.265Z]
### Progress: 16310/180800 events | Elapsed time: 1225.3s [2025-02-17T06:26:05.223Z]
### Progress: 16372/180800 events | Elapsed time: 1230.3s [2025-02-17T06:26:10.217Z]
### Progress: 16437/180800 events | Elapsed time: 1235.3s [2025-02-17T06:26:15.214Z]
### Progress: 16497/180800 events | Elapsed time: 1240.5s [2025-02-17T06:26:20.382Z]
### Progress: 16560/180800 events | Elapsed time: 1245.3s [2025-02-17T06:26:25.269Z]
### Progress: 16620/180800 events | Elapsed time: 1250.3s [2025-02-17T06:26:30.225Z]
### Progress: 16679/180800 events | Elapsed time: 1255.3s [2025-02-17T06:26:35.215Z]
### Progress: 16745/180800 events | Elapsed time: 1260.3s [2025-02-17T06:26:40.266Z]
### Progress: 16813/180800 events | Elapsed time: 1265.3s [2025-02-17T06:26:45.228Z]
### Progress: 16873/180800 events | Elapsed time: 1270.3s [2025-02-17T06:26:50.274Z]
### Progress: 16939/180800 events | Elapsed time: 1275.4s [2025-02-17T06:26:55.354Z]
### Progress: 17000/180800 events | Elapsed time: 1280.4s [2025-02-17T06:27:00.303Z]
### Progress: 17060/180800 events | Elapsed time: 1285.3s [2025-02-17T06:27:05.255Z]
### Progress: 17111/180800 events | Elapsed time: 1290.3s [2025-02-17T06:27:10.222Z]
### Progress: 17175/180800 events | Elapsed time: 1295.4s [2025-02-17T06:27:15.293Z]
### Progress: 17235/180800 events | Elapsed time: 1300.3s [2025-02-17T06:27:20.219Z]
### Progress: 17295/180800 events | Elapsed time: 1305.3s [2025-02-17T06:27:25.232Z]
### Progress: 17360/180800 events | Elapsed time: 1310.3s [2025-02-17T06:27:30.221Z]
### Progress: 17420/180800 events | Elapsed time: 1315.4s [2025-02-17T06:27:35.363Z]
### Progress: 17482/180800 events | Elapsed time: 1320.3s [2025-02-17T06:27:40.225Z]
### Progress: 17540/180800 events | Elapsed time: 1325.3s [2025-02-17T06:27:45.225Z]
### Progress: 17594/180800 events | Elapsed time: 1330.3s [2025-02-17T06:27:50.226Z]
### Progress: 17647/180800 events | Elapsed time: 1335.4s [2025-02-17T06:27:55.331Z]
### Progress: 17707/180800 events | Elapsed time: 1340.3s [2025-02-17T06:28:00.221Z]
### Progress: 17773/180800 events | Elapsed time: 1345.3s [2025-02-17T06:28:05.223Z]
### Progress: 17844/180800 events | Elapsed time: 1350.3s [2025-02-17T06:28:10.246Z]
### Progress: 17907/180800 events | Elapsed time: 1355.3s [2025-02-17T06:28:15.225Z]
### Progress: 17969/180800 events | Elapsed time: 1360.4s [2025-02-17T06:28:20.324Z]
### Progress: 18036/180800 events | Elapsed time: 1365.3s [2025-02-17T06:28:25.224Z]
### Progress: 18105/180800 events | Elapsed time: 1370.4s [2025-02-17T06:28:30.353Z]
### Progress: 18166/180800 events | Elapsed time: 1375.3s [2025-02-17T06:28:35.228Z]
### Progress: 18230/180800 events | Elapsed time: 1380.3s [2025-02-17T06:28:40.225Z]
### Progress: 18297/180800 events | Elapsed time: 1385.4s [2025-02-17T06:28:45.309Z]
### Progress: 18361/180800 events | Elapsed time: 1390.3s [2025-02-17T06:28:50.228Z]
### Progress: 18421/180800 events | Elapsed time: 1395.3s [2025-02-17T06:28:55.229Z]
### Progress: 18491/180800 events | Elapsed time: 1400.4s [2025-02-17T06:29:00.280Z]
### Progress: 18555/180800 events | Elapsed time: 1405.3s [2025-02-17T06:29:05.263Z]
### Progress: 18611/180800 events | Elapsed time: 1410.3s [2025-02-17T06:29:10.272Z]
### Progress: 18665/180800 events | Elapsed time: 1415.4s [2025-02-17T06:29:15.309Z]
### Progress: 18725/180800 events | Elapsed time: 1420.3s [2025-02-17T06:29:20.245Z]
### Progress: 18787/180800 events | Elapsed time: 1425.3s [2025-02-17T06:29:25.231Z]
### Progress: 18849/180800 events | Elapsed time: 1430.4s [2025-02-17T06:29:30.362Z]
### Progress: 18899/180800 events | Elapsed time: 1435.4s [2025-02-17T06:29:35.279Z]
### Progress: 18959/180800 events | Elapsed time: 1440.3s [2025-02-17T06:29:40.232Z]
### Progress: 19019/180800 events | Elapsed time: 1445.3s [2025-02-17T06:29:45.269Z]
### Progress: 19079/180800 events | Elapsed time: 1450.4s [2025-02-17T06:29:50.312Z]
### Progress: 19139/180800 events | Elapsed time: 1455.4s [2025-02-17T06:29:55.288Z]
### Progress: 19199/180800 events | Elapsed time: 1460.3s [2025-02-17T06:30:00.274Z]
### Progress: 19254/180800 events | Elapsed time: 1465.3s [2025-02-17T06:30:05.234Z]
### Progress: 19311/180800 events | Elapsed time: 1470.4s [2025-02-17T06:30:10.300Z]
### Progress: 19374/180800 events | Elapsed time: 1475.4s [2025-02-17T06:30:15.370Z]
### Progress: 19431/180800 events | Elapsed time: 1480.4s [2025-02-17T06:30:20.337Z]
### Progress: 19494/180800 events | Elapsed time: 1485.4s [2025-02-17T06:30:25.355Z]
### Progress: 19551/180800 events | Elapsed time: 1490.3s [2025-02-17T06:30:30.235Z]
### Progress: 19617/180800 events | Elapsed time: 1495.3s [2025-02-17T06:30:35.236Z]
### Progress: 19674/180800 events | Elapsed time: 1500.3s [2025-02-17T06:30:40.237Z]
### Progress: 19742/180800 events | Elapsed time: 1505.3s [2025-02-17T06:30:45.259Z]
### Progress: 19800/180800 events | Elapsed time: 1510.3s [2025-02-17T06:30:50.238Z]
### Progress: 19864/180800 events | Elapsed time: 1515.3s [2025-02-17T06:30:55.241Z]
### Progress: 19918/180800 events | Elapsed time: 1520.3s [2025-02-17T06:31:00.275Z]
### Progress: 19980/180800 events | Elapsed time: 1525.3s [2025-02-17T06:31:05.241Z]
### Progress: 20028/180800 events | Elapsed time: 1530.4s [2025-02-17T06:31:10.304Z]
### Progress: 20078/180800 events | Elapsed time: 1535.4s [2025-02-17T06:31:15.328Z]
### Progress: 20128/180800 events | Elapsed time: 1540.4s [2025-02-17T06:31:20.348Z]
### Progress: 20178/180800 events | Elapsed time: 1545.3s [2025-02-17T06:31:25.262Z]
### Progress: 20229/180800 events | Elapsed time: 1550.4s [2025-02-17T06:31:30.279Z]
### Progress: 20283/180800 events | Elapsed time: 1555.5s [2025-02-17T06:31:35.400Z]
### Progress: 20336/180800 events | Elapsed time: 1560.3s [2025-02-17T06:31:40.238Z]
### Progress: 20391/180800 events | Elapsed time: 1565.4s [2025-02-17T06:31:45.336Z]
### Progress: 20447/180800 events | Elapsed time: 1570.3s [2025-02-17T06:31:50.240Z]
### Progress: 20501/180800 events | Elapsed time: 1575.3s [2025-02-17T06:31:55.269Z]
### Progress: 20555/180800 events | Elapsed time: 1580.5s [2025-02-17T06:32:00.387Z]
### Progress: 20609/180800 events | Elapsed time: 1585.9s [2025-02-17T06:32:05.836Z]
### Progress: 20661/180800 events | Elapsed time: 1590.3s [2025-02-17T06:32:10.245Z]
### Progress: 20715/180800 events | Elapsed time: 1595.4s [2025-02-17T06:32:15.346Z]
### Progress: 20771/180800 events | Elapsed time: 1600.4s [2025-02-17T06:32:20.356Z]
### Progress: 20824/180800 events | Elapsed time: 1605.4s [2025-02-17T06:32:25.279Z]
### Progress: 20878/180800 events | Elapsed time: 1610.3s [2025-02-17T06:32:30.253Z]
### Progress: 20924/180800 events | Elapsed time: 1615.5s [2025-02-17T06:32:35.422Z]
### Progress: 20975/180800 events | Elapsed time: 1620.3s [2025-02-17T06:32:40.246Z]
### Progress: 21031/180800 events | Elapsed time: 1625.4s [2025-02-17T06:32:45.343Z]
### Progress: 21084/180800 events | Elapsed time: 1630.3s [2025-02-17T06:32:50.248Z]
### Progress: 21141/180800 events | Elapsed time: 1635.3s [2025-02-17T06:32:55.253Z]
### Progress: 21198/180800 events | Elapsed time: 1640.7s [2025-02-17T06:33:00.650Z]
### Progress: 21249/180800 events | Elapsed time: 1645.4s [2025-02-17T06:33:05.315Z]
### Progress: 21304/180800 events | Elapsed time: 1650.3s [2025-02-17T06:33:10.250Z]
### Progress: 21361/180800 events | Elapsed time: 1655.3s [2025-02-17T06:33:15.248Z]
### Progress: 21415/180800 events | Elapsed time: 1660.4s [2025-02-17T06:33:20.301Z]
### Progress: 21470/180800 events | Elapsed time: 1665.4s [2025-02-17T06:33:25.281Z]
### Progress: 21524/180800 events | Elapsed time: 1670.3s [2025-02-17T06:33:30.254Z]
### Progress: 21578/180800 events | Elapsed time: 1675.4s [2025-02-17T06:33:35.280Z]
### Progress: 21630/180800 events | Elapsed time: 1680.5s [2025-02-17T06:33:40.439Z]
### Progress: 21677/180800 events | Elapsed time: 1685.4s [2025-02-17T06:33:45.353Z]
### Progress: 21724/180800 events | Elapsed time: 1690.5s [2025-02-17T06:33:50.476Z]
### Progress: 21776/180800 events | Elapsed time: 1695.5s [2025-02-17T06:33:55.391Z]
### Progress: 21821/180800 events | Elapsed time: 1700.4s [2025-02-17T06:34:00.305Z]
### Progress: 21878/180800 events | Elapsed time: 1705.4s [2025-02-17T06:34:05.322Z]
### Progress: 21936/180800 events | Elapsed time: 1710.3s [2025-02-17T06:34:10.257Z]
### Progress: 21989/180800 events | Elapsed time: 1715.3s [2025-02-17T06:34:15.257Z]
### Progress: 22042/180800 events | Elapsed time: 1720.3s [2025-02-17T06:34:20.274Z]
### Progress: 22100/180800 events | Elapsed time: 1725.4s [2025-02-17T06:34:25.292Z]
### Progress: 22158/180800 events | Elapsed time: 1730.3s [2025-02-17T06:34:30.257Z]
### Progress: 22216/180800 events | Elapsed time: 1735.4s [2025-02-17T06:34:35.328Z]
### Progress: 22268/180800 events | Elapsed time: 1740.4s [2025-02-17T06:34:40.349Z]
### Progress: 22316/180800 events | Elapsed time: 1745.4s [2025-02-17T06:34:45.311Z]
### Progress: 22363/180800 events | Elapsed time: 1750.3s [2025-02-17T06:34:50.262Z]
### Progress: 22411/180800 events | Elapsed time: 1755.4s [2025-02-17T06:34:55.330Z]
### Progress: 22469/180800 events | Elapsed time: 1760.3s [2025-02-17T06:35:00.272Z]
### Progress: 22521/180800 events | Elapsed time: 1765.4s [2025-02-17T06:35:05.335Z]
### Progress: 22571/180800 events | Elapsed time: 1770.4s [2025-02-17T06:35:10.350Z]
### Progress: 22638/180800 events | Elapsed time: 1775.3s [2025-02-17T06:35:15.266Z]
### Progress: 22711/180800 events | Elapsed time: 1780.3s [2025-02-17T06:35:20.266Z]
### Progress: 22771/180800 events | Elapsed time: 1785.4s [2025-02-17T06:35:25.303Z]
### Progress: 22825/180800 events | Elapsed time: 1790.3s [2025-02-17T06:35:30.267Z]
### Progress: 22880/180800 events | Elapsed time: 1795.4s [2025-02-17T06:35:35.342Z]
### Progress: 22937/180800 events | Elapsed time: 1800.3s [2025-02-17T06:35:40.269Z]
### Progress: 22992/180800 events | Elapsed time: 1805.3s [2025-02-17T06:35:45.272Z]
### Progress: 23051/180800 events | Elapsed time: 1810.4s [2025-02-17T06:35:50.291Z]
### Progress: 23110/180800 events | Elapsed time: 1815.4s [2025-02-17T06:35:55.336Z]
### Progress: 23160/180800 events | Elapsed time: 1820.4s [2025-02-17T06:36:00.323Z]
### Progress: 23217/180800 events | Elapsed time: 1825.5s [2025-02-17T06:36:05.391Z]
### Progress: 23270/180800 events | Elapsed time: 1830.4s [2025-02-17T06:36:10.359Z]
### Progress: 23325/180800 events | Elapsed time: 1835.4s [2025-02-17T06:36:15.278Z]
### Progress: 23377/180800 events | Elapsed time: 1840.4s [2025-02-17T06:36:20.293Z]
### Progress: 23436/180800 events | Elapsed time: 1845.4s [2025-02-17T06:36:25.311Z]
### Progress: 23491/180800 events | Elapsed time: 1850.4s [2025-02-17T06:36:30.328Z]
### Progress: 23551/180800 events | Elapsed time: 1855.4s [2025-02-17T06:36:35.348Z]
### Progress: 23605/180800 events | Elapsed time: 1860.3s [2025-02-17T06:36:40.277Z]
### Progress: 23665/180800 events | Elapsed time: 1865.4s [2025-02-17T06:36:45.291Z]
### Progress: 23717/180800 events | Elapsed time: 1870.5s [2025-02-17T06:36:50.402Z]
### Progress: 23772/180800 events | Elapsed time: 1875.5s [2025-02-17T06:36:55.418Z]
### Progress: 23829/180800 events | Elapsed time: 1880.4s [2025-02-17T06:37:00.333Z]
### Progress: 23885/180800 events | Elapsed time: 1885.4s [2025-02-17T06:37:05.351Z]
### Progress: 23940/180800 events | Elapsed time: 1890.4s [2025-02-17T06:37:10.281Z]
### Progress: 24000/180800 events | Elapsed time: 1895.4s [2025-02-17T06:37:15.289Z]
### Progress: 24054/180800 events | Elapsed time: 1900.4s [2025-02-17T06:37:20.303Z]
### Progress: 24113/180800 events | Elapsed time: 1905.4s [2025-02-17T06:37:25.322Z]
### Progress: 24169/180800 events | Elapsed time: 1910.4s [2025-02-17T06:37:30.283Z]
### Progress: 24229/180800 events | Elapsed time: 1915.4s [2025-02-17T06:37:35.360Z]
### Progress: 24277/180800 events | Elapsed time: 1920.4s [2025-02-17T06:37:40.374Z]
### Progress: 24337/180800 events | Elapsed time: 1925.4s [2025-02-17T06:37:45.291Z]
### Progress: 24392/180800 events | Elapsed time: 1930.5s [2025-02-17T06:37:50.410Z]
### Progress: 24449/180800 events | Elapsed time: 1935.4s [2025-02-17T06:37:55.327Z]
### Progress: 24500/180800 events | Elapsed time: 1940.4s [2025-02-17T06:38:00.305Z]
### Progress: 24557/180800 events | Elapsed time: 1945.4s [2025-02-17T06:38:05.361Z]
### Progress: 24613/180800 events | Elapsed time: 1950.5s [2025-02-17T06:38:10.379Z]
### Progress: 24672/180800 events | Elapsed time: 1955.4s [2025-02-17T06:38:15.295Z]
### Progress: 24725/180800 events | Elapsed time: 1960.4s [2025-02-17T06:38:20.320Z]
### Progress: 24780/180800 events | Elapsed time: 1965.4s [2025-02-17T06:38:25.332Z]
### Progress: 24837/180800 events | Elapsed time: 1970.4s [2025-02-17T06:38:30.294Z]
### Progress: 24897/180800 events | Elapsed time: 1975.4s [2025-02-17T06:38:35.294Z]
### Progress: 24952/180800 events | Elapsed time: 1980.5s [2025-02-17T06:38:40.386Z]
### Progress: 25009/180800 events | Elapsed time: 1985.4s [2025-02-17T06:38:45.300Z]
### Progress: 25064/180800 events | Elapsed time: 1990.4s [2025-02-17T06:38:50.319Z]
### Progress: 25119/180800 events | Elapsed time: 1995.4s [2025-02-17T06:38:55.334Z]
### Progress: 25177/180800 events | Elapsed time: 2000.4s [2025-02-17T06:39:00.353Z]
### Progress: 25232/180800 events | Elapsed time: 2005.4s [2025-02-17T06:39:05.295Z]
### Progress: 25288/180800 events | Elapsed time: 2010.5s [2025-02-17T06:39:10.389Z]
### Progress: 25340/180800 events | Elapsed time: 2015.5s [2025-02-17T06:39:15.408Z]
### Progress: 25397/180800 events | Elapsed time: 2020.4s [2025-02-17T06:39:20.323Z]
### Progress: 25452/180800 events | Elapsed time: 2025.4s [2025-02-17T06:39:25.340Z]
### Progress: 25512/180800 events | Elapsed time: 2030.4s [2025-02-17T06:39:30.306Z]
### Progress: 25569/180800 events | Elapsed time: 2035.4s [2025-02-17T06:39:35.299Z]
### Progress: 25620/180800 events | Elapsed time: 2040.5s [2025-02-17T06:39:40.395Z]
### Progress: 25677/180800 events | Elapsed time: 2045.4s [2025-02-17T06:39:45.311Z]
### Progress: 25733/180800 events | Elapsed time: 2050.4s [2025-02-17T06:39:50.327Z]
### Progress: 25792/180800 events | Elapsed time: 2055.4s [2025-02-17T06:39:55.345Z]
### Progress: 25845/180800 events | Elapsed time: 2060.4s [2025-02-17T06:40:00.362Z]
### Progress: 25897/180800 events | Elapsed time: 2065.5s [2025-02-17T06:40:05.383Z]
### Progress: 25953/180800 events | Elapsed time: 2070.4s [2025-02-17T06:40:10.301Z]
### Progress: 26012/180800 events | Elapsed time: 2075.4s [2025-02-17T06:40:15.316Z]
### Progress: 26065/180800 events | Elapsed time: 2080.4s [2025-02-17T06:40:20.302Z]
### Progress: 26120/180800 events | Elapsed time: 2085.4s [2025-02-17T06:40:25.349Z]
### Progress: 26180/180800 events | Elapsed time: 2090.4s [2025-02-17T06:40:30.370Z]
### Progress: 26232/180800 events | Elapsed time: 2095.5s [2025-02-17T06:40:35.385Z]
### Progress: 26289/180800 events | Elapsed time: 2100.4s [2025-02-17T06:40:40.305Z]
### Progress: 26345/180800 events | Elapsed time: 2105.4s [2025-02-17T06:40:45.320Z]
### Progress: 26397/180800 events | Elapsed time: 2110.4s [2025-02-17T06:40:50.308Z]
### Progress: 26457/180800 events | Elapsed time: 2115.4s [2025-02-17T06:40:55.358Z]
### Progress: 26512/180800 events | Elapsed time: 2120.4s [2025-02-17T06:41:00.372Z]
### Progress: 26569/180800 events | Elapsed time: 2125.5s [2025-02-17T06:41:05.390Z]
### Progress: 26625/180800 events | Elapsed time: 2130.4s [2025-02-17T06:41:10.304Z]
### Progress: 26680/180800 events | Elapsed time: 2135.4s [2025-02-17T06:41:15.324Z]
### Progress: 26734/180800 events | Elapsed time: 2140.4s [2025-02-17T06:41:20.345Z]
### Progress: 26793/180800 events | Elapsed time: 2145.4s [2025-02-17T06:41:25.305Z]
### Progress: 26852/180800 events | Elapsed time: 2150.5s [2025-02-17T06:41:30.378Z]
### Progress: 26909/180800 events | Elapsed time: 2155.5s [2025-02-17T06:41:35.394Z]
### Progress: 26965/180800 events | Elapsed time: 2160.4s [2025-02-17T06:41:40.309Z]
### Progress: 27021/180800 events | Elapsed time: 2165.4s [2025-02-17T06:41:45.331Z]
### Progress: 27080/180800 events | Elapsed time: 2170.4s [2025-02-17T06:41:50.308Z]
### Progress: 27140/180800 events | Elapsed time: 2175.4s [2025-02-17T06:41:55.370Z]
### Progress: 27193/180800 events | Elapsed time: 2180.4s [2025-02-17T06:42:00.309Z]
### Progress: 27253/180800 events | Elapsed time: 2185.5s [2025-02-17T06:42:05.398Z]
### Progress: 27309/180800 events | Elapsed time: 2190.4s [2025-02-17T06:42:10.314Z]
### Progress: 27360/180800 events | Elapsed time: 2195.4s [2025-02-17T06:42:15.329Z]
### Progress: 27417/180800 events | Elapsed time: 2200.4s [2025-02-17T06:42:20.312Z]
### Progress: 27477/180800 events | Elapsed time: 2205.4s [2025-02-17T06:42:25.365Z]
### Progress: 27532/180800 events | Elapsed time: 2210.5s [2025-02-17T06:42:30.381Z]
### Progress: 27589/180800 events | Elapsed time: 2215.4s [2025-02-17T06:42:35.311Z]
### Progress: 27640/180800 events | Elapsed time: 2220.4s [2025-02-17T06:42:40.313Z]
### Progress: 27712/180800 events | Elapsed time: 2225.4s [2025-02-17T06:42:45.314Z]
### Progress: 27786/180800 events | Elapsed time: 2230.4s [2025-02-17T06:42:50.313Z]
### Progress: 27858/180800 events | Elapsed time: 2235.4s [2025-02-17T06:42:55.315Z]
### Progress: 27932/180800 events | Elapsed time: 2240.4s [2025-02-17T06:43:00.344Z]
### Progress: 28003/180800 events | Elapsed time: 2245.4s [2025-02-17T06:43:05.314Z]
### Progress: 28075/180800 events | Elapsed time: 2250.4s [2025-02-17T06:43:10.317Z]
### Progress: 28146/180800 events | Elapsed time: 2255.4s [2025-02-17T06:43:15.314Z]
### Progress: 28222/180800 events | Elapsed time: 2260.4s [2025-02-17T06:43:20.315Z]
### Progress: 28293/180800 events | Elapsed time: 2265.4s [2025-02-17T06:43:25.315Z]
### Progress: 28367/180800 events | Elapsed time: 2270.4s [2025-02-17T06:43:30.315Z]
### Progress: 28440/180800 events | Elapsed time: 2275.4s [2025-02-17T06:43:35.316Z]
### Progress: 28513/180800 events | Elapsed time: 2280.4s [2025-02-17T06:43:40.314Z]
### Progress: 28587/180800 events | Elapsed time: 2285.4s [2025-02-17T06:43:45.328Z]
### Progress: 28655/180800 events | Elapsed time: 2290.4s [2025-02-17T06:43:50.317Z]
### Progress: 28733/180800 events | Elapsed time: 2295.4s [2025-02-17T06:43:55.316Z]
### Progress: 28805/180800 events | Elapsed time: 2300.4s [2025-02-17T06:44:00.317Z]
### Progress: 28876/180800 events | Elapsed time: 2305.4s [2025-02-17T06:44:05.320Z]
### Progress: 28949/180800 events | Elapsed time: 2310.4s [2025-02-17T06:44:10.319Z]
### Progress: 29021/180800 events | Elapsed time: 2315.4s [2025-02-17T06:44:15.322Z]
### Progress: 29095/180800 events | Elapsed time: 2320.4s [2025-02-17T06:44:20.320Z]
### Progress: 29165/180800 events | Elapsed time: 2325.4s [2025-02-17T06:44:25.317Z]
### Progress: 29241/180800 events | Elapsed time: 2330.4s [2025-02-17T06:44:30.320Z]
### Progress: 29310/180800 events | Elapsed time: 2335.4s [2025-02-17T06:44:35.318Z]
### Progress: 29384/180800 events | Elapsed time: 2340.4s [2025-02-17T06:44:40.319Z]
### Progress: 29453/180800 events | Elapsed time: 2345.4s [2025-02-17T06:44:45.319Z]
### Progress: 29531/180800 events | Elapsed time: 2350.4s [2025-02-17T06:44:50.319Z]
### Progress: 29604/180800 events | Elapsed time: 2355.4s [2025-02-17T06:44:55.318Z]
### Progress: 29674/180800 events | Elapsed time: 2360.4s [2025-02-17T06:45:00.338Z]
### Progress: 29748/180800 events | Elapsed time: 2365.4s [2025-02-17T06:45:05.319Z]
### Progress: 29816/180800 events | Elapsed time: 2370.4s [2025-02-17T06:45:10.331Z]
### Progress: 29892/180800 events | Elapsed time: 2375.4s [2025-02-17T06:45:15.325Z]
### Progress: 29962/180800 events | Elapsed time: 2380.4s [2025-02-17T06:45:20.324Z]
### Progress: 30036/180800 events | Elapsed time: 2385.4s [2025-02-17T06:45:25.322Z]
### Progress: 30109/180800 events | Elapsed time: 2390.4s [2025-02-17T06:45:30.322Z]
### Progress: 30164/180800 events | Elapsed time: 2395.5s [2025-02-17T06:45:35.407Z]
### Progress: 30222/180800 events | Elapsed time: 2400.4s [2025-02-17T06:45:40.344Z]
### Progress: 30277/180800 events | Elapsed time: 2405.4s [2025-02-17T06:45:45.325Z]
### Progress: 30337/180800 events | Elapsed time: 2410.4s [2025-02-17T06:45:50.358Z]
### Progress: 30395/180800 events | Elapsed time: 2415.5s [2025-02-17T06:45:55.378Z]
### Progress: 30449/180800 events | Elapsed time: 2420.5s [2025-02-17T06:46:00.395Z]
### Progress: 30503/180800 events | Elapsed time: 2425.4s [2025-02-17T06:46:05.357Z]
### Progress: 30556/180800 events | Elapsed time: 2430.5s [2025-02-17T06:46:10.429Z]
### Progress: 30614/180800 events | Elapsed time: 2435.4s [2025-02-17T06:46:15.343Z]
### Progress: 30671/180800 events | Elapsed time: 2440.4s [2025-02-17T06:46:20.331Z]
### Progress: 30731/180800 events | Elapsed time: 2445.5s [2025-02-17T06:46:25.380Z]
### Progress: 30783/180800 events | Elapsed time: 2450.5s [2025-02-17T06:46:30.404Z]
### Progress: 30840/180800 events | Elapsed time: 2455.4s [2025-02-17T06:46:35.333Z]
### Progress: 30894/180800 events | Elapsed time: 2460.5s [2025-02-17T06:46:40.430Z]
### Progress: 30951/180800 events | Elapsed time: 2465.4s [2025-02-17T06:46:45.349Z]
### Progress: 31003/180800 events | Elapsed time: 2470.4s [2025-02-17T06:46:50.363Z]
### Progress: 31063/180800 events | Elapsed time: 2475.5s [2025-02-17T06:46:55.383Z]
### Progress: 31116/180800 events | Elapsed time: 2480.5s [2025-02-17T06:47:00.398Z]
### Progress: 31174/180800 events | Elapsed time: 2485.5s [2025-02-17T06:47:05.419Z]
### Progress: 31231/180800 events | Elapsed time: 2490.4s [2025-02-17T06:47:10.338Z]
### Progress: 31283/180800 events | Elapsed time: 2495.4s [2025-02-17T06:47:15.348Z]
### Progress: 31340/180800 events | Elapsed time: 2500.4s [2025-02-17T06:47:20.365Z]
### Progress: 31400/180800 events | Elapsed time: 2505.4s [2025-02-17T06:47:25.340Z]
### Progress: 31458/180800 events | Elapsed time: 2510.5s [2025-02-17T06:47:30.400Z]
### Progress: 31514/180800 events | Elapsed time: 2515.5s [2025-02-17T06:47:35.418Z]
### Progress: 31567/180800 events | Elapsed time: 2520.5s [2025-02-17T06:47:40.435Z]
### Progress: 31616/180800 events | Elapsed time: 2525.4s [2025-02-17T06:47:45.351Z]
### Progress: 31676/180800 events | Elapsed time: 2530.4s [2025-02-17T06:47:50.366Z]
### Progress: 31736/180800 events | Elapsed time: 2535.5s [2025-02-17T06:47:55.384Z]
### Progress: 31794/180800 events | Elapsed time: 2540.5s [2025-02-17T06:48:00.405Z]
### Progress: 31851/180800 events | Elapsed time: 2545.4s [2025-02-17T06:48:05.346Z]
### Progress: 31903/180800 events | Elapsed time: 2550.5s [2025-02-17T06:48:10.441Z]
### Progress: 31960/180800 events | Elapsed time: 2555.4s [2025-02-17T06:48:15.354Z]
### Progress: 32014/180800 events | Elapsed time: 2560.4s [2025-02-17T06:48:20.369Z]
### Progress: 32074/180800 events | Elapsed time: 2565.5s [2025-02-17T06:48:25.395Z]
### Progress: 32129/180800 events | Elapsed time: 2570.5s [2025-02-17T06:48:30.405Z]
### Progress: 32183/180800 events | Elapsed time: 2575.5s [2025-02-17T06:48:35.423Z]
### Progress: 32236/180800 events | Elapsed time: 2580.4s [2025-02-17T06:48:40.351Z]
### Progress: 32293/180800 events | Elapsed time: 2585.4s [2025-02-17T06:48:45.354Z]
### Progress: 32347/180800 events | Elapsed time: 2590.4s [2025-02-17T06:48:50.375Z]
### Progress: 32407/180800 events | Elapsed time: 2595.5s [2025-02-17T06:48:55.397Z]
### Progress: 32461/180800 events | Elapsed time: 2600.5s [2025-02-17T06:49:00.408Z]
### Progress: 32516/180800 events | Elapsed time: 2605.5s [2025-02-17T06:49:05.428Z]
### Progress: 32571/180800 events | Elapsed time: 2610.5s [2025-02-17T06:49:10.444Z]
### Progress: 32623/180800 events | Elapsed time: 2615.5s [2025-02-17T06:49:15.400Z]
### Progress: 32676/180800 events | Elapsed time: 2620.5s [2025-02-17T06:49:20.432Z]
### Progress: 32736/180800 events | Elapsed time: 2625.5s [2025-02-17T06:49:25.395Z]
### Progress: 32791/180800 events | Elapsed time: 2630.4s [2025-02-17T06:49:30.352Z]
### Progress: 32847/180800 events | Elapsed time: 2635.5s [2025-02-17T06:49:35.429Z]
### Progress: 32900/180800 events | Elapsed time: 2640.4s [2025-02-17T06:49:40.352Z]
### Progress: 32956/180800 events | Elapsed time: 2645.4s [2025-02-17T06:49:45.362Z]
### Progress: 33014/180800 events | Elapsed time: 2650.5s [2025-02-17T06:49:50.380Z]
### Progress: 33070/180800 events | Elapsed time: 2655.5s [2025-02-17T06:49:55.396Z]
### Progress: 33123/180800 events | Elapsed time: 2660.4s [2025-02-17T06:50:00.356Z]
### Progress: 33180/180800 events | Elapsed time: 2665.5s [2025-02-17T06:50:05.432Z]
### Progress: 33234/180800 events | Elapsed time: 2670.5s [2025-02-17T06:50:10.448Z]
### Progress: 33291/180800 events | Elapsed time: 2675.4s [2025-02-17T06:50:15.365Z]
### Progress: 33343/180800 events | Elapsed time: 2680.5s [2025-02-17T06:50:20.383Z]
### Progress: 33400/180800 events | Elapsed time: 2685.5s [2025-02-17T06:50:25.401Z]
### Progress: 33454/180800 events | Elapsed time: 2690.4s [2025-02-17T06:50:30.359Z]
### Progress: 33511/180800 events | Elapsed time: 2695.4s [2025-02-17T06:50:35.360Z]
### Progress: 33563/180800 events | Elapsed time: 2700.5s [2025-02-17T06:50:40.452Z]
### Progress: 33620/180800 events | Elapsed time: 2705.4s [2025-02-17T06:50:45.370Z]
### Progress: 33674/180800 events | Elapsed time: 2710.4s [2025-02-17T06:50:50.361Z]
### Progress: 33734/180800 events | Elapsed time: 2715.4s [2025-02-17T06:50:55.361Z]
### Progress: 33791/180800 events | Elapsed time: 2720.4s [2025-02-17T06:51:00.361Z]
### Progress: 33847/180800 events | Elapsed time: 2725.5s [2025-02-17T06:51:05.438Z]
### Progress: 33900/180800 events | Elapsed time: 2730.4s [2025-02-17T06:51:10.361Z]
### Progress: 33956/180800 events | Elapsed time: 2735.4s [2025-02-17T06:51:15.371Z]
### Progress: 34011/180800 events | Elapsed time: 2740.4s [2025-02-17T06:51:20.362Z]
### Progress: 34063/180800 events | Elapsed time: 2745.5s [2025-02-17T06:51:25.405Z]
### Progress: 34122/180800 events | Elapsed time: 2750.5s [2025-02-17T06:51:30.425Z]
### Progress: 34175/180800 events | Elapsed time: 2755.4s [2025-02-17T06:51:35.364Z]
### Progress: 34227/180800 events | Elapsed time: 2760.5s [2025-02-17T06:51:40.459Z]
### Progress: 34283/180800 events | Elapsed time: 2765.4s [2025-02-17T06:51:45.374Z]
### Progress: 34336/180800 events | Elapsed time: 2770.4s [2025-02-17T06:51:50.365Z]
### Progress: 34396/180800 events | Elapsed time: 2775.6s [2025-02-17T06:51:55.507Z]
### Progress: 34447/180800 events | Elapsed time: 2780.5s [2025-02-17T06:52:00.432Z]
### Progress: 34507/180800 events | Elapsed time: 2785.5s [2025-02-17T06:52:05.444Z]
### Progress: 34562/180800 events | Elapsed time: 2790.4s [2025-02-17T06:52:10.365Z]
### Progress: 34616/180800 events | Elapsed time: 2795.5s [2025-02-17T06:52:15.379Z]
### Progress: 34673/180800 events | Elapsed time: 2800.4s [2025-02-17T06:52:20.367Z]
### Progress: 34728/180800 events | Elapsed time: 2805.5s [2025-02-17T06:52:25.412Z]
### Progress: 34783/180800 events | Elapsed time: 2810.5s [2025-02-17T06:52:30.431Z]
### Progress: 34836/180800 events | Elapsed time: 2815.4s [2025-02-17T06:52:35.369Z]
### Progress: 34887/180800 events | Elapsed time: 2820.4s [2025-02-17T06:52:40.366Z]
### Progress: 34943/180800 events | Elapsed time: 2825.6s [2025-02-17T06:52:45.480Z]
### Progress: 35003/180800 events | Elapsed time: 2830.5s [2025-02-17T06:52:50.399Z]
### Progress: 35056/180800 events | Elapsed time: 2835.4s [2025-02-17T06:52:55.368Z]
### Progress: 35115/180800 events | Elapsed time: 2840.5s [2025-02-17T06:53:00.434Z]
### Progress: 35173/180800 events | Elapsed time: 2845.4s [2025-02-17T06:53:05.370Z]
### Progress: 35223/180800 events | Elapsed time: 2850.4s [2025-02-17T06:53:10.370Z]
### Progress: 35283/180800 events | Elapsed time: 2855.5s [2025-02-17T06:53:15.384Z]
### Progress: 35343/180800 events | Elapsed time: 2860.5s [2025-02-17T06:53:20.403Z]
### Progress: 35396/180800 events | Elapsed time: 2865.4s [2025-02-17T06:53:25.372Z]
### Progress: 35455/180800 events | Elapsed time: 2870.4s [2025-02-17T06:53:30.373Z]
### Progress: 35513/180800 events | Elapsed time: 2875.4s [2025-02-17T06:53:35.374Z]
### Progress: 35563/180800 events | Elapsed time: 2880.4s [2025-02-17T06:53:40.376Z]
### Progress: 35623/180800 events | Elapsed time: 2885.5s [2025-02-17T06:53:45.389Z]
### Progress: 35682/180800 events | Elapsed time: 2890.5s [2025-02-17T06:53:50.407Z]
### Progress: 35735/180800 events | Elapsed time: 2895.5s [2025-02-17T06:53:55.378Z]
### Progress: 35793/180800 events | Elapsed time: 2900.5s [2025-02-17T06:54:00.378Z]
### Progress: 35850/180800 events | Elapsed time: 2905.5s [2025-02-17T06:54:05.458Z]
### Progress: 35903/180800 events | Elapsed time: 2910.5s [2025-02-17T06:54:10.380Z]
### Progress: 35956/180800 events | Elapsed time: 2915.5s [2025-02-17T06:54:15.392Z]
### Progress: 36015/180800 events | Elapsed time: 2920.5s [2025-02-17T06:54:20.410Z]
### Progress: 36067/180800 events | Elapsed time: 2925.5s [2025-02-17T06:54:25.381Z]
### Progress: 36123/180800 events | Elapsed time: 2930.5s [2025-02-17T06:54:30.380Z]
### Progress: 36182/180800 events | Elapsed time: 2935.5s [2025-02-17T06:54:35.382Z]
### Progress: 36235/180800 events | Elapsed time: 2940.5s [2025-02-17T06:54:40.380Z]
### Progress: 36295/180800 events | Elapsed time: 2945.5s [2025-02-17T06:54:45.396Z]
### Progress: 36347/180800 events | Elapsed time: 2950.5s [2025-02-17T06:54:50.382Z]
### Progress: 36403/180800 events | Elapsed time: 2955.5s [2025-02-17T06:54:55.383Z]
### Progress: 36462/180800 events | Elapsed time: 2960.5s [2025-02-17T06:55:00.383Z]
### Progress: 36515/180800 events | Elapsed time: 2965.5s [2025-02-17T06:55:05.466Z]
### Progress: 36573/180800 events | Elapsed time: 2970.5s [2025-02-17T06:55:10.387Z]
### Progress: 36627/180800 events | Elapsed time: 2975.5s [2025-02-17T06:55:15.400Z]
### Progress: 36682/180800 events | Elapsed time: 2980.5s [2025-02-17T06:55:20.388Z]
### Progress: 36742/180800 events | Elapsed time: 2985.5s [2025-02-17T06:55:25.436Z]
### Progress: 36795/180800 events | Elapsed time: 2990.5s [2025-02-17T06:55:30.389Z]
### Progress: 36853/180800 events | Elapsed time: 2995.5s [2025-02-17T06:55:35.389Z]
### Progress: 36903/180800 events | Elapsed time: 3000.5s [2025-02-17T06:55:40.390Z]
### Progress: 36963/180800 events | Elapsed time: 3005.5s [2025-02-17T06:55:45.404Z]
### Progress: 37016/180800 events | Elapsed time: 3010.5s [2025-02-17T06:55:50.392Z]
### Progress: 37075/180800 events | Elapsed time: 3015.5s [2025-02-17T06:55:55.393Z]
### Progress: 37135/180800 events | Elapsed time: 3020.5s [2025-02-17T06:56:00.459Z]
### Progress: 37187/180800 events | Elapsed time: 3025.5s [2025-02-17T06:56:05.392Z]
### Progress: 37242/180800 events | Elapsed time: 3030.5s [2025-02-17T06:56:10.394Z]
### Progress: 37302/180800 events | Elapsed time: 3035.5s [2025-02-17T06:56:15.407Z]
### Progress: 37355/180800 events | Elapsed time: 3040.5s [2025-02-17T06:56:20.391Z]
### Progress: 37413/180800 events | Elapsed time: 3045.5s [2025-02-17T06:56:25.395Z]
### Progress: 37467/180800 events | Elapsed time: 3050.5s [2025-02-17T06:56:30.396Z]
### Progress: 37523/180800 events | Elapsed time: 3055.5s [2025-02-17T06:56:35.396Z]
### Progress: 37576/180800 events | Elapsed time: 3060.5s [2025-02-17T06:56:40.397Z]
### Progress: 37636/180800 events | Elapsed time: 3065.5s [2025-02-17T06:56:45.412Z]
### Progress: 37693/180800 events | Elapsed time: 3070.5s [2025-02-17T06:56:50.398Z]
### Progress: 37747/180800 events | Elapsed time: 3075.5s [2025-02-17T06:56:55.399Z]
### Progress: 37803/180800 events | Elapsed time: 3080.5s [2025-02-17T06:57:00.401Z]
### Progress: 37863/180800 events | Elapsed time: 3085.5s [2025-02-17T06:57:05.400Z]
### Progress: 37916/180800 events | Elapsed time: 3090.5s [2025-02-17T06:57:10.402Z]
### Progress: 37976/180800 events | Elapsed time: 3095.5s [2025-02-17T06:57:15.417Z]
### Progress: 38035/180800 events | Elapsed time: 3100.5s [2025-02-17T06:57:20.401Z]
### Progress: 38093/180800 events | Elapsed time: 3105.5s [2025-02-17T06:57:25.403Z]
### Progress: 38153/180800 events | Elapsed time: 3110.5s [2025-02-17T06:57:30.404Z]
### Progress: 38203/180800 events | Elapsed time: 3115.6s [2025-02-17T06:57:35.486Z]
### Progress: 38262/180800 events | Elapsed time: 3120.5s [2025-02-17T06:57:40.405Z]
### Progress: 38315/180800 events | Elapsed time: 3125.6s [2025-02-17T06:57:45.520Z]
### Progress: 38373/180800 events | Elapsed time: 3130.5s [2025-02-17T06:57:50.438Z]
### Progress: 38423/180800 events | Elapsed time: 3135.5s [2025-02-17T06:57:55.456Z]
### Progress: 38476/180800 events | Elapsed time: 3140.5s [2025-02-17T06:58:00.419Z]
### Progress: 38540/180800 events | Elapsed time: 3145.6s [2025-02-17T06:58:05.489Z]
### Progress: 38595/180800 events | Elapsed time: 3150.6s [2025-02-17T06:58:10.508Z]
### Progress: 38643/180800 events | Elapsed time: 3155.5s [2025-02-17T06:58:15.423Z]
### Progress: 38703/180800 events | Elapsed time: 3160.5s [2025-02-17T06:58:20.443Z]
### Progress: 38756/180800 events | Elapsed time: 3165.5s [2025-02-17T06:58:25.410Z]
### Progress: 38815/180800 events | Elapsed time: 3170.5s [2025-02-17T06:58:30.411Z]
### Progress: 38873/180800 events | Elapsed time: 3175.6s [2025-02-17T06:58:35.493Z]
### Progress: 38927/180800 events | Elapsed time: 3180.5s [2025-02-17T06:58:40.412Z]
### Progress: 38982/180800 events | Elapsed time: 3185.5s [2025-02-17T06:58:45.426Z]
### Progress: 39042/180800 events | Elapsed time: 3190.5s [2025-02-17T06:58:50.439Z]
### Progress: 39095/180800 events | Elapsed time: 3195.5s [2025-02-17T06:58:55.461Z]
### Progress: 39153/180800 events | Elapsed time: 3200.5s [2025-02-17T06:59:00.411Z]
### Progress: 39205/180800 events | Elapsed time: 3205.6s [2025-02-17T06:59:05.498Z]
### Progress: 39262/180800 events | Elapsed time: 3210.5s [2025-02-17T06:59:10.415Z]
### Progress: 39315/180800 events | Elapsed time: 3215.5s [2025-02-17T06:59:15.430Z]
### Progress: 39373/180800 events | Elapsed time: 3220.5s [2025-02-17T06:59:20.416Z]
### Progress: 39434/180800 events | Elapsed time: 3225.5s [2025-02-17T06:59:25.466Z]
### Progress: 39493/180800 events | Elapsed time: 3230.5s [2025-02-17T06:59:30.419Z]
### Progress: 39543/180800 events | Elapsed time: 3235.6s [2025-02-17T06:59:35.501Z]
### Progress: 39603/180800 events | Elapsed time: 3240.5s [2025-02-17T06:59:40.421Z]
### Progress: 39658/180800 events | Elapsed time: 3245.5s [2025-02-17T06:59:45.434Z]
### Progress: 39713/180800 events | Elapsed time: 3250.5s [2025-02-17T06:59:50.421Z]
### Progress: 39769/180800 events | Elapsed time: 3255.5s [2025-02-17T06:59:55.423Z]
### Progress: 39823/180800 events | Elapsed time: 3260.5s [2025-02-17T07:00:00.448Z]
### Progress: 39878/180800 events | Elapsed time: 3265.5s [2025-02-17T07:00:05.423Z]
### Progress: 39932/180800 events | Elapsed time: 3270.5s [2025-02-17T07:00:10.424Z]
### Progress: 39988/180800 events | Elapsed time: 3275.5s [2025-02-17T07:00:15.443Z]
### Progress: 40040/180800 events | Elapsed time: 3280.5s [2025-02-17T07:00:20.428Z]
### Progress: 40097/180800 events | Elapsed time: 3285.5s [2025-02-17T07:00:25.474Z]
### Progress: 40153/180800 events | Elapsed time: 3290.5s [2025-02-17T07:00:30.427Z]
### Progress: 40208/180800 events | Elapsed time: 3295.6s [2025-02-17T07:00:35.509Z]
### Progress: 40261/180800 events | Elapsed time: 3300.5s [2025-02-17T07:00:40.426Z]
### Progress: 40316/180800 events | Elapsed time: 3305.5s [2025-02-17T07:00:45.443Z]
### Progress: 40370/180800 events | Elapsed time: 3310.5s [2025-02-17T07:00:50.428Z]
### Progress: 40428/180800 events | Elapsed time: 3315.5s [2025-02-17T07:00:55.429Z]
### Progress: 40488/180800 events | Elapsed time: 3320.5s [2025-02-17T07:01:00.430Z]
### Progress: 40542/180800 events | Elapsed time: 3325.6s [2025-02-17T07:01:05.513Z]
### Progress: 40596/180800 events | Elapsed time: 3330.5s [2025-02-17T07:01:10.432Z]
### Progress: 40653/180800 events | Elapsed time: 3335.6s [2025-02-17T07:01:15.549Z]
### Progress: 40710/180800 events | Elapsed time: 3340.5s [2025-02-17T07:01:20.449Z]
### Progress: 40769/180800 events | Elapsed time: 3345.6s [2025-02-17T07:01:25.482Z]
### Progress: 40828/180800 events | Elapsed time: 3350.5s [2025-02-17T07:01:30.434Z]
### Progress: 40882/180800 events | Elapsed time: 3355.6s [2025-02-17T07:01:35.517Z]
### Progress: 40936/180800 events | Elapsed time: 3360.5s [2025-02-17T07:01:40.435Z]
### Progress: 40990/180800 events | Elapsed time: 3365.5s [2025-02-17T07:01:45.451Z]
### Progress: 41050/180800 events | Elapsed time: 3370.5s [2025-02-17T07:01:50.448Z]
### Progress: 41109/180800 events | Elapsed time: 3375.6s [2025-02-17T07:01:55.486Z]
### Progress: 41168/180800 events | Elapsed time: 3380.5s [2025-02-17T07:02:00.439Z]
### Progress: 41223/180800 events | Elapsed time: 3385.6s [2025-02-17T07:02:05.521Z]
### Progress: 41276/180800 events | Elapsed time: 3390.5s [2025-02-17T07:02:10.440Z]
### Progress: 41330/180800 events | Elapsed time: 3395.5s [2025-02-17T07:02:15.454Z]
### Progress: 41390/180800 events | Elapsed time: 3400.5s [2025-02-17T07:02:20.450Z]
### Progress: 41448/180800 events | Elapsed time: 3405.5s [2025-02-17T07:02:25.440Z]
### Progress: 41508/180800 events | Elapsed time: 3410.5s [2025-02-17T07:02:30.443Z]
### Progress: 41564/180800 events | Elapsed time: 3415.6s [2025-02-17T07:02:35.525Z]
### Progress: 41621/180800 events | Elapsed time: 3420.5s [2025-02-17T07:02:40.445Z]
### Progress: 41676/180800 events | Elapsed time: 3425.5s [2025-02-17T07:02:45.460Z]
### Progress: 41730/180800 events | Elapsed time: 3430.5s [2025-02-17T07:02:50.463Z]
### Progress: 41785/180800 events | Elapsed time: 3435.6s [2025-02-17T07:02:55.496Z]
### Progress: 41844/180800 events | Elapsed time: 3440.5s [2025-02-17T07:03:00.445Z]
### Progress: 41896/180800 events | Elapsed time: 3445.5s [2025-02-17T07:03:05.447Z]
### Progress: 41950/180800 events | Elapsed time: 3450.5s [2025-02-17T07:03:10.447Z]
### Progress: 42010/180800 events | Elapsed time: 3455.5s [2025-02-17T07:03:15.463Z]
### Progress: 42064/180800 events | Elapsed time: 3460.5s [2025-02-17T07:03:20.451Z]
### Progress: 42124/180800 events | Elapsed time: 3465.5s [2025-02-17T07:03:25.449Z]
### Progress: 42181/180800 events | Elapsed time: 3470.6s [2025-02-17T07:03:30.515Z]
### Progress: 42236/180800 events | Elapsed time: 3475.5s [2025-02-17T07:03:35.452Z]
### Progress: 42293/180800 events | Elapsed time: 3480.5s [2025-02-17T07:03:40.450Z]
### Progress: 42348/180800 events | Elapsed time: 3485.5s [2025-02-17T07:03:45.467Z]
### Progress: 42408/180800 events | Elapsed time: 3490.5s [2025-02-17T07:03:50.458Z]
### Progress: 42465/180800 events | Elapsed time: 3495.6s [2025-02-17T07:03:55.502Z]
### Progress: 42521/180800 events | Elapsed time: 3500.6s [2025-02-17T07:04:00.521Z]
### Progress: 42576/180800 events | Elapsed time: 3505.5s [2025-02-17T07:04:05.453Z]
### Progress: 42633/180800 events | Elapsed time: 3510.5s [2025-02-17T07:04:10.454Z]
### Progress: 42688/180800 events | Elapsed time: 3515.5s [2025-02-17T07:04:15.471Z]
### Progress: 42748/180800 events | Elapsed time: 3520.5s [2025-02-17T07:04:20.454Z]
### Progress: 42808/180800 events | Elapsed time: 3525.5s [2025-02-17T07:04:25.455Z]
### Progress: 42864/180800 events | Elapsed time: 3530.5s [2025-02-17T07:04:30.469Z]
### Progress: 42916/180800 events | Elapsed time: 3535.6s [2025-02-17T07:04:35.542Z]
### Progress: 42973/180800 events | Elapsed time: 3540.5s [2025-02-17T07:04:40.459Z]
### Progress: 43030/180800 events | Elapsed time: 3545.5s [2025-02-17T07:04:45.475Z]
### Progress: 43088/180800 events | Elapsed time: 3550.5s [2025-02-17T07:04:50.458Z]
### Progress: 43144/180800 events | Elapsed time: 3555.5s [2025-02-17T07:04:55.461Z]
### Progress: 43204/180800 events | Elapsed time: 3560.5s [2025-02-17T07:05:00.461Z]
### Progress: 43258/180800 events | Elapsed time: 3565.6s [2025-02-17T07:05:05.546Z]
### Progress: 43313/180800 events | Elapsed time: 3570.5s [2025-02-17T07:05:10.463Z]
### Progress: 43373/180800 events | Elapsed time: 3575.6s [2025-02-17T07:05:15.479Z]
### Progress: 43430/180800 events | Elapsed time: 3580.5s [2025-02-17T07:05:20.473Z]
### Progress: 43484/180800 events | Elapsed time: 3585.5s [2025-02-17T07:05:25.466Z]
### Progress: 43541/180800 events | Elapsed time: 3590.5s [2025-02-17T07:05:30.465Z]
### Progress: 43593/180800 events | Elapsed time: 3595.6s [2025-02-17T07:05:35.550Z]
### Progress: 43650/180800 events | Elapsed time: 3600.5s [2025-02-17T07:05:40.466Z]
### Progress: 43708/180800 events | Elapsed time: 3605.6s [2025-02-17T07:05:45.482Z]
### Progress: 43764/180800 events | Elapsed time: 3610.5s [2025-02-17T07:05:50.469Z]
### Progress: 43822/180800 events | Elapsed time: 3615.6s [2025-02-17T07:05:55.521Z]
### Progress: 43876/180800 events | Elapsed time: 3620.6s [2025-02-17T07:06:00.537Z]
### Progress: 43930/180800 events | Elapsed time: 3625.6s [2025-02-17T07:06:05.554Z]
### Progress: 43988/180800 events | Elapsed time: 3630.5s [2025-02-17T07:06:10.471Z]
### Progress: 44044/180800 events | Elapsed time: 3635.6s [2025-02-17T07:06:15.487Z]
### Progress: 44104/180800 events | Elapsed time: 3640.5s [2025-02-17T07:06:20.473Z]
### Progress: 44156/180800 events | Elapsed time: 3645.5s [2025-02-17T07:06:25.472Z]
### Progress: 44213/180800 events | Elapsed time: 3650.5s [2025-02-17T07:06:30.472Z]
### Progress: 44268/180800 events | Elapsed time: 3655.6s [2025-02-17T07:06:35.558Z]
### Progress: 44328/180800 events | Elapsed time: 3660.5s [2025-02-17T07:06:40.473Z]
### Progress: 44384/180800 events | Elapsed time: 3665.6s [2025-02-17T07:06:45.491Z]
### Progress: 44444/180800 events | Elapsed time: 3670.5s [2025-02-17T07:06:50.475Z]
### Progress: 44499/180800 events | Elapsed time: 3675.6s [2025-02-17T07:06:55.527Z]
### Progress: 44553/180800 events | Elapsed time: 3680.6s [2025-02-17T07:07:00.477Z]
### Progress: 44612/180800 events | Elapsed time: 3685.6s [2025-02-17T07:07:05.563Z]
### Progress: 44670/180800 events | Elapsed time: 3690.6s [2025-02-17T07:07:10.479Z]
### Progress: 44730/180800 events | Elapsed time: 3695.6s [2025-02-17T07:07:15.496Z]
### Progress: 44784/180800 events | Elapsed time: 3700.6s [2025-02-17T07:07:20.513Z]
### Progress: 44844/180800 events | Elapsed time: 3705.6s [2025-02-17T07:07:25.533Z]
### Progress: 44896/180800 events | Elapsed time: 3710.6s [2025-02-17T07:07:30.483Z]
### Progress: 44953/180800 events | Elapsed time: 3715.6s [2025-02-17T07:07:35.567Z]
### Progress: 45013/180800 events | Elapsed time: 3720.6s [2025-02-17T07:07:40.485Z]
### Progress: 45073/180800 events | Elapsed time: 3725.6s [2025-02-17T07:07:45.500Z]
### Progress: 45130/180800 events | Elapsed time: 3730.6s [2025-02-17T07:07:50.518Z]
### Progress: 45186/180800 events | Elapsed time: 3735.6s [2025-02-17T07:07:55.485Z]
### Progress: 45242/180800 events | Elapsed time: 3740.6s [2025-02-17T07:08:00.486Z]
### Progress: 45300/180800 events | Elapsed time: 3745.6s [2025-02-17T07:08:05.572Z]
### Progress: 45356/180800 events | Elapsed time: 3750.6s [2025-02-17T07:08:10.488Z]
### Progress: 45416/180800 events | Elapsed time: 3755.6s [2025-02-17T07:08:15.505Z]
### Progress: 45469/180800 events | Elapsed time: 3760.6s [2025-02-17T07:08:20.521Z]
### Progress: 45526/180800 events | Elapsed time: 3765.6s [2025-02-17T07:08:25.489Z]
### Progress: 45583/180800 events | Elapsed time: 3770.7s [2025-02-17T07:08:30.659Z]
### Progress: 45640/180800 events | Elapsed time: 3775.6s [2025-02-17T07:08:35.575Z]
### Progress: 45696/180800 events | Elapsed time: 3780.6s [2025-02-17T07:08:40.490Z]
### Progress: 45752/180800 events | Elapsed time: 3785.6s [2025-02-17T07:08:45.492Z]
### Progress: 45809/180800 events | Elapsed time: 3790.6s [2025-02-17T07:08:50.525Z]
### Progress: 45866/180800 events | Elapsed time: 3795.6s [2025-02-17T07:08:55.546Z]
### Progress: 45922/180800 events | Elapsed time: 3800.6s [2025-02-17T07:09:00.495Z]
### Progress: 45980/180800 events | Elapsed time: 3805.7s [2025-02-17T07:09:05.580Z]
### Progress: 46040/180800 events | Elapsed time: 3810.6s [2025-02-17T07:09:10.494Z]
### Progress: 46092/180800 events | Elapsed time: 3815.6s [2025-02-17T07:09:15.512Z]
### Progress: 46149/180800 events | Elapsed time: 3820.6s [2025-02-17T07:09:20.499Z]
### Progress: 46206/180800 events | Elapsed time: 3825.6s [2025-02-17T07:09:25.497Z]
### Progress: 46262/180800 events | Elapsed time: 3830.6s [2025-02-17T07:09:30.497Z]
### Progress: 46321/180800 events | Elapsed time: 3835.7s [2025-02-17T07:09:35.584Z]
### Progress: 46376/180800 events | Elapsed time: 3840.6s [2025-02-17T07:09:40.498Z]
### Progress: 46432/180800 events | Elapsed time: 3845.6s [2025-02-17T07:09:45.507Z]
### Progress: 46489/180800 events | Elapsed time: 3850.6s [2025-02-17T07:09:50.534Z]
### Progress: 46549/180800 events | Elapsed time: 3855.6s [2025-02-17T07:09:55.559Z]
### Progress: 46602/180800 events | Elapsed time: 3860.6s [2025-02-17T07:10:00.501Z]
### Progress: 46655/180800 events | Elapsed time: 3865.6s [2025-02-17T07:10:05.501Z]
### Progress: 46712/180800 events | Elapsed time: 3870.6s [2025-02-17T07:10:10.499Z]
### Progress: 46772/180800 events | Elapsed time: 3875.6s [2025-02-17T07:10:15.524Z]
### Progress: 46832/180800 events | Elapsed time: 3880.6s [2025-02-17T07:10:20.541Z]
### Progress: 46889/180800 events | Elapsed time: 3885.6s [2025-02-17T07:10:25.557Z]
### Progress: 46939/180800 events | Elapsed time: 3890.6s [2025-02-17T07:10:30.502Z]
### Progress: 46998/180800 events | Elapsed time: 3895.7s [2025-02-17T07:10:35.592Z]
### Progress: 47056/180800 events | Elapsed time: 3900.6s [2025-02-17T07:10:40.503Z]
### Progress: 47112/180800 events | Elapsed time: 3905.6s [2025-02-17T07:10:45.526Z]
### Progress: 47172/180800 events | Elapsed time: 3910.6s [2025-02-17T07:10:50.543Z]
### Progress: 47232/180800 events | Elapsed time: 3915.6s [2025-02-17T07:10:55.562Z]
### Progress: 47279/180800 events | Elapsed time: 3920.6s [2025-02-17T07:11:00.509Z]
### Progress: 47339/180800 events | Elapsed time: 3925.7s [2025-02-17T07:11:05.596Z]
### Progress: 47399/180800 events | Elapsed time: 3930.6s [2025-02-17T07:11:10.506Z]
### Progress: 47458/180800 events | Elapsed time: 3935.6s [2025-02-17T07:11:15.531Z]
### Progress: 47514/180800 events | Elapsed time: 3940.6s [2025-02-17T07:11:20.547Z]
### Progress: 47572/180800 events | Elapsed time: 3945.6s [2025-02-17T07:11:25.512Z]
### Progress: 47632/180800 events | Elapsed time: 3950.7s [2025-02-17T07:11:30.584Z]
### Progress: 47682/180800 events | Elapsed time: 3956.1s [2025-02-17T07:11:35.993Z]
### Progress: 47733/180800 events | Elapsed time: 3960.7s [2025-02-17T07:11:40.619Z]
### Progress: 47792/180800 events | Elapsed time: 3965.6s [2025-02-17T07:11:45.534Z]
### Progress: 47848/180800 events | Elapsed time: 3970.6s [2025-02-17T07:11:50.552Z]
### Progress: 47908/180800 events | Elapsed time: 3975.6s [2025-02-17T07:11:55.571Z]
### Progress: 47958/180800 events | Elapsed time: 3980.6s [2025-02-17T07:12:00.513Z]
### Progress: 48016/180800 events | Elapsed time: 3985.7s [2025-02-17T07:12:05.606Z]
### Progress: 48072/180800 events | Elapsed time: 3990.7s [2025-02-17T07:12:10.623Z]
### Progress: 48132/180800 events | Elapsed time: 3995.6s [2025-02-17T07:12:15.540Z]
### Progress: 48188/180800 events | Elapsed time: 4000.6s [2025-02-17T07:12:20.556Z]
### Progress: 48248/180800 events | Elapsed time: 4005.6s [2025-02-17T07:12:25.576Z]
### Progress: 48298/180800 events | Elapsed time: 4010.6s [2025-02-17T07:12:30.518Z]
### Progress: 48352/180800 events | Elapsed time: 4015.6s [2025-02-17T07:12:35.516Z]
### Progress: 48408/180800 events | Elapsed time: 4020.7s [2025-02-17T07:12:40.628Z]
### Progress: 48459/180800 events | Elapsed time: 4025.6s [2025-02-17T07:12:45.520Z]
### Progress: 48516/180800 events | Elapsed time: 4030.6s [2025-02-17T07:12:50.561Z]
### Progress: 48572/180800 events | Elapsed time: 4035.9s [2025-02-17T07:12:55.794Z]
### Progress: 48618/180800 events | Elapsed time: 4040.7s [2025-02-17T07:13:00.597Z]
### Progress: 48676/180800 events | Elapsed time: 4045.7s [2025-02-17T07:13:05.614Z]
### Progress: 48733/180800 events | Elapsed time: 4050.7s [2025-02-17T07:13:10.632Z]
### Progress: 48792/180800 events | Elapsed time: 4055.6s [2025-02-17T07:13:15.547Z]
### Progress: 48848/180800 events | Elapsed time: 4060.6s [2025-02-17T07:13:20.523Z]
### Progress: 48900/180800 events | Elapsed time: 4065.7s [2025-02-17T07:13:25.583Z]
### Progress: 48958/180800 events | Elapsed time: 4070.7s [2025-02-17T07:13:30.601Z]
### Progress: 49018/180800 events | Elapsed time: 4075.7s [2025-02-17T07:13:35.619Z]
### Progress: 49072/180800 events | Elapsed time: 4080.6s [2025-02-17T07:13:40.533Z]
### Progress: 49128/180800 events | Elapsed time: 4085.6s [2025-02-17T07:13:45.551Z]
### Progress: 49180/180800 events | Elapsed time: 4090.6s [2025-02-17T07:13:50.569Z]
### Progress: 49238/180800 events | Elapsed time: 4095.6s [2025-02-17T07:13:55.530Z]
### Progress: 49296/180800 events | Elapsed time: 4100.7s [2025-02-17T07:14:00.605Z]
### Progress: 49352/180800 events | Elapsed time: 4105.6s [2025-02-17T07:14:05.533Z]
### Progress: 49412/180800 events | Elapsed time: 4110.7s [2025-02-17T07:14:10.641Z]
### Progress: 49469/180800 events | Elapsed time: 4115.6s [2025-02-17T07:14:15.556Z]
### Progress: 49519/180800 events | Elapsed time: 4120.6s [2025-02-17T07:14:20.573Z]
### Progress: 49578/180800 events | Elapsed time: 4125.7s [2025-02-17T07:14:25.591Z]
### Progress: 49636/180800 events | Elapsed time: 4130.7s [2025-02-17T07:14:30.609Z]
### Progress: 49693/180800 events | Elapsed time: 4135.7s [2025-02-17T07:14:35.627Z]
### Progress: 49752/180800 events | Elapsed time: 4140.7s [2025-02-17T07:14:40.646Z]
### Progress: 49808/180800 events | Elapsed time: 4145.6s [2025-02-17T07:14:45.560Z]
### Progress: 49858/180800 events | Elapsed time: 4150.6s [2025-02-17T07:14:50.577Z]
### Progress: 49918/180800 events | Elapsed time: 4155.7s [2025-02-17T07:14:55.597Z]
### Progress: 49976/180800 events | Elapsed time: 4160.7s [2025-02-17T07:15:00.613Z]
### Progress: 50032/180800 events | Elapsed time: 4165.7s [2025-02-17T07:15:05.632Z]
### Progress: 50092/180800 events | Elapsed time: 4170.7s [2025-02-17T07:15:10.649Z]
### Progress: 50148/180800 events | Elapsed time: 4175.6s [2025-02-17T07:15:15.564Z]
### Progress: 50198/180800 events | Elapsed time: 4180.7s [2025-02-17T07:15:20.582Z]
### Progress: 50258/180800 events | Elapsed time: 4185.7s [2025-02-17T07:15:25.600Z]
### Progress: 50316/180800 events | Elapsed time: 4190.7s [2025-02-17T07:15:30.618Z]
### Progress: 50372/180800 events | Elapsed time: 4195.7s [2025-02-17T07:15:35.636Z]
### Progress: 50428/180800 events | Elapsed time: 4200.6s [2025-02-17T07:15:40.543Z]
### Progress: 50479/180800 events | Elapsed time: 4205.6s [2025-02-17T07:15:45.570Z]
### Progress: 50538/180800 events | Elapsed time: 4210.6s [2025-02-17T07:15:50.548Z]
### Progress: 50598/180800 events | Elapsed time: 4215.6s [2025-02-17T07:15:55.549Z]
### Progress: 50656/180800 events | Elapsed time: 4220.7s [2025-02-17T07:16:00.623Z]
### Progress: 50712/180800 events | Elapsed time: 4225.6s [2025-02-17T07:16:05.547Z]
### Progress: 50771/180800 events | Elapsed time: 4230.6s [2025-02-17T07:16:10.554Z]
### Progress: 50829/180800 events | Elapsed time: 4235.6s [2025-02-17T07:16:15.573Z]
### Progress: 50878/180800 events | Elapsed time: 4240.6s [2025-02-17T07:16:20.552Z]
### Progress: 50938/180800 events | Elapsed time: 4245.8s [2025-02-17T07:16:25.708Z]
### Progress: 50998/180800 events | Elapsed time: 4250.7s [2025-02-17T07:16:30.624Z]
### Progress: 51052/180800 events | Elapsed time: 4255.7s [2025-02-17T07:16:35.640Z]
### Progress: 51109/180800 events | Elapsed time: 4260.6s [2025-02-17T07:16:40.553Z]
### Progress: 51166/180800 events | Elapsed time: 4265.6s [2025-02-17T07:16:45.572Z]
### Progress: 51218/180800 events | Elapsed time: 4270.6s [2025-02-17T07:16:50.555Z]
### Progress: 51278/180800 events | Elapsed time: 4275.7s [2025-02-17T07:16:55.605Z]
### Progress: 51336/180800 events | Elapsed time: 4280.7s [2025-02-17T07:17:00.625Z]
### Progress: 51392/180800 events | Elapsed time: 4285.7s [2025-02-17T07:17:05.640Z]
### Progress: 51449/180800 events | Elapsed time: 4290.7s [2025-02-17T07:17:10.657Z]
### Progress: 51509/180800 events | Elapsed time: 4295.6s [2025-02-17T07:17:15.573Z]
### Progress: 51558/180800 events | Elapsed time: 4300.7s [2025-02-17T07:17:20.590Z]
### Progress: 51618/180800 events | Elapsed time: 4305.7s [2025-02-17T07:17:25.606Z]
### Progress: 51676/180800 events | Elapsed time: 4310.7s [2025-02-17T07:17:30.624Z]
### Progress: 51736/180800 events | Elapsed time: 4315.6s [2025-02-17T07:17:35.559Z]
### Progress: 51789/180800 events | Elapsed time: 4320.7s [2025-02-17T07:17:40.659Z]
### Progress: 51842/180800 events | Elapsed time: 4325.6s [2025-02-17T07:17:45.575Z]
### Progress: 51898/180800 events | Elapsed time: 4330.7s [2025-02-17T07:17:50.591Z]
### Progress: 51956/180800 events | Elapsed time: 4335.7s [2025-02-17T07:17:55.608Z]
### Progress: 52012/180800 events | Elapsed time: 4340.6s [2025-02-17T07:18:00.562Z]
### Progress: 52065/180800 events | Elapsed time: 4345.6s [2025-02-17T07:18:05.560Z]
### Progress: 52118/180800 events | Elapsed time: 4350.7s [2025-02-17T07:18:10.660Z]
### Progress: 52178/180800 events | Elapsed time: 4355.8s [2025-02-17T07:18:15.677Z]
### Progress: 52236/180800 events | Elapsed time: 4360.7s [2025-02-17T07:18:20.591Z]
### Progress: 52296/180800 events | Elapsed time: 4365.7s [2025-02-17T07:18:25.614Z]
### Progress: 52349/180800 events | Elapsed time: 4370.7s [2025-02-17T07:18:30.626Z]
### Progress: 52405/180800 events | Elapsed time: 4375.7s [2025-02-17T07:18:35.644Z]
### Progress: 52458/180800 events | Elapsed time: 4380.7s [2025-02-17T07:18:40.661Z]
### Progress: 52518/180800 events | Elapsed time: 4385.6s [2025-02-17T07:18:45.577Z]
### Progress: 52572/180800 events | Elapsed time: 4390.8s [2025-02-17T07:18:50.696Z]
### Progress: 52632/180800 events | Elapsed time: 4395.6s [2025-02-17T07:18:55.568Z]
### Progress: 52689/180800 events | Elapsed time: 4400.7s [2025-02-17T07:19:00.627Z]
### Progress: 52745/180800 events | Elapsed time: 4405.7s [2025-02-17T07:19:05.645Z]
### Progress: 52798/180800 events | Elapsed time: 4410.7s [2025-02-17T07:19:10.662Z]
### Progress: 52858/180800 events | Elapsed time: 4415.7s [2025-02-17T07:19:15.578Z]
### Progress: 52912/180800 events | Elapsed time: 4420.7s [2025-02-17T07:19:20.594Z]
### Progress: 52969/180800 events | Elapsed time: 4425.6s [2025-02-17T07:19:25.572Z]
### Progress: 53026/180800 events | Elapsed time: 4430.7s [2025-02-17T07:19:30.628Z]
### Progress: 53078/180800 events | Elapsed time: 4435.7s [2025-02-17T07:19:35.646Z]
### Progress: 53138/180800 events | Elapsed time: 4440.7s [2025-02-17T07:19:40.664Z]
### Progress: 53198/180800 events | Elapsed time: 4445.8s [2025-02-17T07:19:45.681Z]
### Progress: 53252/180800 events | Elapsed time: 4450.6s [2025-02-17T07:19:50.576Z]
### Progress: 53309/180800 events | Elapsed time: 4455.7s [2025-02-17T07:19:55.582Z]
### Progress: 53366/180800 events | Elapsed time: 4460.7s [2025-02-17T07:20:00.631Z]
### Progress: 53418/180800 events | Elapsed time: 4465.7s [2025-02-17T07:20:05.648Z]
### Progress: 53478/180800 events | Elapsed time: 4470.7s [2025-02-17T07:20:10.665Z]
### Progress: 53536/180800 events | Elapsed time: 4475.8s [2025-02-17T07:20:15.683Z]
### Progress: 53592/180800 events | Elapsed time: 4480.7s [2025-02-17T07:20:20.581Z]
### Progress: 53649/180800 events | Elapsed time: 4485.7s [2025-02-17T07:20:25.614Z]
### Progress: 53709/180800 events | Elapsed time: 4490.8s [2025-02-17T07:20:30.739Z]
### Progress: 53758/180800 events | Elapsed time: 4495.7s [2025-02-17T07:20:35.651Z]
### Progress: 53816/180800 events | Elapsed time: 4500.7s [2025-02-17T07:20:40.666Z]
### Progress: 53876/180800 events | Elapsed time: 4505.7s [2025-02-17T07:20:45.585Z]
### Progress: 53932/180800 events | Elapsed time: 4510.7s [2025-02-17T07:20:50.583Z]
### Progress: 53989/180800 events | Elapsed time: 4515.7s [2025-02-17T07:20:55.618Z]
### Progress: 54049/180800 events | Elapsed time: 4520.7s [2025-02-17T07:21:00.599Z]
### Progress: 54099/180800 events | Elapsed time: 4525.7s [2025-02-17T07:21:05.651Z]
### Progress: 54158/180800 events | Elapsed time: 4530.7s [2025-02-17T07:21:10.669Z]
### Progress: 54216/180800 events | Elapsed time: 4535.8s [2025-02-17T07:21:15.685Z]
### Progress: 54275/180800 events | Elapsed time: 4540.7s [2025-02-17T07:21:20.601Z]
### Progress: 54331/180800 events | Elapsed time: 4545.7s [2025-02-17T07:21:25.618Z]
### Progress: 54385/180800 events | Elapsed time: 4550.7s [2025-02-17T07:21:30.635Z]
### Progress: 54445/180800 events | Elapsed time: 4555.7s [2025-02-17T07:21:35.653Z]
### Progress: 54498/180800 events | Elapsed time: 4560.7s [2025-02-17T07:21:40.670Z]
### Progress: 54558/180800 events | Elapsed time: 4565.8s [2025-02-17T07:21:45.689Z]
### Progress: 54612/180800 events | Elapsed time: 4570.7s [2025-02-17T07:21:50.594Z]
### Progress: 54669/180800 events | Elapsed time: 4575.7s [2025-02-17T07:21:55.620Z]
### Progress: 54729/180800 events | Elapsed time: 4580.7s [2025-02-17T07:22:00.639Z]
### Progress: 54780/180800 events | Elapsed time: 4585.7s [2025-02-17T07:22:05.655Z]
### Progress: 54838/180800 events | Elapsed time: 4590.7s [2025-02-17T07:22:10.672Z]
### Progress: 54896/180800 events | Elapsed time: 4595.8s [2025-02-17T07:22:15.689Z]
### Progress: 54952/180800 events | Elapsed time: 4600.7s [2025-02-17T07:22:20.596Z]
### Progress: 55005/180800 events | Elapsed time: 4605.7s [2025-02-17T07:22:25.623Z]
### Progress: 55058/180800 events | Elapsed time: 4610.7s [2025-02-17T07:22:30.640Z]
### Progress: 55117/180800 events | Elapsed time: 4615.7s [2025-02-17T07:22:35.657Z]
### Progress: 55176/180800 events | Elapsed time: 4620.7s [2025-02-17T07:22:40.675Z]
### Progress: 55229/180800 events | Elapsed time: 4625.8s [2025-02-17T07:22:45.692Z]
### Progress: 55280/180800 events | Elapsed time: 4630.8s [2025-02-17T07:22:50.710Z]
### Progress: 55332/180800 events | Elapsed time: 4635.7s [2025-02-17T07:22:55.624Z]
### Progress: 55385/180800 events | Elapsed time: 4640.7s [2025-02-17T07:23:00.643Z]
### Progress: 55445/180800 events | Elapsed time: 4645.7s [2025-02-17T07:23:05.660Z]
### Progress: 55498/180800 events | Elapsed time: 4650.8s [2025-02-17T07:23:10.682Z]
### Progress: 55558/180800 events | Elapsed time: 4655.8s [2025-02-17T07:23:15.694Z]
### Progress: 55612/180800 events | Elapsed time: 4660.7s [2025-02-17T07:23:20.609Z]
### Progress: 55669/180800 events | Elapsed time: 4665.7s [2025-02-17T07:23:25.628Z]
### Progress: 55725/180800 events | Elapsed time: 4670.7s [2025-02-17T07:23:30.643Z]
### Progress: 55780/180800 events | Elapsed time: 4675.7s [2025-02-17T07:23:35.661Z]
### Progress: 55838/180800 events | Elapsed time: 4680.8s [2025-02-17T07:23:40.679Z]
### Progress: 55898/180800 events | Elapsed time: 4685.8s [2025-02-17T07:23:45.696Z]
### Progress: 55952/180800 events | Elapsed time: 4690.7s [2025-02-17T07:23:50.610Z]
### Progress: 56012/180800 events | Elapsed time: 4695.7s [2025-02-17T07:23:55.634Z]
### Progress: 56069/180800 events | Elapsed time: 4700.7s [2025-02-17T07:24:00.648Z]
### Progress: 56125/180800 events | Elapsed time: 4705.7s [2025-02-17T07:24:05.665Z]
### Progress: 56178/180800 events | Elapsed time: 4710.8s [2025-02-17T07:24:10.681Z]
### Progress: 56238/180800 events | Elapsed time: 4715.7s [2025-02-17T07:24:15.606Z]
### Progress: 56296/180800 events | Elapsed time: 4720.7s [2025-02-17T07:24:20.606Z]
### Progress: 56355/180800 events | Elapsed time: 4725.7s [2025-02-17T07:24:25.631Z]
### Progress: 56412/180800 events | Elapsed time: 4730.7s [2025-02-17T07:24:30.650Z]
### Progress: 56466/180800 events | Elapsed time: 4735.7s [2025-02-17T07:24:35.666Z]
### Progress: 56518/180800 events | Elapsed time: 4740.8s [2025-02-17T07:24:40.683Z]
### Progress: 56578/180800 events | Elapsed time: 4745.8s [2025-02-17T07:24:45.701Z]
### Progress: 56636/180800 events | Elapsed time: 4750.8s [2025-02-17T07:24:50.718Z]
### Progress: 56692/180800 events | Elapsed time: 4755.7s [2025-02-17T07:24:55.635Z]
### Progress: 56745/180800 events | Elapsed time: 4760.7s [2025-02-17T07:25:00.651Z]
### Progress: 56805/180800 events | Elapsed time: 4765.7s [2025-02-17T07:25:05.671Z]
### Progress: 56858/180800 events | Elapsed time: 4770.8s [2025-02-17T07:25:10.688Z]
### Progress: 56918/180800 events | Elapsed time: 4775.7s [2025-02-17T07:25:15.614Z]
### Progress: 56973/180800 events | Elapsed time: 4780.8s [2025-02-17T07:25:20.722Z]
### Progress: 57029/180800 events | Elapsed time: 4785.7s [2025-02-17T07:25:25.637Z]
### Progress: 57085/180800 events | Elapsed time: 4790.7s [2025-02-17T07:25:30.657Z]
### Progress: 57138/180800 events | Elapsed time: 4795.7s [2025-02-17T07:25:35.672Z]
### Progress: 57196/180800 events | Elapsed time: 4800.8s [2025-02-17T07:25:40.688Z]
### Progress: 57252/180800 events | Elapsed time: 4805.8s [2025-02-17T07:25:45.706Z]
### Progress: 57309/180800 events | Elapsed time: 4810.7s [2025-02-17T07:25:50.626Z]
### Progress: 57362/180800 events | Elapsed time: 4815.7s [2025-02-17T07:25:55.638Z]
### Progress: 57418/180800 events | Elapsed time: 4820.7s [2025-02-17T07:26:00.658Z]
### Progress: 57476/180800 events | Elapsed time: 4825.7s [2025-02-17T07:26:05.673Z]
### Progress: 57536/180800 events | Elapsed time: 4830.8s [2025-02-17T07:26:10.693Z]
### Progress: 57592/180800 events | Elapsed time: 4835.7s [2025-02-17T07:26:15.624Z]
### Progress: 57646/180800 events | Elapsed time: 4840.8s [2025-02-17T07:26:20.728Z]
### Progress: 57698/180800 events | Elapsed time: 4845.7s [2025-02-17T07:26:25.644Z]
### Progress: 57757/180800 events | Elapsed time: 4850.7s [2025-02-17T07:26:30.660Z]
### Progress: 57812/180800 events | Elapsed time: 4855.7s [2025-02-17T07:26:35.676Z]
### Progress: 57872/180800 events | Elapsed time: 4860.8s [2025-02-17T07:26:40.695Z]
### Progress: 57929/180800 events | Elapsed time: 4865.7s [2025-02-17T07:26:45.625Z]
### Progress: 57978/180800 events | Elapsed time: 4870.7s [2025-02-17T07:26:50.628Z]
### Progress: 58038/180800 events | Elapsed time: 4875.7s [2025-02-17T07:26:55.644Z]
### Progress: 58098/180800 events | Elapsed time: 4880.7s [2025-02-17T07:27:00.668Z]
### Progress: 58158/180800 events | Elapsed time: 4885.8s [2025-02-17T07:27:05.681Z]
### Progress: 58212/180800 events | Elapsed time: 4890.8s [2025-02-17T07:27:10.696Z]
### Progress: 58269/180800 events | Elapsed time: 4895.8s [2025-02-17T07:27:15.714Z]
### Progress: 58325/180800 events | Elapsed time: 4900.7s [2025-02-17T07:27:20.630Z]
### Progress: 58378/180800 events | Elapsed time: 4905.7s [2025-02-17T07:27:25.648Z]
### Progress: 58438/180800 events | Elapsed time: 4910.7s [2025-02-17T07:27:30.667Z]
### Progress: 58496/180800 events | Elapsed time: 4915.8s [2025-02-17T07:27:35.685Z]
### Progress: 58549/180800 events | Elapsed time: 4920.8s [2025-02-17T07:27:40.700Z]
### Progress: 58606/180800 events | Elapsed time: 4925.8s [2025-02-17T07:27:45.719Z]
### Progress: 58658/180800 events | Elapsed time: 4930.7s [2025-02-17T07:27:50.637Z]
### Progress: 58716/180800 events | Elapsed time: 4935.7s [2025-02-17T07:27:55.650Z]
### Progress: 58772/180800 events | Elapsed time: 4940.7s [2025-02-17T07:28:00.654Z]
### Progress: 58826/180800 events | Elapsed time: 4945.8s [2025-02-17T07:28:05.685Z]
### Progress: 58878/180800 events | Elapsed time: 4950.8s [2025-02-17T07:28:10.706Z]
### Progress: 58938/180800 events | Elapsed time: 4955.8s [2025-02-17T07:28:15.720Z]
### Progress: 58998/180800 events | Elapsed time: 4960.7s [2025-02-17T07:28:20.641Z]
### Progress: 59055/180800 events | Elapsed time: 4965.7s [2025-02-17T07:28:25.653Z]
### Progress: 59112/180800 events | Elapsed time: 4970.7s [2025-02-17T07:28:30.670Z]
### Progress: 59169/180800 events | Elapsed time: 4975.8s [2025-02-17T07:28:35.689Z]
### Progress: 59218/180800 events | Elapsed time: 4980.8s [2025-02-17T07:28:40.706Z]
### Progress: 59278/180800 events | Elapsed time: 4985.7s [2025-02-17T07:28:45.642Z]
### Progress: 59332/180800 events | Elapsed time: 4990.8s [2025-02-17T07:28:50.742Z]
### Progress: 59389/180800 events | Elapsed time: 4995.7s [2025-02-17T07:28:55.658Z]
### Progress: 59448/180800 events | Elapsed time: 5000.7s [2025-02-17T07:29:00.674Z]
### Progress: 59506/180800 events | Elapsed time: 5005.8s [2025-02-17T07:29:05.691Z]
### Progress: 59558/180800 events | Elapsed time: 5010.8s [2025-02-17T07:29:10.708Z]
### Progress: 59617/180800 events | Elapsed time: 5015.7s [2025-02-17T07:29:15.646Z]
### Progress: 59672/180800 events | Elapsed time: 5020.8s [2025-02-17T07:29:20.744Z]
### Progress: 59727/180800 events | Elapsed time: 5025.7s [2025-02-17T07:29:25.660Z]
### Progress: 59781/180800 events | Elapsed time: 5030.8s [2025-02-17T07:29:30.677Z]
### Progress: 59833/180800 events | Elapsed time: 5035.8s [2025-02-17T07:29:35.696Z]
### Progress: 59892/180800 events | Elapsed time: 5040.8s [2025-02-17T07:29:40.713Z]
### Progress: 59952/180800 events | Elapsed time: 5045.7s [2025-02-17T07:29:45.650Z]
### Progress: 60003/180800 events | Elapsed time: 5050.8s [2025-02-17T07:29:50.747Z]
### Progress: 60054/180800 events | Elapsed time: 5055.7s [2025-02-17T07:29:55.652Z]
### Progress: 60105/180800 events | Elapsed time: 5060.8s [2025-02-17T07:30:00.682Z]
### Progress: 60164/180800 events | Elapsed time: 5065.8s [2025-02-17T07:30:05.699Z]
### Progress: 60222/180800 events | Elapsed time: 5070.8s [2025-02-17T07:30:10.716Z]
### Progress: 60270/180800 events | Elapsed time: 5075.7s [2025-02-17T07:30:15.651Z]
### Progress: 60327/180800 events | Elapsed time: 5080.8s [2025-02-17T07:30:20.749Z]
### Progress: 60380/180800 events | Elapsed time: 5085.7s [2025-02-17T07:30:25.664Z]
### Progress: 60439/180800 events | Elapsed time: 5090.8s [2025-02-17T07:30:30.684Z]
### Progress: 60498/180800 events | Elapsed time: 5095.7s [2025-02-17T07:30:35.659Z]
### Progress: 60558/180800 events | Elapsed time: 5100.8s [2025-02-17T07:30:40.719Z]
### Progress: 60610/180800 events | Elapsed time: 5105.8s [2025-02-17T07:30:45.735Z]
### Progress: 60667/180800 events | Elapsed time: 5110.8s [2025-02-17T07:30:50.752Z]
### Progress: 60720/180800 events | Elapsed time: 5115.8s [2025-02-17T07:30:55.776Z]
### Progress: 60779/180800 events | Elapsed time: 5120.8s [2025-02-17T07:31:00.685Z]
### Progress: 60839/180800 events | Elapsed time: 5125.8s [2025-02-17T07:31:05.703Z]
### Progress: 60897/180800 events | Elapsed time: 5130.8s [2025-02-17T07:31:10.720Z]
### Progress: 60950/180800 events | Elapsed time: 5135.8s [2025-02-17T07:31:15.738Z]
### Progress: 61007/180800 events | Elapsed time: 5140.7s [2025-02-17T07:31:20.667Z]
### Progress: 61067/180800 events | Elapsed time: 5145.7s [2025-02-17T07:31:25.672Z]
### Progress: 61120/180800 events | Elapsed time: 5150.8s [2025-02-17T07:31:30.689Z]
### Progress: 61179/180800 events | Elapsed time: 5155.8s [2025-02-17T07:31:35.706Z]
### Progress: 61238/180800 events | Elapsed time: 5160.8s [2025-02-17T07:31:40.725Z]
### Progress: 61290/180800 events | Elapsed time: 5165.8s [2025-02-17T07:31:45.743Z]
### Progress: 61347/180800 events | Elapsed time: 5170.8s [2025-02-17T07:31:50.689Z]
### Progress: 61399/180800 events | Elapsed time: 5176.0s [2025-02-17T07:31:55.880Z]
### Progress: 61458/180800 events | Elapsed time: 5180.8s [2025-02-17T07:32:00.693Z]
### Progress: 61517/180800 events | Elapsed time: 5185.7s [2025-02-17T07:32:05.663Z]
### Progress: 61570/180800 events | Elapsed time: 5190.8s [2025-02-17T07:32:10.730Z]
### Progress: 61627/180800 events | Elapsed time: 5195.7s [2025-02-17T07:32:15.663Z]
### Progress: 61679/180800 events | Elapsed time: 5200.7s [2025-02-17T07:32:20.663Z]
### Progress: 61738/180800 events | Elapsed time: 5205.8s [2025-02-17T07:32:25.681Z]
### Progress: 61791/180800 events | Elapsed time: 5210.8s [2025-02-17T07:32:30.694Z]
### Progress: 61847/180800 events | Elapsed time: 5215.8s [2025-02-17T07:32:35.714Z]
### Progress: 61900/180800 events | Elapsed time: 5220.7s [2025-02-17T07:32:40.666Z]
### Progress: 61959/180800 events | Elapsed time: 5225.8s [2025-02-17T07:32:45.736Z]
### Progress: 62018/180800 events | Elapsed time: 5230.7s [2025-02-17T07:32:50.669Z]
### Progress: 62077/180800 events | Elapsed time: 5235.8s [2025-02-17T07:32:55.680Z]
### Progress: 62136/180800 events | Elapsed time: 5240.8s [2025-02-17T07:33:00.699Z]
### Progress: 62187/180800 events | Elapsed time: 5245.8s [2025-02-17T07:33:05.717Z]
### Progress: 62239/180800 events | Elapsed time: 5250.7s [2025-02-17T07:33:10.668Z]
### Progress: 62298/180800 events | Elapsed time: 5255.7s [2025-02-17T07:33:15.670Z]
### Progress: 62356/180800 events | Elapsed time: 5260.7s [2025-02-17T07:33:20.672Z]
### Progress: 62410/180800 events | Elapsed time: 5265.8s [2025-02-17T07:33:25.685Z]
### Progress: 62460/180800 events | Elapsed time: 5270.8s [2025-02-17T07:33:30.703Z]
### Progress: 62519/180800 events | Elapsed time: 5275.8s [2025-02-17T07:33:35.719Z]
### Progress: 62578/180800 events | Elapsed time: 5280.8s [2025-02-17T07:33:40.737Z]
### Progress: 62630/180800 events | Elapsed time: 5285.8s [2025-02-17T07:33:45.751Z]
### Progress: 62690/180800 events | Elapsed time: 5290.7s [2025-02-17T07:33:50.672Z]
### Progress: 62747/180800 events | Elapsed time: 5295.8s [2025-02-17T07:33:55.690Z]
### Progress: 62799/180800 events | Elapsed time: 5300.8s [2025-02-17T07:34:00.706Z]
### Progress: 62858/180800 events | Elapsed time: 5305.7s [2025-02-17T07:34:05.674Z]
### Progress: 62918/180800 events | Elapsed time: 5310.8s [2025-02-17T07:34:10.743Z]
### Progress: 62970/180800 events | Elapsed time: 5315.8s [2025-02-17T07:34:15.761Z]
### Progress: 63027/180800 events | Elapsed time: 5320.7s [2025-02-17T07:34:20.675Z]
### Progress: 63079/180800 events | Elapsed time: 5325.8s [2025-02-17T07:34:25.693Z]
### Progress: 63139/180800 events | Elapsed time: 5330.8s [2025-02-17T07:34:30.709Z]
### Progress: 63196/180800 events | Elapsed time: 5335.7s [2025-02-17T07:34:35.676Z]
### Progress: 63250/180800 events | Elapsed time: 5340.7s [2025-02-17T07:34:40.676Z]
### Progress: 63307/180800 events | Elapsed time: 5345.8s [2025-02-17T07:34:45.752Z]
### Progress: 63359/180800 events | Elapsed time: 5350.8s [2025-02-17T07:34:50.678Z]
### Progress: 63419/180800 events | Elapsed time: 5355.8s [2025-02-17T07:34:55.696Z]
### Progress: 63476/180800 events | Elapsed time: 5360.8s [2025-02-17T07:35:00.713Z]
### Progress: 63529/180800 events | Elapsed time: 5365.8s [2025-02-17T07:35:05.735Z]
### Progress: 63587/180800 events | Elapsed time: 5370.8s [2025-02-17T07:35:10.749Z]
### Progress: 63639/180800 events | Elapsed time: 5375.8s [2025-02-17T07:35:15.679Z]
### Progress: 63699/180800 events | Elapsed time: 5380.8s [2025-02-17T07:35:20.681Z]
### Progress: 63757/180800 events | Elapsed time: 5385.8s [2025-02-17T07:35:25.700Z]
### Progress: 63811/180800 events | Elapsed time: 5390.8s [2025-02-17T07:35:30.718Z]
### Progress: 63867/180800 events | Elapsed time: 5395.8s [2025-02-17T07:35:35.734Z]
### Progress: 63919/180800 events | Elapsed time: 5400.8s [2025-02-17T07:35:40.752Z]
### Progress: 63977/180800 events | Elapsed time: 5405.8s [2025-02-17T07:35:45.681Z]
### Progress: 64036/180800 events | Elapsed time: 5410.8s [2025-02-17T07:35:50.687Z]
### Progress: 64089/180800 events | Elapsed time: 5415.8s [2025-02-17T07:35:55.701Z]
### Progress: 64148/180800 events | Elapsed time: 5420.8s [2025-02-17T07:36:00.719Z]
### Progress: 64204/180800 events | Elapsed time: 5425.8s [2025-02-17T07:36:05.736Z]
### Progress: 64259/180800 events | Elapsed time: 5430.8s [2025-02-17T07:36:10.755Z]
### Progress: 64317/180800 events | Elapsed time: 5435.8s [2025-02-17T07:36:15.772Z]
### Progress: 64376/180800 events | Elapsed time: 5440.8s [2025-02-17T07:36:20.688Z]
### Progress: 64429/180800 events | Elapsed time: 5445.8s [2025-02-17T07:36:25.706Z]
### Progress: 64479/180800 events | Elapsed time: 5450.8s [2025-02-17T07:36:30.687Z]
### Progress: 64539/180800 events | Elapsed time: 5455.8s [2025-02-17T07:36:35.740Z]
### Progress: 64597/180800 events | Elapsed time: 5460.8s [2025-02-17T07:36:40.685Z]
### Progress: 64656/180800 events | Elapsed time: 5465.8s [2025-02-17T07:36:45.686Z]
### Progress: 64709/180800 events | Elapsed time: 5470.8s [2025-02-17T07:36:50.691Z]
### Progress: 64763/180800 events | Elapsed time: 5475.8s [2025-02-17T07:36:55.709Z]
### Progress: 64819/180800 events | Elapsed time: 5480.8s [2025-02-17T07:37:00.726Z]
### Progress: 64877/180800 events | Elapsed time: 5485.8s [2025-02-17T07:37:05.685Z]
### Progress: 64936/180800 events | Elapsed time: 5490.8s [2025-02-17T07:37:10.689Z]
### Progress: 64989/180800 events | Elapsed time: 5495.8s [2025-02-17T07:37:15.687Z]
### Progress: 65047/180800 events | Elapsed time: 5500.8s [2025-02-17T07:37:20.696Z]
### Progress: 65097/180800 events | Elapsed time: 5505.8s [2025-02-17T07:37:25.712Z]
### Progress: 65156/180800 events | Elapsed time: 5510.8s [2025-02-17T07:37:30.689Z]
### Progress: 65209/180800 events | Elapsed time: 5515.8s [2025-02-17T07:37:35.689Z]
### Progress: 65269/180800 events | Elapsed time: 5520.8s [2025-02-17T07:37:40.766Z]
### Progress: 65319/180800 events | Elapsed time: 5525.8s [2025-02-17T07:37:45.693Z]
### Progress: 65397/180800 events | Elapsed time: 5530.8s [2025-02-17T07:37:50.690Z]
### Progress: 65468/180800 events | Elapsed time: 5535.8s [2025-02-17T07:37:55.691Z]
### Progress: 65539/180800 events | Elapsed time: 5540.8s [2025-02-17T07:38:00.691Z]
### Progress: 65607/180800 events | Elapsed time: 5545.9s [2025-02-17T07:38:05.786Z]
### Progress: 65663/180800 events | Elapsed time: 5550.8s [2025-02-17T07:38:10.770Z]
### Progress: 65716/180800 events | Elapsed time: 5555.8s [2025-02-17T07:38:15.697Z]
### Progress: 65771/180800 events | Elapsed time: 5560.8s [2025-02-17T07:38:20.697Z]
### Progress: 65828/180800 events | Elapsed time: 5565.8s [2025-02-17T07:38:25.721Z]
### Progress: 65884/180800 events | Elapsed time: 5570.8s [2025-02-17T07:38:30.736Z]
### Progress: 65943/180800 events | Elapsed time: 5575.8s [2025-02-17T07:38:35.703Z]
### Progress: 66000/180800 events | Elapsed time: 5580.8s [2025-02-17T07:38:40.702Z]
### Progress: 66056/180800 events | Elapsed time: 5585.8s [2025-02-17T07:38:45.700Z]
### Progress: 66111/180800 events | Elapsed time: 5590.8s [2025-02-17T07:38:50.710Z]
### Progress: 66164/180800 events | Elapsed time: 5595.8s [2025-02-17T07:38:55.722Z]
### Progress: 66223/180800 events | Elapsed time: 5600.8s [2025-02-17T07:39:00.742Z]
### Progress: 66276/180800 events | Elapsed time: 5605.8s [2025-02-17T07:39:05.708Z]
### Progress: 66336/180800 events | Elapsed time: 5610.8s [2025-02-17T07:39:10.703Z]
### Progress: 66391/180800 events | Elapsed time: 5615.8s [2025-02-17T07:39:15.702Z]
### Progress: 66448/180800 events | Elapsed time: 5620.8s [2025-02-17T07:39:20.709Z]
### Progress: 66503/180800 events | Elapsed time: 5625.8s [2025-02-17T07:39:25.725Z]
### Progress: 66560/180800 events | Elapsed time: 5630.8s [2025-02-17T07:39:30.706Z]
### Progress: 66618/180800 events | Elapsed time: 5635.8s [2025-02-17T07:39:35.761Z]
### Progress: 66671/180800 events | Elapsed time: 5640.9s [2025-02-17T07:39:40.783Z]
### Progress: 66724/180800 events | Elapsed time: 5645.8s [2025-02-17T07:39:45.707Z]
### Progress: 66783/180800 events | Elapsed time: 5650.8s [2025-02-17T07:39:50.714Z]
### Progress: 66836/180800 events | Elapsed time: 5655.8s [2025-02-17T07:39:55.730Z]
### Progress: 66896/180800 events | Elapsed time: 5660.8s [2025-02-17T07:40:00.713Z]
### Progress: 66951/180800 events | Elapsed time: 5665.8s [2025-02-17T07:40:05.710Z]
### Progress: 67008/180800 events | Elapsed time: 5670.8s [2025-02-17T07:40:10.711Z]
### Progress: 67064/180800 events | Elapsed time: 5675.9s [2025-02-17T07:40:15.801Z]
### Progress: 67123/180800 events | Elapsed time: 5680.8s [2025-02-17T07:40:20.717Z]
### Progress: 67176/180800 events | Elapsed time: 5685.8s [2025-02-17T07:40:25.733Z]
### Progress: 67236/180800 events | Elapsed time: 5690.8s [2025-02-17T07:40:30.755Z]
### Progress: 67288/180800 events | Elapsed time: 5695.8s [2025-02-17T07:40:35.718Z]
### Progress: 67344/180800 events | Elapsed time: 5700.8s [2025-02-17T07:40:40.716Z]
### Progress: 67403/180800 events | Elapsed time: 5705.9s [2025-02-17T07:40:45.804Z]
### Progress: 67463/180800 events | Elapsed time: 5710.8s [2025-02-17T07:40:50.722Z]
### Progress: 67516/180800 events | Elapsed time: 5715.8s [2025-02-17T07:40:55.739Z]
### Progress: 67576/180800 events | Elapsed time: 5720.8s [2025-02-17T07:41:00.756Z]
### Progress: 67628/180800 events | Elapsed time: 5725.8s [2025-02-17T07:41:05.719Z]
### Progress: 67684/180800 events | Elapsed time: 5730.8s [2025-02-17T07:41:10.720Z]
### Progress: 67743/180800 events | Elapsed time: 5735.8s [2025-02-17T07:41:15.720Z]
### Progress: 67800/180800 events | Elapsed time: 5740.8s [2025-02-17T07:41:20.727Z]
### Progress: 67851/180800 events | Elapsed time: 5745.9s [2025-02-17T07:41:25.843Z]
### Progress: 67908/180800 events | Elapsed time: 5750.8s [2025-02-17T07:41:30.721Z]
### Progress: 67968/180800 events | Elapsed time: 5755.9s [2025-02-17T07:41:35.777Z]
### Progress: 68023/180800 events | Elapsed time: 5760.8s [2025-02-17T07:41:40.720Z]
### Progress: 68076/180800 events | Elapsed time: 5765.9s [2025-02-17T07:41:45.814Z]
### Progress: 68131/180800 events | Elapsed time: 5770.9s [2025-02-17T07:41:50.829Z]
### Progress: 68188/180800 events | Elapsed time: 5775.8s [2025-02-17T07:41:55.745Z]
### Progress: 68244/180800 events | Elapsed time: 5780.8s [2025-02-17T07:42:00.764Z]
### Progress: 68300/180800 events | Elapsed time: 5785.8s [2025-02-17T07:42:05.733Z]
### Progress: 68356/180800 events | Elapsed time: 5790.8s [2025-02-17T07:42:10.729Z]
### Progress: 68411/180800 events | Elapsed time: 5795.9s [2025-02-17T07:42:15.816Z]
### Progress: 68468/180800 events | Elapsed time: 5800.8s [2025-02-17T07:42:20.742Z]
### Progress: 68523/180800 events | Elapsed time: 5805.8s [2025-02-17T07:42:25.749Z]
### Progress: 68576/180800 events | Elapsed time: 5810.8s [2025-02-17T07:42:30.724Z]
### Progress: 68631/180800 events | Elapsed time: 5815.9s [2025-02-17T07:42:35.787Z]
### Progress: 68684/180800 events | Elapsed time: 5820.8s [2025-02-17T07:42:40.725Z]
### Progress: 68743/180800 events | Elapsed time: 5825.9s [2025-02-17T07:42:45.819Z]
### Progress: 68800/180800 events | Elapsed time: 5830.8s [2025-02-17T07:42:50.736Z]
### Progress: 68851/180800 events | Elapsed time: 5835.8s [2025-02-17T07:42:55.751Z]
### Progress: 68908/180800 events | Elapsed time: 5840.8s [2025-02-17T07:43:00.731Z]
### Progress: 68964/180800 events | Elapsed time: 5845.8s [2025-02-17T07:43:05.731Z]
### Progress: 69024/180800 events | Elapsed time: 5850.8s [2025-02-17T07:43:10.728Z]
### Progress: 69083/180800 events | Elapsed time: 5855.8s [2025-02-17T07:43:15.738Z]
### Progress: 69136/180800 events | Elapsed time: 5860.8s [2025-02-17T07:43:20.732Z]
### Progress: 69191/180800 events | Elapsed time: 5865.8s [2025-02-17T07:43:25.758Z]
### Progress: 69248/180800 events | Elapsed time: 5870.8s [2025-02-17T07:43:30.774Z]
### Progress: 69304/180800 events | Elapsed time: 5875.8s [2025-02-17T07:43:35.733Z]
### Progress: 69363/180800 events | Elapsed time: 5880.8s [2025-02-17T07:43:40.734Z]
### Progress: 69416/180800 events | Elapsed time: 5885.8s [2025-02-17T07:43:45.732Z]
### Progress: 69471/180800 events | Elapsed time: 5890.9s [2025-02-17T07:43:50.846Z]
### Progress: 69528/180800 events | Elapsed time: 5895.8s [2025-02-17T07:43:55.759Z]
### Progress: 69584/180800 events | Elapsed time: 5900.8s [2025-02-17T07:44:00.734Z]
### Progress: 69643/180800 events | Elapsed time: 5905.9s [2025-02-17T07:44:05.795Z]
### Progress: 69700/180800 events | Elapsed time: 5910.8s [2025-02-17T07:44:10.737Z]
### Progress: 69756/180800 events | Elapsed time: 5915.8s [2025-02-17T07:44:15.735Z]
### Progress: 69811/180800 events | Elapsed time: 5920.8s [2025-02-17T07:44:20.747Z]
### Progress: 69864/180800 events | Elapsed time: 5925.8s [2025-02-17T07:44:25.762Z]
### Progress: 69924/180800 events | Elapsed time: 5930.8s [2025-02-17T07:44:30.755Z]
### Progress: 69983/180800 events | Elapsed time: 5935.8s [2025-02-17T07:44:35.741Z]
### Progress: 70040/180800 events | Elapsed time: 5940.8s [2025-02-17T07:44:40.742Z]
### Progress: 70091/180800 events | Elapsed time: 5945.9s [2025-02-17T07:44:45.834Z]
### Progress: 70151/180800 events | Elapsed time: 5950.9s [2025-02-17T07:44:50.854Z]
### Progress: 70208/180800 events | Elapsed time: 5955.8s [2025-02-17T07:44:55.766Z]
### Progress: 70264/180800 events | Elapsed time: 5960.8s [2025-02-17T07:45:00.745Z]
### Progress: 70323/180800 events | Elapsed time: 5965.9s [2025-02-17T07:45:05.805Z]
### Progress: 70380/180800 events | Elapsed time: 5970.8s [2025-02-17T07:45:10.743Z]
### Progress: 70431/180800 events | Elapsed time: 5975.9s [2025-02-17T07:45:15.837Z]
### Progress: 70488/180800 events | Elapsed time: 5980.8s [2025-02-17T07:45:20.754Z]
### Progress: 70544/180800 events | Elapsed time: 5985.8s [2025-02-17T07:45:25.770Z]
### Progress: 70603/180800 events | Elapsed time: 5990.8s [2025-02-17T07:45:30.748Z]
### Progress: 70663/180800 events | Elapsed time: 5995.9s [2025-02-17T07:45:35.807Z]
### Progress: 70716/180800 events | Elapsed time: 6000.8s [2025-02-17T07:45:40.748Z]
### Progress: 70768/180800 events | Elapsed time: 6005.9s [2025-02-17T07:45:45.843Z]
### Progress: 70828/180800 events | Elapsed time: 6010.8s [2025-02-17T07:45:50.758Z]
### Progress: 70883/180800 events | Elapsed time: 6015.8s [2025-02-17T07:45:55.776Z]
### Progress: 70940/180800 events | Elapsed time: 6020.8s [2025-02-17T07:46:00.750Z]
### Progress: 70998/180800 events | Elapsed time: 6025.8s [2025-02-17T07:46:05.751Z]
### Progress: 71055/180800 events | Elapsed time: 6030.8s [2025-02-17T07:46:10.750Z]
### Progress: 71107/180800 events | Elapsed time: 6035.9s [2025-02-17T07:46:15.846Z]
### Progress: 71163/180800 events | Elapsed time: 6040.8s [2025-02-17T07:46:20.763Z]
### Progress: 71218/180800 events | Elapsed time: 6045.9s [2025-02-17T07:46:25.779Z]
### Progress: 71271/180800 events | Elapsed time: 6050.8s [2025-02-17T07:46:30.753Z]
### Progress: 71327/180800 events | Elapsed time: 6055.9s [2025-02-17T07:46:35.814Z]
### Progress: 71383/180800 events | Elapsed time: 6060.8s [2025-02-17T07:46:40.754Z]
### Progress: 71438/180800 events | Elapsed time: 6065.9s [2025-02-17T07:46:45.848Z]
### Progress: 71495/180800 events | Elapsed time: 6070.8s [2025-02-17T07:46:50.765Z]
### Progress: 71551/180800 events | Elapsed time: 6075.9s [2025-02-17T07:46:55.783Z]
### Progress: 71603/180800 events | Elapsed time: 6080.8s [2025-02-17T07:47:00.761Z]
### Progress: 71663/180800 events | Elapsed time: 6085.9s [2025-02-17T07:47:05.818Z]
### Progress: 71718/180800 events | Elapsed time: 6090.9s [2025-02-17T07:47:10.834Z]
### Progress: 71775/180800 events | Elapsed time: 6095.8s [2025-02-17T07:47:15.756Z]
### Progress: 71827/180800 events | Elapsed time: 6100.8s [2025-02-17T07:47:20.762Z]
### Progress: 71883/180800 events | Elapsed time: 6105.9s [2025-02-17T07:47:25.786Z]
### Progress: 71943/180800 events | Elapsed time: 6110.8s [2025-02-17T07:47:30.763Z]
### Progress: 72002/180800 events | Elapsed time: 6115.8s [2025-02-17T07:47:35.764Z]
### Progress: 72058/180800 events | Elapsed time: 6120.8s [2025-02-17T07:47:40.763Z]
### Progress: 72111/180800 events | Elapsed time: 6125.9s [2025-02-17T07:47:45.856Z]
### Progress: 72167/180800 events | Elapsed time: 6130.8s [2025-02-17T07:47:50.772Z]
### Progress: 72223/180800 events | Elapsed time: 6135.9s [2025-02-17T07:47:55.788Z]
### Progress: 72282/180800 events | Elapsed time: 6140.8s [2025-02-17T07:48:00.765Z]
### Progress: 72338/180800 events | Elapsed time: 6145.9s [2025-02-17T07:48:05.808Z]
### Progress: 72393/180800 events | Elapsed time: 6150.9s [2025-02-17T07:48:10.842Z]
### Progress: 72447/180800 events | Elapsed time: 6155.8s [2025-02-17T07:48:15.768Z]
### Progress: 72502/180800 events | Elapsed time: 6160.9s [2025-02-17T07:48:20.877Z]
### Progress: 72560/180800 events | Elapsed time: 6165.9s [2025-02-17T07:48:25.796Z]
### Progress: 72616/180800 events | Elapsed time: 6170.8s [2025-02-17T07:48:30.772Z]
### Progress: 72673/180800 events | Elapsed time: 6175.9s [2025-02-17T07:48:35.778Z]
### Progress: 72723/180800 events | Elapsed time: 6180.9s [2025-02-17T07:48:40.847Z]
### Progress: 72782/180800 events | Elapsed time: 6185.9s [2025-02-17T07:48:45.863Z]
### Progress: 72840/180800 events | Elapsed time: 6191.0s [2025-02-17T07:48:50.884Z]
### Progress: 72896/180800 events | Elapsed time: 6195.9s [2025-02-17T07:48:55.796Z]
### Progress: 72953/180800 events | Elapsed time: 6200.9s [2025-02-17T07:49:00.777Z]
### Progress: 73007/180800 events | Elapsed time: 6205.9s [2025-02-17T07:49:05.777Z]
### Progress: 73063/180800 events | Elapsed time: 6210.9s [2025-02-17T07:49:10.780Z]
### Progress: 73120/180800 events | Elapsed time: 6215.8s [2025-02-17T07:49:15.777Z]
### Progress: 73173/180800 events | Elapsed time: 6220.9s [2025-02-17T07:49:20.781Z]
### Progress: 73233/180800 events | Elapsed time: 6225.9s [2025-02-17T07:49:25.801Z]
### Progress: 73283/180800 events | Elapsed time: 6230.9s [2025-02-17T07:49:30.778Z]
### Progress: 73342/180800 events | Elapsed time: 6235.9s [2025-02-17T07:49:35.777Z]
### Progress: 73396/180800 events | Elapsed time: 6240.9s [2025-02-17T07:49:40.852Z]
### Progress: 73453/180800 events | Elapsed time: 6245.9s [2025-02-17T07:49:45.871Z]
### Progress: 73507/180800 events | Elapsed time: 6251.0s [2025-02-17T07:49:50.888Z]
### Progress: 73563/180800 events | Elapsed time: 6255.9s [2025-02-17T07:49:55.804Z]
### Progress: 73622/180800 events | Elapsed time: 6260.9s [2025-02-17T07:50:00.821Z]
### Progress: 73682/180800 events | Elapsed time: 6265.9s [2025-02-17T07:50:05.842Z]
### Progress: 73740/180800 events | Elapsed time: 6270.9s [2025-02-17T07:50:10.857Z]
### Progress: 73796/180800 events | Elapsed time: 6275.9s [2025-02-17T07:50:15.781Z]
### Progress: 73853/180800 events | Elapsed time: 6281.0s [2025-02-17T07:50:20.897Z]
### Progress: 73907/180800 events | Elapsed time: 6285.9s [2025-02-17T07:50:25.807Z]
### Progress: 73967/180800 events | Elapsed time: 6290.9s [2025-02-17T07:50:30.827Z]
### Progress: 74022/180800 events | Elapsed time: 6295.9s [2025-02-17T07:50:35.784Z]
### Progress: 74080/180800 events | Elapsed time: 6300.9s [2025-02-17T07:50:40.861Z]
### Progress: 74136/180800 events | Elapsed time: 6306.0s [2025-02-17T07:50:45.879Z]
### Progress: 74193/180800 events | Elapsed time: 6311.0s [2025-02-17T07:50:50.897Z]
### Progress: 74253/180800 events | Elapsed time: 6315.9s [2025-02-17T07:50:55.814Z]
### Progress: 74303/180800 events | Elapsed time: 6320.9s [2025-02-17T07:51:00.787Z]
### Progress: 74362/180800 events | Elapsed time: 6325.9s [2025-02-17T07:51:05.790Z]
### Progress: 74420/180800 events | Elapsed time: 6330.9s [2025-02-17T07:51:10.789Z]
### Progress: 74473/180800 events | Elapsed time: 6336.0s [2025-02-17T07:51:15.883Z]
### Progress: 74527/180800 events | Elapsed time: 6340.9s [2025-02-17T07:51:20.793Z]
### Progress: 74583/180800 events | Elapsed time: 6345.9s [2025-02-17T07:51:25.816Z]
### Progress: 74642/180800 events | Elapsed time: 6350.9s [2025-02-17T07:51:30.798Z]
### Progress: 74700/180800 events | Elapsed time: 6355.9s [2025-02-17T07:51:35.792Z]
### Progress: 74756/180800 events | Elapsed time: 6360.9s [2025-02-17T07:51:40.793Z]
### Progress: 74807/180800 events | Elapsed time: 6366.0s [2025-02-17T07:51:45.888Z]
### Progress: 74863/180800 events | Elapsed time: 6371.0s [2025-02-17T07:51:50.906Z]
### Progress: 74923/180800 events | Elapsed time: 6375.9s [2025-02-17T07:51:55.822Z]
### Progress: 74987/180800 events | Elapsed time: 6380.9s [2025-02-17T07:52:00.794Z]
### Progress: 75047/180800 events | Elapsed time: 6385.9s [2025-02-17T07:52:05.796Z]
### Progress: 75103/180800 events | Elapsed time: 6390.9s [2025-02-17T07:52:10.876Z]
### Progress: 75162/180800 events | Elapsed time: 6395.9s [2025-02-17T07:52:15.801Z]
### Progress: 75217/180800 events | Elapsed time: 6400.9s [2025-02-17T07:52:20.807Z]
### Progress: 75273/180800 events | Elapsed time: 6405.9s [2025-02-17T07:52:25.825Z]
### Progress: 75329/180800 events | Elapsed time: 6410.9s [2025-02-17T07:52:30.843Z]
### Progress: 75383/180800 events | Elapsed time: 6415.9s [2025-02-17T07:52:35.801Z]
### Progress: 75442/180800 events | Elapsed time: 6421.0s [2025-02-17T07:52:40.880Z]
### Progress: 75500/180800 events | Elapsed time: 6426.0s [2025-02-17T07:52:45.896Z]
### Progress: 75556/180800 events | Elapsed time: 6430.9s [2025-02-17T07:52:50.811Z]
### Progress: 75616/180800 events | Elapsed time: 6435.9s [2025-02-17T07:52:55.801Z]
### Progress: 75673/180800 events | Elapsed time: 6440.9s [2025-02-17T07:53:00.802Z]
### Progress: 75727/180800 events | Elapsed time: 6445.9s [2025-02-17T07:53:05.805Z]
### Progress: 75782/180800 events | Elapsed time: 6451.0s [2025-02-17T07:53:10.884Z]
### Progress: 75840/180800 events | Elapsed time: 6455.9s [2025-02-17T07:53:15.805Z]
### Progress: 75893/180800 events | Elapsed time: 6460.9s [2025-02-17T07:53:20.810Z]
### Progress: 75943/180800 events | Elapsed time: 6465.9s [2025-02-17T07:53:25.835Z]
### Progress: 76000/180800 events | Elapsed time: 6470.9s [2025-02-17T07:53:30.810Z]
### Progress: 76060/180800 events | Elapsed time: 6475.9s [2025-02-17T07:53:35.870Z]
### Progress: 76116/180800 events | Elapsed time: 6481.0s [2025-02-17T07:53:40.887Z]
### Progress: 76173/180800 events | Elapsed time: 6486.0s [2025-02-17T07:53:45.905Z]
### Progress: 76227/180800 events | Elapsed time: 6490.9s [2025-02-17T07:53:50.821Z]
### Progress: 76282/180800 events | Elapsed time: 6495.9s [2025-02-17T07:53:55.837Z]
### Progress: 76338/180800 events | Elapsed time: 6500.9s [2025-02-17T07:54:00.811Z]
### Progress: 76398/180800 events | Elapsed time: 6505.9s [2025-02-17T07:54:05.811Z]
### Progress: 76452/180800 events | Elapsed time: 6510.9s [2025-02-17T07:54:10.813Z]
### Progress: 76507/180800 events | Elapsed time: 6515.9s [2025-02-17T07:54:15.812Z]
### Progress: 76563/180800 events | Elapsed time: 6520.9s [2025-02-17T07:54:20.812Z]
### Progress: 76622/180800 events | Elapsed time: 6525.9s [2025-02-17T07:54:25.844Z]
### Progress: 76682/180800 events | Elapsed time: 6530.9s [2025-02-17T07:54:30.859Z]
### Progress: 76742/180800 events | Elapsed time: 6535.9s [2025-02-17T07:54:35.816Z]
### Progress: 76798/180800 events | Elapsed time: 6541.0s [2025-02-17T07:54:40.895Z]
### Progress: 76852/180800 events | Elapsed time: 6545.9s [2025-02-17T07:54:45.815Z]
### Progress: 76905/180800 events | Elapsed time: 6550.9s [2025-02-17T07:54:50.829Z]
### Progress: 76962/180800 events | Elapsed time: 6555.9s [2025-02-17T07:54:55.846Z]
### Progress: 77022/180800 events | Elapsed time: 6560.9s [2025-02-17T07:55:00.865Z]
### Progress: 77082/180800 events | Elapsed time: 6566.0s [2025-02-17T07:55:05.883Z]
### Progress: 77138/180800 events | Elapsed time: 6571.0s [2025-02-17T07:55:10.900Z]
### Progress: 77192/180800 events | Elapsed time: 6576.0s [2025-02-17T07:55:15.917Z]
### Progress: 77248/180800 events | Elapsed time: 6580.9s [2025-02-17T07:55:20.832Z]
### Progress: 77305/180800 events | Elapsed time: 6585.9s [2025-02-17T07:55:25.851Z]
### Progress: 77362/180800 events | Elapsed time: 6590.9s [2025-02-17T07:55:30.823Z]
### Progress: 77422/180800 events | Elapsed time: 6596.0s [2025-02-17T07:55:35.886Z]
### Progress: 77478/180800 events | Elapsed time: 6601.0s [2025-02-17T07:55:40.903Z]
### Progress: 77538/180800 events | Elapsed time: 6605.9s [2025-02-17T07:55:45.823Z]
### Progress: 77590/180800 events | Elapsed time: 6610.9s [2025-02-17T07:55:50.837Z]
### Progress: 77648/180800 events | Elapsed time: 6615.9s [2025-02-17T07:55:55.856Z]
### Progress: 77702/180800 events | Elapsed time: 6620.9s [2025-02-17T07:56:00.873Z]
### Progress: 77762/180800 events | Elapsed time: 6626.0s [2025-02-17T07:56:05.892Z]
### Progress: 77818/180800 events | Elapsed time: 6631.0s [2025-02-17T07:56:10.908Z]
### Progress: 77872/180800 events | Elapsed time: 6636.0s [2025-02-17T07:56:15.926Z]
### Progress: 77928/180800 events | Elapsed time: 6641.0s [2025-02-17T07:56:20.943Z]
### Progress: 77983/180800 events | Elapsed time: 6645.9s [2025-02-17T07:56:25.858Z]
### Progress: 78047/180800 events | Elapsed time: 6651.0s [2025-02-17T07:56:30.878Z]
### Progress: 78102/180800 events | Elapsed time: 6655.9s [2025-02-17T07:56:35.832Z]
### Progress: 78158/180800 events | Elapsed time: 6661.0s [2025-02-17T07:56:40.914Z]
### Progress: 78216/180800 events | Elapsed time: 6666.0s [2025-02-17T07:56:45.930Z]
### Progress: 78268/180800 events | Elapsed time: 6670.9s [2025-02-17T07:56:50.844Z]
### Progress: 78328/180800 events | Elapsed time: 6675.9s [2025-02-17T07:56:55.835Z]
### Progress: 78390/180800 events | Elapsed time: 6681.0s [2025-02-17T07:57:00.885Z]
### Progress: 78444/180800 events | Elapsed time: 6686.0s [2025-02-17T07:57:05.898Z]
### Progress: 78502/180800 events | Elapsed time: 6691.0s [2025-02-17T07:57:10.917Z]
### Progress: 78562/180800 events | Elapsed time: 6695.9s [2025-02-17T07:57:15.836Z]
### Progress: 78612/180800 events | Elapsed time: 6700.9s [2025-02-17T07:57:20.849Z]
### Progress: 78672/180800 events | Elapsed time: 6705.9s [2025-02-17T07:57:25.866Z]
### Progress: 78732/180800 events | Elapsed time: 6711.0s [2025-02-17T07:57:30.885Z]
### Progress: 78798/180800 events | Elapsed time: 6715.9s [2025-02-17T07:57:35.841Z]
### Progress: 78852/180800 events | Elapsed time: 6721.0s [2025-02-17T07:57:40.921Z]
### Progress: 78908/180800 events | Elapsed time: 6725.9s [2025-02-17T07:57:45.840Z]
### Progress: 78963/180800 events | Elapsed time: 6730.9s [2025-02-17T07:57:50.854Z]
### Progress: 79023/180800 events | Elapsed time: 6735.9s [2025-02-17T07:57:55.874Z]
### Progress: 79082/180800 events | Elapsed time: 6741.0s [2025-02-17T07:58:00.889Z]
### Progress: 79138/180800 events | Elapsed time: 6746.0s [2025-02-17T07:58:05.907Z]
### Progress: 79192/180800 events | Elapsed time: 6751.0s [2025-02-17T07:58:10.926Z]
### Progress: 79247/180800 events | Elapsed time: 6756.0s [2025-02-17T07:58:15.943Z]
### Progress: 79303/180800 events | Elapsed time: 6761.0s [2025-02-17T07:58:20.960Z]
### Progress: 79362/180800 events | Elapsed time: 6765.9s [2025-02-17T07:58:25.876Z]
### Progress: 79422/180800 events | Elapsed time: 6771.0s [2025-02-17T07:58:30.893Z]
### Progress: 79478/180800 events | Elapsed time: 6775.9s [2025-02-17T07:58:35.847Z]
### Progress: 79532/180800 events | Elapsed time: 6781.0s [2025-02-17T07:58:40.929Z]
### Progress: 79588/180800 events | Elapsed time: 6786.0s [2025-02-17T07:58:45.947Z]
### Progress: 79643/180800 events | Elapsed time: 6790.9s [2025-02-17T07:58:50.861Z]
### Progress: 79707/180800 events | Elapsed time: 6796.0s [2025-02-17T07:58:55.881Z]
### Progress: 79764/180800 events | Elapsed time: 6801.0s [2025-02-17T07:59:00.897Z]
### Progress: 79818/180800 events | Elapsed time: 6806.0s [2025-02-17T07:59:05.915Z]
### Progress: 79877/180800 events | Elapsed time: 6811.0s [2025-02-17T07:59:10.933Z]
### Progress: 79933/180800 events | Elapsed time: 6816.0s [2025-02-17T07:59:15.950Z]
### Progress: 79986/180800 events | Elapsed time: 6820.9s [2025-02-17T07:59:20.865Z]
### Progress: 80034/180800 events | Elapsed time: 6826.0s [2025-02-17T07:59:25.883Z]
### Progress: 80091/180800 events | Elapsed time: 6831.0s [2025-02-17T07:59:30.901Z]
### Progress: 80149/180800 events | Elapsed time: 6836.0s [2025-02-17T07:59:35.920Z]
### Progress: 80205/180800 events | Elapsed time: 6841.0s [2025-02-17T07:59:40.936Z]
### Progress: 80261/180800 events | Elapsed time: 6845.9s [2025-02-17T07:59:45.859Z]
### Progress: 80316/180800 events | Elapsed time: 6850.9s [2025-02-17T07:59:50.869Z]
### Progress: 80373/180800 events | Elapsed time: 6855.9s [2025-02-17T07:59:55.857Z]
### Progress: 80425/180800 events | Elapsed time: 6861.0s [2025-02-17T08:00:00.905Z]
### Progress: 80483/180800 events | Elapsed time: 6865.9s [2025-02-17T08:00:05.860Z]
### Progress: 80538/180800 events | Elapsed time: 6871.0s [2025-02-17T08:00:10.941Z]
### Progress: 80598/180800 events | Elapsed time: 6875.9s [2025-02-17T08:00:15.863Z]
### Progress: 80645/180800 events | Elapsed time: 6880.9s [2025-02-17T08:00:20.873Z]
### Progress: 80705/180800 events | Elapsed time: 6886.0s [2025-02-17T08:00:25.893Z]
### Progress: 80764/180800 events | Elapsed time: 6891.0s [2025-02-17T08:00:30.909Z]
### Progress: 80824/180800 events | Elapsed time: 6896.0s [2025-02-17T08:00:35.928Z]
### Progress: 80881/180800 events | Elapsed time: 6901.0s [2025-02-17T08:00:40.944Z]
### Progress: 80938/180800 events | Elapsed time: 6906.0s [2025-02-17T08:00:45.963Z]
### Progress: 80996/180800 events | Elapsed time: 6911.0s [2025-02-17T08:00:50.879Z]
### Progress: 81046/180800 events | Elapsed time: 6916.0s [2025-02-17T08:00:55.894Z]
### Progress: 81104/180800 events | Elapsed time: 6921.0s [2025-02-17T08:01:00.915Z]
### Progress: 81163/180800 events | Elapsed time: 6925.9s [2025-02-17T08:01:05.867Z]
### Progress: 81219/180800 events | Elapsed time: 6931.0s [2025-02-17T08:01:10.950Z]
### Progress: 81273/180800 events | Elapsed time: 6936.0s [2025-02-17T08:01:15.965Z]
### Progress: 81325/180800 events | Elapsed time: 6941.0s [2025-02-17T08:01:20.881Z]
### Progress: 81385/180800 events | Elapsed time: 6946.0s [2025-02-17T08:01:25.899Z]
### Progress: 81444/180800 events | Elapsed time: 6951.0s [2025-02-17T08:01:30.921Z]
### Progress: 81503/180800 events | Elapsed time: 6956.0s [2025-02-17T08:01:35.936Z]
### Progress: 81561/180800 events | Elapsed time: 6961.1s [2025-02-17T08:01:41.055Z]
### Progress: 81618/180800 events | Elapsed time: 6966.0s [2025-02-17T08:01:45.894Z]
### Progress: 81667/180800 events | Elapsed time: 6971.0s [2025-02-17T08:01:50.885Z]
### Progress: 81725/180800 events | Elapsed time: 6976.0s [2025-02-17T08:01:55.904Z]
### Progress: 81784/180800 events | Elapsed time: 6981.0s [2025-02-17T08:02:00.922Z]
### Progress: 81844/180800 events | Elapsed time: 6986.0s [2025-02-17T08:02:05.940Z]
### Progress: 81901/180800 events | Elapsed time: 6991.0s [2025-02-17T08:02:10.957Z]
### Progress: 81958/180800 events | Elapsed time: 6996.0s [2025-02-17T08:02:15.976Z]
### Progress: 82014/180800 events | Elapsed time: 7001.0s [2025-02-17T08:02:20.889Z]
### Progress: 82073/180800 events | Elapsed time: 7006.0s [2025-02-17T08:02:25.909Z]
### Progress: 82125/180800 events | Elapsed time: 7011.0s [2025-02-17T08:02:30.925Z]
### Progress: 82184/180800 events | Elapsed time: 7016.0s [2025-02-17T08:02:35.882Z]
### Progress: 82241/180800 events | Elapsed time: 7021.0s [2025-02-17T08:02:40.961Z]
### Progress: 82299/180800 events | Elapsed time: 7026.1s [2025-02-17T08:02:45.978Z]
### Progress: 82356/180800 events | Elapsed time: 7031.0s [2025-02-17T08:02:50.893Z]
### Progress: 82413/180800 events | Elapsed time: 7036.0s [2025-02-17T08:02:55.912Z]
### Progress: 82473/180800 events | Elapsed time: 7041.0s [2025-02-17T08:03:00.931Z]
### Progress: 82525/180800 events | Elapsed time: 7046.0s [2025-02-17T08:03:05.948Z]
### Progress: 82583/180800 events | Elapsed time: 7051.0s [2025-02-17T08:03:10.964Z]
### Progress: 82641/180800 events | Elapsed time: 7056.1s [2025-02-17T08:03:16.007Z]
### Progress: 82685/180800 events | Elapsed time: 7061.1s [2025-02-17T08:03:20.999Z]
### Progress: 82745/180800 events | Elapsed time: 7066.0s [2025-02-17T08:03:25.915Z]
### Progress: 82803/180800 events | Elapsed time: 7071.0s [2025-02-17T08:03:30.933Z]
### Progress: 82861/180800 events | Elapsed time: 7076.0s [2025-02-17T08:03:35.950Z]
### Progress: 82920/180800 events | Elapsed time: 7081.0s [2025-02-17T08:03:40.968Z]
### Progress: 82973/180800 events | Elapsed time: 7086.1s [2025-02-17T08:03:45.986Z]
### Progress: 83026/180800 events | Elapsed time: 7091.0s [2025-02-17T08:03:50.900Z]
### Progress: 83084/180800 events | Elapsed time: 7096.0s [2025-02-17T08:03:55.919Z]
### Progress: 83143/180800 events | Elapsed time: 7101.0s [2025-02-17T08:04:00.937Z]
### Progress: 83203/180800 events | Elapsed time: 7106.0s [2025-02-17T08:04:05.898Z]
### Progress: 83261/180800 events | Elapsed time: 7111.0s [2025-02-17T08:04:10.973Z]
### Progress: 83318/180800 events | Elapsed time: 7116.0s [2025-02-17T08:04:15.893Z]
### Progress: 83373/180800 events | Elapsed time: 7121.0s [2025-02-17T08:04:20.906Z]
### Progress: 83425/180800 events | Elapsed time: 7126.0s [2025-02-17T08:04:25.923Z]
### Progress: 83485/180800 events | Elapsed time: 7131.0s [2025-02-17T08:04:30.941Z]
### Progress: 83544/180800 events | Elapsed time: 7136.0s [2025-02-17T08:04:35.959Z]
### Progress: 83602/180800 events | Elapsed time: 7141.0s [2025-02-17T08:04:40.976Z]
### Progress: 83659/180800 events | Elapsed time: 7146.1s [2025-02-17T08:04:45.994Z]
### Progress: 83713/180800 events | Elapsed time: 7151.0s [2025-02-17T08:04:50.909Z]
### Progress: 83773/180800 events | Elapsed time: 7156.0s [2025-02-17T08:04:55.900Z]
### Progress: 83826/180800 events | Elapsed time: 7161.0s [2025-02-17T08:05:00.944Z]
### Progress: 83884/180800 events | Elapsed time: 7166.0s [2025-02-17T08:05:05.901Z]
### Progress: 83943/180800 events | Elapsed time: 7171.1s [2025-02-17T08:05:10.981Z]
### Progress: 84004/180800 events | Elapsed time: 7176.0s [2025-02-17T08:05:15.903Z]
### Progress: 84062/180800 events | Elapsed time: 7181.0s [2025-02-17T08:05:20.914Z]
### Progress: 84120/180800 events | Elapsed time: 7186.0s [2025-02-17T08:05:25.933Z]
### Progress: 84173/180800 events | Elapsed time: 7191.0s [2025-02-17T08:05:30.901Z]
### Progress: 84233/180800 events | Elapsed time: 7196.0s [2025-02-17T08:05:35.966Z]
### Progress: 84298/180800 events | Elapsed time: 7201.1s [2025-02-17T08:05:40.983Z]
### Progress: 84366/180800 events | Elapsed time: 7206.0s [2025-02-17T08:05:45.901Z]
### Progress: 84441/180800 events | Elapsed time: 7211.0s [2025-02-17T08:05:50.901Z]
### Progress: 84511/180800 events | Elapsed time: 7216.0s [2025-02-17T08:05:55.900Z]
### Progress: 84589/180800 events | Elapsed time: 7221.0s [2025-02-17T08:06:00.902Z]
### Progress: 84658/180800 events | Elapsed time: 7226.0s [2025-02-17T08:06:05.918Z]
### Progress: 84729/180800 events | Elapsed time: 7231.0s [2025-02-17T08:06:10.907Z]
### Progress: 84807/180800 events | Elapsed time: 7236.0s [2025-02-17T08:06:15.908Z]
### Progress: 84873/180800 events | Elapsed time: 7241.0s [2025-02-17T08:06:20.902Z]
### Progress: 84949/180800 events | Elapsed time: 7246.0s [2025-02-17T08:06:25.902Z]
### Progress: 85021/180800 events | Elapsed time: 7251.0s [2025-02-17T08:06:30.903Z]
### Progress: 85094/180800 events | Elapsed time: 7256.0s [2025-02-17T08:06:35.901Z]
### Progress: 85165/180800 events | Elapsed time: 7261.0s [2025-02-17T08:06:40.901Z]
### Progress: 85239/180800 events | Elapsed time: 7266.0s [2025-02-17T08:06:45.901Z]
### Progress: 85315/180800 events | Elapsed time: 7271.0s [2025-02-17T08:06:50.904Z]
### Progress: 85384/180800 events | Elapsed time: 7276.0s [2025-02-17T08:06:55.902Z]
### Progress: 85459/180800 events | Elapsed time: 7281.0s [2025-02-17T08:07:00.904Z]
### Progress: 85530/180800 events | Elapsed time: 7286.0s [2025-02-17T08:07:05.904Z]
### Progress: 85603/180800 events | Elapsed time: 7291.0s [2025-02-17T08:07:10.903Z]
### Progress: 85669/180800 events | Elapsed time: 7296.0s [2025-02-17T08:07:15.911Z]
### Progress: 85723/180800 events | Elapsed time: 7301.0s [2025-02-17T08:07:20.928Z]
### Progress: 85783/180800 events | Elapsed time: 7306.0s [2025-02-17T08:07:25.947Z]
### Progress: 85836/180800 events | Elapsed time: 7311.0s [2025-02-17T08:07:30.964Z]
### Progress: 85895/180800 events | Elapsed time: 7316.1s [2025-02-17T08:07:35.983Z]
### Progress: 85950/180800 events | Elapsed time: 7321.1s [2025-02-17T08:07:41.001Z]
### Progress: 86008/180800 events | Elapsed time: 7326.0s [2025-02-17T08:07:45.915Z]
### Progress: 86063/180800 events | Elapsed time: 7331.0s [2025-02-17T08:07:50.932Z]
### Progress: 86123/180800 events | Elapsed time: 7336.0s [2025-02-17T08:07:55.909Z]
### Progress: 86181/180800 events | Elapsed time: 7341.0s [2025-02-17T08:08:00.970Z]
### Progress: 86250/180800 events | Elapsed time: 7346.0s [2025-02-17T08:08:05.921Z]
### Progress: 86321/180800 events | Elapsed time: 7351.0s [2025-02-17T08:08:10.911Z]
### Progress: 86391/180800 events | Elapsed time: 7356.0s [2025-02-17T08:08:15.909Z]
### Progress: 86462/180800 events | Elapsed time: 7361.0s [2025-02-17T08:08:20.942Z]
### Progress: 86515/180800 events | Elapsed time: 7366.0s [2025-02-17T08:08:25.954Z]
### Progress: 86575/180800 events | Elapsed time: 7371.0s [2025-02-17T08:08:30.975Z]
### Progress: 86638/180800 events | Elapsed time: 7376.1s [2025-02-17T08:08:36.013Z]
### Progress: 86694/180800 events | Elapsed time: 7381.0s [2025-02-17T08:08:40.917Z]
### Progress: 86762/180800 events | Elapsed time: 7386.0s [2025-02-17T08:08:45.915Z]
### Progress: 86830/180800 events | Elapsed time: 7391.0s [2025-02-17T08:08:50.940Z]
### Progress: 86892/180800 events | Elapsed time: 7396.0s [2025-02-17T08:08:55.958Z]
### Progress: 86962/180800 events | Elapsed time: 7401.0s [2025-02-17T08:09:00.976Z]
### Progress: 87024/180800 events | Elapsed time: 7406.1s [2025-02-17T08:09:05.985Z]
### Progress: 87090/180800 events | Elapsed time: 7411.1s [2025-02-17T08:09:10.986Z]
### Progress: 87152/180800 events | Elapsed time: 7416.0s [2025-02-17T08:09:15.926Z]
### Progress: 87221/180800 events | Elapsed time: 7421.0s [2025-02-17T08:09:20.944Z]
### Progress: 87281/180800 events | Elapsed time: 7426.0s [2025-02-17T08:09:25.913Z]
### Progress: 87344/180800 events | Elapsed time: 7431.0s [2025-02-17T08:09:30.919Z]
### Progress: 87410/180800 events | Elapsed time: 7436.1s [2025-02-17T08:09:35.985Z]
### Progress: 87474/180800 events | Elapsed time: 7441.0s [2025-02-17T08:09:40.918Z]
### Progress: 87544/180800 events | Elapsed time: 7446.0s [2025-02-17T08:09:45.932Z]
### Progress: 87604/180800 events | Elapsed time: 7451.0s [2025-02-17T08:09:50.948Z]
### Progress: 87664/180800 events | Elapsed time: 7456.0s [2025-02-17T08:09:55.918Z]
### Progress: 87730/180800 events | Elapsed time: 7461.1s [2025-02-17T08:10:00.985Z]
### Progress: 87792/180800 events | Elapsed time: 7466.0s [2025-02-17T08:10:05.954Z]
### Progress: 87860/180800 events | Elapsed time: 7471.1s [2025-02-17T08:10:10.985Z]
### Progress: 87929/180800 events | Elapsed time: 7476.0s [2025-02-17T08:10:15.920Z]
### Progress: 87992/180800 events | Elapsed time: 7481.0s [2025-02-17T08:10:20.952Z]
### Progress: 88052/180800 events | Elapsed time: 7486.0s [2025-02-17T08:10:25.921Z]
### Progress: 88114/180800 events | Elapsed time: 7491.1s [2025-02-17T08:10:30.988Z]
### Progress: 88174/180800 events | Elapsed time: 7496.1s [2025-02-17T08:10:35.987Z]
### Progress: 88244/180800 events | Elapsed time: 7501.1s [2025-02-17T08:10:40.985Z]
### Progress: 88310/180800 events | Elapsed time: 7506.0s [2025-02-17T08:10:45.940Z]
### Progress: 88370/180800 events | Elapsed time: 7511.0s [2025-02-17T08:10:50.921Z]
### Progress: 88434/180800 events | Elapsed time: 7516.0s [2025-02-17T08:10:55.921Z]
### Progress: 88503/180800 events | Elapsed time: 7521.1s [2025-02-17T08:11:00.986Z]
### Progress: 88560/180800 events | Elapsed time: 7526.1s [2025-02-17T08:11:06.009Z]
### Progress: 88623/180800 events | Elapsed time: 7531.1s [2025-02-17T08:11:10.984Z]
### Progress: 88690/180800 events | Elapsed time: 7536.0s [2025-02-17T08:11:15.943Z]
### Progress: 88752/180800 events | Elapsed time: 7541.0s [2025-02-17T08:11:20.959Z]
### Progress: 88820/180800 events | Elapsed time: 7546.0s [2025-02-17T08:11:25.925Z]
### Progress: 88888/180800 events | Elapsed time: 7551.1s [2025-02-17T08:11:30.985Z]
### Progress: 88949/180800 events | Elapsed time: 7556.1s [2025-02-17T08:11:36.012Z]
### Progress: 89011/180800 events | Elapsed time: 7561.1s [2025-02-17T08:11:40.984Z]
### Progress: 89072/180800 events | Elapsed time: 7566.0s [2025-02-17T08:11:45.925Z]
### Progress: 89137/180800 events | Elapsed time: 7571.0s [2025-02-17T08:11:50.963Z]
### Progress: 89200/180800 events | Elapsed time: 7576.0s [2025-02-17T08:11:55.924Z]
### Progress: 89269/180800 events | Elapsed time: 7581.0s [2025-02-17T08:12:00.931Z]
### Progress: 89338/180800 events | Elapsed time: 7586.0s [2025-02-17T08:12:05.926Z]
### Progress: 89412/180800 events | Elapsed time: 7591.0s [2025-02-17T08:12:10.927Z]
### Progress: 89483/180800 events | Elapsed time: 7596.0s [2025-02-17T08:12:15.932Z]
### Progress: 89556/180800 events | Elapsed time: 7601.0s [2025-02-17T08:12:20.927Z]
### Progress: 89627/180800 events | Elapsed time: 7606.0s [2025-02-17T08:12:25.928Z]
### Progress: 89699/180800 events | Elapsed time: 7611.0s [2025-02-17T08:12:30.931Z]
### Progress: 89775/180800 events | Elapsed time: 7616.0s [2025-02-17T08:12:35.926Z]
### Progress: 89846/180800 events | Elapsed time: 7621.0s [2025-02-17T08:12:40.927Z]
### Progress: 89918/180800 events | Elapsed time: 7626.0s [2025-02-17T08:12:45.928Z]
### Progress: 89982/180800 events | Elapsed time: 7631.0s [2025-02-17T08:12:50.971Z]
### Progress: 90049/180800 events | Elapsed time: 7636.1s [2025-02-17T08:12:55.984Z]
### Progress: 90114/180800 events | Elapsed time: 7641.0s [2025-02-17T08:13:00.942Z]
### Progress: 90174/180800 events | Elapsed time: 7646.1s [2025-02-17T08:13:05.985Z]
### Progress: 90241/180800 events | Elapsed time: 7651.0s [2025-02-17T08:13:10.940Z]
### Progress: 90302/180800 events | Elapsed time: 7656.0s [2025-02-17T08:13:15.956Z]
### Progress: 90362/180800 events | Elapsed time: 7661.1s [2025-02-17T08:13:21.001Z]
### Progress: 90437/180800 events | Elapsed time: 7666.0s [2025-02-17T08:13:25.932Z]
### Progress: 90510/180800 events | Elapsed time: 7671.0s [2025-02-17T08:13:30.934Z]
### Progress: 90584/180800 events | Elapsed time: 7676.0s [2025-02-17T08:13:35.935Z]
### Progress: 90654/180800 events | Elapsed time: 7681.0s [2025-02-17T08:13:40.947Z]
### Progress: 90719/180800 events | Elapsed time: 7686.0s [2025-02-17T08:13:45.935Z]
### Progress: 90779/180800 events | Elapsed time: 7691.1s [2025-02-17T08:13:50.981Z]
### Progress: 90839/180800 events | Elapsed time: 7696.1s [2025-02-17T08:13:55.985Z]
### Progress: 90894/180800 events | Elapsed time: 7701.0s [2025-02-17T08:14:00.958Z]
### Progress: 90947/180800 events | Elapsed time: 7706.1s [2025-02-17T08:14:06.032Z]
### Progress: 91006/180800 events | Elapsed time: 7711.0s [2025-02-17T08:14:10.950Z]
### Progress: 91067/180800 events | Elapsed time: 7716.0s [2025-02-17T08:14:15.942Z]
### Progress: 91131/180800 events | Elapsed time: 7721.0s [2025-02-17T08:14:20.938Z]
### Progress: 91194/180800 events | Elapsed time: 7726.1s [2025-02-17T08:14:25.989Z]
### Progress: 91259/180800 events | Elapsed time: 7731.1s [2025-02-17T08:14:30.985Z]
### Progress: 91322/180800 events | Elapsed time: 7736.1s [2025-02-17T08:14:35.984Z]
### Progress: 91382/180800 events | Elapsed time: 7741.0s [2025-02-17T08:14:40.953Z]
### Progress: 91446/180800 events | Elapsed time: 7746.0s [2025-02-17T08:14:45.970Z]
### Progress: 91507/180800 events | Elapsed time: 7751.1s [2025-02-17T08:14:50.988Z]
### Progress: 91571/180800 events | Elapsed time: 7756.0s [2025-02-17T08:14:55.941Z]
### Progress: 91631/180800 events | Elapsed time: 7761.0s [2025-02-17T08:15:00.942Z]
### Progress: 91694/180800 events | Elapsed time: 7766.0s [2025-02-17T08:15:05.943Z]
### Progress: 91759/180800 events | Elapsed time: 7771.0s [2025-02-17T08:15:10.955Z]
### Progress: 91826/180800 events | Elapsed time: 7776.0s [2025-02-17T08:15:15.973Z]
### Progress: 91891/180800 events | Elapsed time: 7781.1s [2025-02-17T08:15:20.985Z]
### Progress: 91951/180800 events | Elapsed time: 7786.1s [2025-02-17T08:15:25.985Z]
### Progress: 92014/180800 events | Elapsed time: 7791.1s [2025-02-17T08:15:30.984Z]
### Progress: 92079/180800 events | Elapsed time: 7796.1s [2025-02-17T08:15:35.986Z]
### Progress: 92139/180800 events | Elapsed time: 7801.0s [2025-02-17T08:15:40.962Z]
### Progress: 92202/180800 events | Elapsed time: 7806.0s [2025-02-17T08:15:45.946Z]
### Progress: 92271/180800 events | Elapsed time: 7811.1s [2025-02-17T08:15:50.985Z]
### Progress: 92334/180800 events | Elapsed time: 7816.1s [2025-02-17T08:15:55.985Z]
### Progress: 92402/180800 events | Elapsed time: 7821.1s [2025-02-17T08:16:00.985Z]
### Progress: 92463/180800 events | Elapsed time: 7826.1s [2025-02-17T08:16:05.985Z]
### Progress: 92526/180800 events | Elapsed time: 7831.0s [2025-02-17T08:16:10.964Z]
### Progress: 92587/180800 events | Elapsed time: 7836.1s [2025-02-17T08:16:15.982Z]
### Progress: 92654/180800 events | Elapsed time: 7841.1s [2025-02-17T08:16:20.986Z]
### Progress: 92719/180800 events | Elapsed time: 7846.1s [2025-02-17T08:16:26.018Z]
### Progress: 92779/180800 events | Elapsed time: 7851.1s [2025-02-17T08:16:30.985Z]
### Progress: 92842/180800 events | Elapsed time: 7856.0s [2025-02-17T08:16:35.966Z]
### Progress: 92900/180800 events | Elapsed time: 7861.0s [2025-02-17T08:16:40.967Z]
### Progress: 92967/180800 events | Elapsed time: 7866.0s [2025-02-17T08:16:45.951Z]
### Progress: 93042/180800 events | Elapsed time: 7871.0s [2025-02-17T08:16:50.950Z]
### Progress: 93112/180800 events | Elapsed time: 7876.0s [2025-02-17T08:16:55.950Z]
### Progress: 93185/180800 events | Elapsed time: 7881.0s [2025-02-17T08:17:00.952Z]
### Progress: 93258/180800 events | Elapsed time: 7886.0s [2025-02-17T08:17:05.953Z]
### Progress: 93329/180800 events | Elapsed time: 7891.0s [2025-02-17T08:17:10.951Z]
### Progress: 93402/180800 events | Elapsed time: 7896.0s [2025-02-17T08:17:15.954Z]
### Progress: 93474/180800 events | Elapsed time: 7901.0s [2025-02-17T08:17:20.952Z]
### Progress: 93548/180800 events | Elapsed time: 7906.0s [2025-02-17T08:17:25.953Z]
### Progress: 93616/180800 events | Elapsed time: 7911.0s [2025-02-17T08:17:30.954Z]
### Progress: 93690/180800 events | Elapsed time: 7916.0s [2025-02-17T08:17:35.958Z]
### Progress: 93764/180800 events | Elapsed time: 7921.0s [2025-02-17T08:17:40.956Z]
### Progress: 93834/180800 events | Elapsed time: 7926.0s [2025-02-17T08:17:45.956Z]
### Progress: 93907/180800 events | Elapsed time: 7931.0s [2025-02-17T08:17:50.957Z]
### Progress: 93981/180800 events | Elapsed time: 7936.0s [2025-02-17T08:17:55.959Z]
### Progress: 94053/180800 events | Elapsed time: 7941.0s [2025-02-17T08:18:00.967Z]
### Progress: 94125/180800 events | Elapsed time: 7946.0s [2025-02-17T08:18:05.961Z]
### Progress: 94197/180800 events | Elapsed time: 7951.0s [2025-02-17T08:18:10.956Z]
### Progress: 94270/180800 events | Elapsed time: 7956.0s [2025-02-17T08:18:15.965Z]
### Progress: 94341/180800 events | Elapsed time: 7961.0s [2025-02-17T08:18:20.959Z]
### Progress: 94400/180800 events | Elapsed time: 7966.0s [2025-02-17T08:18:25.960Z]
### Progress: 94460/180800 events | Elapsed time: 7971.1s [2025-02-17T08:18:30.985Z]
### Progress: 94524/180800 events | Elapsed time: 7976.1s [2025-02-17T08:18:35.984Z]
### Progress: 94583/180800 events | Elapsed time: 7981.1s [2025-02-17T08:18:40.982Z]
### Progress: 94646/180800 events | Elapsed time: 7986.1s [2025-02-17T08:18:45.985Z]
### Progress: 94715/180800 events | Elapsed time: 7991.1s [2025-02-17T08:18:51.019Z]
### Progress: 94775/180800 events | Elapsed time: 7996.0s [2025-02-17T08:18:55.963Z]
### Progress: 94835/180800 events | Elapsed time: 8001.0s [2025-02-17T08:19:00.963Z]
### Progress: 94895/180800 events | Elapsed time: 8006.0s [2025-02-17T08:19:05.970Z]
### Progress: 94960/180800 events | Elapsed time: 8011.1s [2025-02-17T08:19:10.987Z]
### Progress: 95024/180800 events | Elapsed time: 8016.1s [2025-02-17T08:19:15.985Z]
### Progress: 95095/180800 events | Elapsed time: 8021.1s [2025-02-17T08:19:20.985Z]
### Progress: 95155/180800 events | Elapsed time: 8026.0s [2025-02-17T08:19:25.965Z]
### Progress: 95215/180800 events | Elapsed time: 8031.1s [2025-02-17T08:19:30.984Z]
### Progress: 95280/180800 events | Elapsed time: 8036.0s [2025-02-17T08:19:35.974Z]
### Progress: 95343/180800 events | Elapsed time: 8041.1s [2025-02-17T08:19:40.986Z]
### Progress: 95406/180800 events | Elapsed time: 8046.1s [2025-02-17T08:19:45.985Z]
### Progress: 95475/180800 events | Elapsed time: 8051.1s [2025-02-17T08:19:50.985Z]
### Progress: 95535/180800 events | Elapsed time: 8056.1s [2025-02-17T08:19:55.985Z]
### Progress: 95600/180800 events | Elapsed time: 8061.0s [2025-02-17T08:20:00.970Z]
### Progress: 95660/180800 events | Elapsed time: 8066.1s [2025-02-17T08:20:05.985Z]
### Progress: 95726/180800 events | Elapsed time: 8071.1s [2025-02-17T08:20:10.994Z]
### Progress: 95791/180800 events | Elapsed time: 8076.1s [2025-02-17T08:20:15.985Z]
### Progress: 95855/180800 events | Elapsed time: 8081.0s [2025-02-17T08:20:20.972Z]
### Progress: 95920/180800 events | Elapsed time: 8086.1s [2025-02-17T08:20:25.993Z]
### Progress: 95980/180800 events | Elapsed time: 8091.1s [2025-02-17T08:20:30.993Z]
### Progress: 96041/180800 events | Elapsed time: 8096.1s [2025-02-17T08:20:35.985Z]
### Progress: 96106/180800 events | Elapsed time: 8101.1s [2025-02-17T08:20:40.986Z]
### Progress: 96175/180800 events | Elapsed time: 8106.1s [2025-02-17T08:20:46.018Z]
### Progress: 96228/180800 events | Elapsed time: 8111.1s [2025-02-17T08:20:50.985Z]
### Progress: 96292/180800 events | Elapsed time: 8116.1s [2025-02-17T08:20:55.981Z]
### Progress: 96356/180800 events | Elapsed time: 8121.1s [2025-02-17T08:21:00.979Z]
### Progress: 96419/180800 events | Elapsed time: 8126.1s [2025-02-17T08:21:05.985Z]
### Progress: 96492/180800 events | Elapsed time: 8131.1s [2025-02-17T08:21:10.986Z]
### Progress: 96553/180800 events | Elapsed time: 8136.1s [2025-02-17T08:21:15.985Z]
### Progress: 96617/180800 events | Elapsed time: 8141.1s [2025-02-17T08:21:20.979Z]
### Progress: 96677/180800 events | Elapsed time: 8146.1s [2025-02-17T08:21:25.984Z]
### Progress: 96741/180800 events | Elapsed time: 8151.1s [2025-02-17T08:21:30.980Z]
### Progress: 96809/180800 events | Elapsed time: 8156.1s [2025-02-17T08:21:35.989Z]
### Progress: 96876/180800 events | Elapsed time: 8161.1s [2025-02-17T08:21:40.985Z]
### Progress: 96937/180800 events | Elapsed time: 8166.1s [2025-02-17T08:21:46.025Z]
### Progress: 97001/180800 events | Elapsed time: 8171.1s [2025-02-17T08:21:50.985Z]
### Progress: 97057/180800 events | Elapsed time: 8176.1s [2025-02-17T08:21:55.986Z]
### Progress: 97120/180800 events | Elapsed time: 8181.1s [2025-02-17T08:22:00.983Z]
### Progress: 97183/180800 events | Elapsed time: 8186.1s [2025-02-17T08:22:05.987Z]
### Progress: 97243/180800 events | Elapsed time: 8191.1s [2025-02-17T08:22:10.986Z]
### Progress: 97311/180800 events | Elapsed time: 8196.1s [2025-02-17T08:22:15.986Z]
### Progress: 97374/180800 events | Elapsed time: 8201.1s [2025-02-17T08:22:20.986Z]
### Progress: 97438/180800 events | Elapsed time: 8206.1s [2025-02-17T08:22:25.986Z]
### Progress: 97500/180800 events | Elapsed time: 8211.1s [2025-02-17T08:22:30.987Z]
### Progress: 97569/180800 events | Elapsed time: 8216.1s [2025-02-17T08:22:35.991Z]
### Progress: 97630/180800 events | Elapsed time: 8221.1s [2025-02-17T08:22:40.990Z]
### Progress: 97690/180800 events | Elapsed time: 8226.1s [2025-02-17T08:22:45.989Z]
### Progress: 97754/180800 events | Elapsed time: 8231.1s [2025-02-17T08:22:50.989Z]
### Progress: 97819/180800 events | Elapsed time: 8236.1s [2025-02-17T08:22:55.997Z]
### Progress: 97880/180800 events | Elapsed time: 8241.1s [2025-02-17T08:23:00.990Z]
### Progress: 97944/180800 events | Elapsed time: 8246.1s [2025-02-17T08:23:05.991Z]
### Progress: 98014/180800 events | Elapsed time: 8251.1s [2025-02-17T08:23:10.990Z]
### Progress: 98074/180800 events | Elapsed time: 8256.1s [2025-02-17T08:23:15.992Z]
### Progress: 98140/180800 events | Elapsed time: 8261.1s [2025-02-17T08:23:20.989Z]
### Progress: 98190/180800 events | Elapsed time: 8266.1s [2025-02-17T08:23:26.001Z]
### Progress: 98254/180800 events | Elapsed time: 8271.1s [2025-02-17T08:23:30.992Z]
### Progress: 98320/180800 events | Elapsed time: 8276.1s [2025-02-17T08:23:35.992Z]
### Progress: 98380/180800 events | Elapsed time: 8281.1s [2025-02-17T08:23:40.994Z]
### Progress: 98440/180800 events | Elapsed time: 8286.1s [2025-02-17T08:23:45.995Z]
### Progress: 98504/180800 events | Elapsed time: 8291.1s [2025-02-17T08:23:50.993Z]
### Progress: 98564/180800 events | Elapsed time: 8296.1s [2025-02-17T08:23:55.995Z]
### Progress: 98630/180800 events | Elapsed time: 8301.1s [2025-02-17T08:24:00.992Z]
### Progress: 98694/180800 events | Elapsed time: 8306.1s [2025-02-17T08:24:05.994Z]
### Progress: 98757/180800 events | Elapsed time: 8311.1s [2025-02-17T08:24:10.994Z]
### Progress: 98819/180800 events | Elapsed time: 8316.1s [2025-02-17T08:24:15.994Z]
### Progress: 98884/180800 events | Elapsed time: 8321.1s [2025-02-17T08:24:20.995Z]
### Progress: 98944/180800 events | Elapsed time: 8326.1s [2025-02-17T08:24:25.998Z]
### Progress: 99004/180800 events | Elapsed time: 8331.1s [2025-02-17T08:24:30.996Z]
### Progress: 99071/180800 events | Elapsed time: 8336.1s [2025-02-17T08:24:35.998Z]
### Progress: 99132/180800 events | Elapsed time: 8341.1s [2025-02-17T08:24:40.997Z]
### Progress: 99199/180800 events | Elapsed time: 8346.1s [2025-02-17T08:24:45.995Z]
### Progress: 99259/180800 events | Elapsed time: 8351.1s [2025-02-17T08:24:50.996Z]
### Progress: 99316/180800 events | Elapsed time: 8356.1s [2025-02-17T08:24:55.998Z]
### Progress: 99379/180800 events | Elapsed time: 8361.1s [2025-02-17T08:25:00.999Z]
### Progress: 99444/180800 events | Elapsed time: 8366.1s [2025-02-17T08:25:06.000Z]
### Progress: 99503/180800 events | Elapsed time: 8371.1s [2025-02-17T08:25:11.000Z]
### Progress: 99569/180800 events | Elapsed time: 8376.1s [2025-02-17T08:25:16.003Z]
### Progress: 99632/180800 events | Elapsed time: 8381.1s [2025-02-17T08:25:21.000Z]
### Progress: 99692/180800 events | Elapsed time: 8386.1s [2025-02-17T08:25:26.002Z]
### Progress: 99759/180800 events | Elapsed time: 8391.1s [2025-02-17T08:25:31.003Z]
### Progress: 99819/180800 events | Elapsed time: 8396.1s [2025-02-17T08:25:36.003Z]
### Progress: 99879/180800 events | Elapsed time: 8401.1s [2025-02-17T08:25:41.002Z]
### Progress: 99945/180800 events | Elapsed time: 8406.1s [2025-02-17T08:25:46.005Z]
### Progress: 100005/180800 events | Elapsed time: 8411.1s [2025-02-17T08:25:51.003Z]
### Progress: 100061/180800 events | Elapsed time: 8416.1s [2025-02-17T08:25:56.010Z]
### Progress: 100123/180800 events | Elapsed time: 8421.1s [2025-02-17T08:26:01.008Z]
### Progress: 100184/180800 events | Elapsed time: 8426.1s [2025-02-17T08:26:06.008Z]
### Progress: 100246/180800 events | Elapsed time: 8431.1s [2025-02-17T08:26:11.004Z]
### Progress: 100311/180800 events | Elapsed time: 8436.1s [2025-02-17T08:26:16.007Z]
### Progress: 100380/180800 events | Elapsed time: 8441.1s [2025-02-17T08:26:21.005Z]
### Progress: 100452/180800 events | Elapsed time: 8446.1s [2025-02-17T08:26:26.013Z]
### Progress: 100519/180800 events | Elapsed time: 8451.1s [2025-02-17T08:26:31.012Z]
### Progress: 100589/180800 events | Elapsed time: 8456.1s [2025-02-17T08:26:36.011Z]
### Progress: 100651/180800 events | Elapsed time: 8461.1s [2025-02-17T08:26:41.013Z]
### Progress: 100715/180800 events | Elapsed time: 8466.1s [2025-02-17T08:26:46.012Z]
### Progress: 100775/180800 events | Elapsed time: 8471.1s [2025-02-17T08:26:51.013Z]
### Progress: 100832/180800 events | Elapsed time: 8476.1s [2025-02-17T08:26:56.013Z]
### Progress: 100899/180800 events | Elapsed time: 8481.1s [2025-02-17T08:27:01.012Z]
### Progress: 100958/180800 events | Elapsed time: 8486.1s [2025-02-17T08:27:06.015Z]
### Progress: 101019/180800 events | Elapsed time: 8491.1s [2025-02-17T08:27:11.011Z]
### Progress: 101083/180800 events | Elapsed time: 8496.1s [2025-02-17T08:27:16.011Z]
### Progress: 101146/180800 events | Elapsed time: 8501.1s [2025-02-17T08:27:21.012Z]
### Progress: 101210/180800 events | Elapsed time: 8506.1s [2025-02-17T08:27:26.012Z]
### Progress: 101275/180800 events | Elapsed time: 8511.1s [2025-02-17T08:27:31.011Z]
### Progress: 101336/180800 events | Elapsed time: 8516.1s [2025-02-17T08:27:36.013Z]
### Progress: 101406/180800 events | Elapsed time: 8521.1s [2025-02-17T08:27:41.013Z]
### Progress: 101464/180800 events | Elapsed time: 8526.1s [2025-02-17T08:27:46.076Z]
### Progress: 101523/180800 events | Elapsed time: 8531.1s [2025-02-17T08:27:51.017Z]
### Progress: 101590/180800 events | Elapsed time: 8536.1s [2025-02-17T08:27:56.015Z]
### Progress: 101659/180800 events | Elapsed time: 8541.1s [2025-02-17T08:28:01.012Z]
### Progress: 101719/180800 events | Elapsed time: 8546.1s [2025-02-17T08:28:06.015Z]
### Progress: 101783/180800 events | Elapsed time: 8551.1s [2025-02-17T08:28:11.013Z]
### Progress: 101846/180800 events | Elapsed time: 8556.1s [2025-02-17T08:28:16.019Z]
### Progress: 101910/180800 events | Elapsed time: 8561.1s [2025-02-17T08:28:21.015Z]
### Progress: 101972/180800 events | Elapsed time: 8566.1s [2025-02-17T08:28:26.022Z]
### Progress: 102032/180800 events | Elapsed time: 8571.1s [2025-02-17T08:28:31.014Z]
### Progress: 102098/180800 events | Elapsed time: 8576.1s [2025-02-17T08:28:36.025Z]
### Progress: 102159/180800 events | Elapsed time: 8581.1s [2025-02-17T08:28:41.014Z]
### Progress: 102226/180800 events | Elapsed time: 8586.1s [2025-02-17T08:28:46.012Z]
### Progress: 102292/180800 events | Elapsed time: 8591.1s [2025-02-17T08:28:51.015Z]
### Progress: 102351/180800 events | Elapsed time: 8596.2s [2025-02-17T08:28:56.119Z]
### Progress: 102412/180800 events | Elapsed time: 8601.1s [2025-02-17T08:29:01.015Z]
### Progress: 102472/180800 events | Elapsed time: 8606.1s [2025-02-17T08:29:06.016Z]
### Progress: 102539/180800 events | Elapsed time: 8611.1s [2025-02-17T08:29:11.015Z]
### Progress: 102599/180800 events | Elapsed time: 8616.1s [2025-02-17T08:29:16.014Z]
### Progress: 102663/180800 events | Elapsed time: 8621.1s [2025-02-17T08:29:21.015Z]
### Progress: 102726/180800 events | Elapsed time: 8626.1s [2025-02-17T08:29:26.020Z]
### Progress: 102786/180800 events | Elapsed time: 8631.1s [2025-02-17T08:29:31.015Z]
### Progress: 102850/180800 events | Elapsed time: 8636.1s [2025-02-17T08:29:36.015Z]
### Progress: 102912/180800 events | Elapsed time: 8641.1s [2025-02-17T08:29:41.017Z]
### Progress: 102975/180800 events | Elapsed time: 8646.1s [2025-02-17T08:29:46.019Z]
### Progress: 103035/180800 events | Elapsed time: 8651.1s [2025-02-17T08:29:51.019Z]
### Progress: 103095/180800 events | Elapsed time: 8656.1s [2025-02-17T08:29:56.018Z]
### Progress: 103155/180800 events | Elapsed time: 8661.1s [2025-02-17T08:30:01.020Z]
### Progress: 103212/180800 events | Elapsed time: 8666.1s [2025-02-17T08:30:06.021Z]
### Progress: 103272/180800 events | Elapsed time: 8671.1s [2025-02-17T08:30:11.020Z]
### Progress: 103335/180800 events | Elapsed time: 8676.1s [2025-02-17T08:30:16.019Z]
### Progress: 103399/180800 events | Elapsed time: 8681.1s [2025-02-17T08:30:21.019Z]
### Progress: 103461/180800 events | Elapsed time: 8686.1s [2025-02-17T08:30:26.021Z]
### Progress: 103526/180800 events | Elapsed time: 8691.1s [2025-02-17T08:30:31.019Z]
### Progress: 103586/180800 events | Elapsed time: 8696.1s [2025-02-17T08:30:36.021Z]
### Progress: 103650/180800 events | Elapsed time: 8701.1s [2025-02-17T08:30:41.020Z]
### Progress: 103712/180800 events | Elapsed time: 8706.1s [2025-02-17T08:30:46.020Z]
### Progress: 103778/180800 events | Elapsed time: 8711.1s [2025-02-17T08:30:51.022Z]
### Progress: 103840/180800 events | Elapsed time: 8716.1s [2025-02-17T08:30:56.023Z]
### Progress: 103905/180800 events | Elapsed time: 8721.1s [2025-02-17T08:31:01.022Z]
### Progress: 103969/180800 events | Elapsed time: 8726.1s [2025-02-17T08:31:06.020Z]
### Progress: 104032/180800 events | Elapsed time: 8731.1s [2025-02-17T08:31:11.022Z]
### Progress: 104093/180800 events | Elapsed time: 8736.1s [2025-02-17T08:31:16.024Z]
### Progress: 104160/180800 events | Elapsed time: 8741.1s [2025-02-17T08:31:21.022Z]
### Progress: 104229/180800 events | Elapsed time: 8746.1s [2025-02-17T08:31:26.050Z]
### Progress: 104301/180800 events | Elapsed time: 8751.1s [2025-02-17T08:31:31.022Z]
### Progress: 104374/180800 events | Elapsed time: 8756.1s [2025-02-17T08:31:36.023Z]
### Progress: 104447/180800 events | Elapsed time: 8761.1s [2025-02-17T08:31:41.023Z]
### Progress: 104518/180800 events | Elapsed time: 8766.1s [2025-02-17T08:31:46.026Z]
### Progress: 104593/180800 events | Elapsed time: 8771.1s [2025-02-17T08:31:51.025Z]
### Progress: 104665/180800 events | Elapsed time: 8776.1s [2025-02-17T08:31:56.025Z]
### Progress: 104737/180800 events | Elapsed time: 8781.1s [2025-02-17T08:32:01.026Z]
### Progress: 104811/180800 events | Elapsed time: 8786.1s [2025-02-17T08:32:06.028Z]
### Progress: 104884/180800 events | Elapsed time: 8791.1s [2025-02-17T08:32:11.028Z]
### Progress: 104955/180800 events | Elapsed time: 8796.1s [2025-02-17T08:32:16.027Z]
### Progress: 105027/180800 events | Elapsed time: 8801.1s [2025-02-17T08:32:21.028Z]
### Progress: 105090/180800 events | Elapsed time: 8806.1s [2025-02-17T08:32:26.030Z]
### Progress: 105160/180800 events | Elapsed time: 8811.1s [2025-02-17T08:32:31.028Z]
### Progress: 105226/180800 events | Elapsed time: 8816.1s [2025-02-17T08:32:36.032Z]
### Progress: 105292/180800 events | Elapsed time: 8821.1s [2025-02-17T08:32:41.030Z]
### Progress: 105356/180800 events | Elapsed time: 8826.1s [2025-02-17T08:32:46.029Z]
### Progress: 105419/180800 events | Elapsed time: 8831.1s [2025-02-17T08:32:51.035Z]
### Progress: 105487/180800 events | Elapsed time: 8836.1s [2025-02-17T08:32:56.031Z]
### Progress: 105550/180800 events | Elapsed time: 8841.1s [2025-02-17T08:33:01.032Z]
### Progress: 105617/180800 events | Elapsed time: 8846.1s [2025-02-17T08:33:06.029Z]
### Progress: 105686/180800 events | Elapsed time: 8851.1s [2025-02-17T08:33:11.030Z]
### Progress: 105747/180800 events | Elapsed time: 8856.1s [2025-02-17T08:33:16.031Z]
### Progress: 105807/180800 events | Elapsed time: 8861.1s [2025-02-17T08:33:21.032Z]
### Progress: 105869/180800 events | Elapsed time: 8866.1s [2025-02-17T08:33:26.034Z]
### Progress: 105930/180800 events | Elapsed time: 8871.2s [2025-02-17T08:33:31.108Z]
### Progress: 105992/180800 events | Elapsed time: 8876.1s [2025-02-17T08:33:36.032Z]
### Progress: 106057/180800 events | Elapsed time: 8881.1s [2025-02-17T08:33:41.034Z]
### Progress: 106117/180800 events | Elapsed time: 8886.1s [2025-02-17T08:33:46.037Z]
### Progress: 106179/180800 events | Elapsed time: 8891.1s [2025-02-17T08:33:51.035Z]
### Progress: 106247/180800 events | Elapsed time: 8896.1s [2025-02-17T08:33:56.034Z]
### Progress: 106312/180800 events | Elapsed time: 8901.1s [2025-02-17T08:34:01.035Z]
### Progress: 106377/180800 events | Elapsed time: 8906.1s [2025-02-17T08:34:06.040Z]
### Progress: 106440/180800 events | Elapsed time: 8911.1s [2025-02-17T08:34:11.040Z]
### Progress: 106500/180800 events | Elapsed time: 8916.1s [2025-02-17T08:34:16.037Z]
### Progress: 106567/180800 events | Elapsed time: 8921.1s [2025-02-17T08:34:21.036Z]
### Progress: 106629/180800 events | Elapsed time: 8926.1s [2025-02-17T08:34:26.037Z]
### Progress: 106689/180800 events | Elapsed time: 8931.1s [2025-02-17T08:34:31.037Z]
### Progress: 106752/180800 events | Elapsed time: 8936.1s [2025-02-17T08:34:36.036Z]
### Progress: 106817/180800 events | Elapsed time: 8941.1s [2025-02-17T08:34:41.042Z]
### Progress: 106877/180800 events | Elapsed time: 8946.1s [2025-02-17T08:34:46.042Z]
### Progress: 106947/180800 events | Elapsed time: 8951.1s [2025-02-17T08:34:51.040Z]
### Progress: 107011/180800 events | Elapsed time: 8956.1s [2025-02-17T08:34:56.055Z]
### Progress: 107072/180800 events | Elapsed time: 8961.1s [2025-02-17T08:35:01.041Z]
### Progress: 107130/180800 events | Elapsed time: 8966.2s [2025-02-17T08:35:06.103Z]
### Progress: 107200/180800 events | Elapsed time: 8971.1s [2025-02-17T08:35:11.041Z]
### Progress: 107267/180800 events | Elapsed time: 8976.1s [2025-02-17T08:35:16.046Z]
### Progress: 107335/180800 events | Elapsed time: 8981.1s [2025-02-17T08:35:21.043Z]
### Progress: 107411/180800 events | Elapsed time: 8986.1s [2025-02-17T08:35:26.042Z]
### Progress: 107484/180800 events | Elapsed time: 8991.1s [2025-02-17T08:35:31.043Z]
### Progress: 107555/180800 events | Elapsed time: 8996.1s [2025-02-17T08:35:36.045Z]
### Progress: 107631/180800 events | Elapsed time: 9001.1s [2025-02-17T08:35:41.062Z]
### Progress: 107696/180800 events | Elapsed time: 9006.1s [2025-02-17T08:35:46.043Z]
### Progress: 107773/180800 events | Elapsed time: 9011.1s [2025-02-17T08:35:51.045Z]
### Progress: 107835/180800 events | Elapsed time: 9016.1s [2025-02-17T08:35:56.044Z]
### Progress: 107899/180800 events | Elapsed time: 9021.1s [2025-02-17T08:36:01.045Z]
### Progress: 107963/180800 events | Elapsed time: 9026.1s [2025-02-17T08:36:06.046Z]
### Progress: 108027/180800 events | Elapsed time: 9031.1s [2025-02-17T08:36:11.050Z]
### Progress: 108093/180800 events | Elapsed time: 9036.1s [2025-02-17T08:36:16.051Z]
### Progress: 108157/180800 events | Elapsed time: 9041.1s [2025-02-17T08:36:21.052Z]
### Progress: 108227/180800 events | Elapsed time: 9046.1s [2025-02-17T08:36:26.049Z]
### Progress: 108287/180800 events | Elapsed time: 9051.1s [2025-02-17T08:36:31.050Z]
### Progress: 108353/180800 events | Elapsed time: 9056.1s [2025-02-17T08:36:36.050Z]
### Progress: 108413/180800 events | Elapsed time: 9061.1s [2025-02-17T08:36:41.053Z]
### Progress: 108473/180800 events | Elapsed time: 9066.2s [2025-02-17T08:36:46.078Z]
### Progress: 108533/180800 events | Elapsed time: 9071.1s [2025-02-17T08:36:51.050Z]
### Progress: 108595/180800 events | Elapsed time: 9076.1s [2025-02-17T08:36:56.053Z]
### Progress: 108655/180800 events | Elapsed time: 9081.1s [2025-02-17T08:37:01.053Z]
### Progress: 108719/180800 events | Elapsed time: 9086.1s [2025-02-17T08:37:06.053Z]
### Progress: 108775/180800 events | Elapsed time: 9091.1s [2025-02-17T08:37:11.055Z]
### Progress: 108835/180800 events | Elapsed time: 9096.1s [2025-02-17T08:37:16.059Z]
### Progress: 108903/180800 events | Elapsed time: 9101.1s [2025-02-17T08:37:21.055Z]
### Progress: 108967/180800 events | Elapsed time: 9106.2s [2025-02-17T08:37:26.089Z]
### Progress: 109033/180800 events | Elapsed time: 9111.1s [2025-02-17T08:37:31.054Z]
### Progress: 109095/180800 events | Elapsed time: 9116.1s [2025-02-17T08:37:36.054Z]
### Progress: 109157/180800 events | Elapsed time: 9121.1s [2025-02-17T08:37:41.057Z]
### Progress: 109220/180800 events | Elapsed time: 9126.1s [2025-02-17T08:37:46.062Z]
### Progress: 109287/180800 events | Elapsed time: 9131.1s [2025-02-17T08:37:51.061Z]
### Progress: 109353/180800 events | Elapsed time: 9136.1s [2025-02-17T08:37:56.060Z]
### Progress: 109413/180800 events | Elapsed time: 9141.1s [2025-02-17T08:38:01.061Z]
### Progress: 109475/180800 events | Elapsed time: 9146.1s [2025-02-17T08:38:06.062Z]
### Progress: 109535/180800 events | Elapsed time: 9151.1s [2025-02-17T08:38:11.060Z]
### Progress: 109596/180800 events | Elapsed time: 9156.1s [2025-02-17T08:38:16.061Z]
### Progress: 109667/180800 events | Elapsed time: 9161.1s [2025-02-17T08:38:21.061Z]
### Progress: 109727/180800 events | Elapsed time: 9166.1s [2025-02-17T08:38:26.063Z]
### Progress: 109793/180800 events | Elapsed time: 9171.1s [2025-02-17T08:38:31.063Z]
### Progress: 109853/180800 events | Elapsed time: 9176.1s [2025-02-17T08:38:36.065Z]
### Progress: 109919/180800 events | Elapsed time: 9181.1s [2025-02-17T08:38:41.062Z]
### Progress: 109983/180800 events | Elapsed time: 9186.1s [2025-02-17T08:38:46.063Z]
### Progress: 110047/180800 events | Elapsed time: 9191.1s [2025-02-17T08:38:51.062Z]
### Progress: 110111/180800 events | Elapsed time: 9196.1s [2025-02-17T08:38:56.063Z]
### Progress: 110177/180800 events | Elapsed time: 9201.1s [2025-02-17T08:39:01.065Z]
### Progress: 110242/180800 events | Elapsed time: 9206.1s [2025-02-17T08:39:06.066Z]
### Progress: 110305/180800 events | Elapsed time: 9211.1s [2025-02-17T08:39:11.066Z]
### Progress: 110368/180800 events | Elapsed time: 9216.1s [2025-02-17T08:39:16.066Z]
### Progress: 110431/180800 events | Elapsed time: 9221.1s [2025-02-17T08:39:21.067Z]
### Progress: 110497/180800 events | Elapsed time: 9226.1s [2025-02-17T08:39:26.068Z]
### Progress: 110565/180800 events | Elapsed time: 9231.1s [2025-02-17T08:39:31.069Z]
### Progress: 110627/180800 events | Elapsed time: 9236.1s [2025-02-17T08:39:36.071Z]
### Progress: 110691/180800 events | Elapsed time: 9241.1s [2025-02-17T08:39:41.069Z]
### Progress: 110754/180800 events | Elapsed time: 9246.1s [2025-02-17T08:39:46.070Z]
### Progress: 110824/180800 events | Elapsed time: 9251.1s [2025-02-17T08:39:51.072Z]
### Progress: 110886/180800 events | Elapsed time: 9256.1s [2025-02-17T08:39:56.071Z]
### Progress: 110953/180800 events | Elapsed time: 9261.1s [2025-02-17T08:40:01.071Z]
### Progress: 111016/180800 events | Elapsed time: 9266.1s [2025-02-17T08:40:06.076Z]
### Progress: 111079/180800 events | Elapsed time: 9271.1s [2025-02-17T08:40:11.072Z]
### Progress: 111139/180800 events | Elapsed time: 9276.1s [2025-02-17T08:40:16.072Z]
### Progress: 111204/180800 events | Elapsed time: 9281.1s [2025-02-17T08:40:21.073Z]
### Progress: 111265/180800 events | Elapsed time: 9286.1s [2025-02-17T08:40:26.075Z]
### Progress: 111330/180800 events | Elapsed time: 9291.1s [2025-02-17T08:40:31.073Z]
### Progress: 111395/180800 events | Elapsed time: 9296.1s [2025-02-17T08:40:36.074Z]
### Progress: 111464/180800 events | Elapsed time: 9301.1s [2025-02-17T08:40:41.074Z]
### Progress: 111525/180800 events | Elapsed time: 9306.1s [2025-02-17T08:40:46.077Z]
### Progress: 111590/180800 events | Elapsed time: 9311.1s [2025-02-17T08:40:51.076Z]
### Progress: 111657/180800 events | Elapsed time: 9316.1s [2025-02-17T08:40:56.077Z]
### Progress: 111713/180800 events | Elapsed time: 9321.2s [2025-02-17T08:41:01.080Z]
### Progress: 111778/180800 events | Elapsed time: 9326.2s [2025-02-17T08:41:06.080Z]
### Progress: 111845/180800 events | Elapsed time: 9331.2s [2025-02-17T08:41:11.082Z]
### Progress: 111905/180800 events | Elapsed time: 9336.2s [2025-02-17T08:41:16.081Z]
### Progress: 111970/180800 events | Elapsed time: 9341.2s [2025-02-17T08:41:21.080Z]
### Progress: 112037/180800 events | Elapsed time: 9346.2s [2025-02-17T08:41:26.081Z]
### Progress: 112097/180800 events | Elapsed time: 9351.2s [2025-02-17T08:41:31.082Z]
### Progress: 112159/180800 events | Elapsed time: 9356.2s [2025-02-17T08:41:36.083Z]
### Progress: 112225/180800 events | Elapsed time: 9361.2s [2025-02-17T08:41:41.080Z]
### Progress: 112295/180800 events | Elapsed time: 9366.2s [2025-02-17T08:41:46.083Z]
### Progress: 112359/180800 events | Elapsed time: 9371.2s [2025-02-17T08:41:51.084Z]
### Progress: 112425/180800 events | Elapsed time: 9376.2s [2025-02-17T08:41:56.084Z]
### Progress: 112489/180800 events | Elapsed time: 9381.2s [2025-02-17T08:42:01.083Z]
### Progress: 112556/180800 events | Elapsed time: 9386.2s [2025-02-17T08:42:06.088Z]
### Progress: 112619/180800 events | Elapsed time: 9391.2s [2025-02-17T08:42:11.097Z]
### Progress: 112679/180800 events | Elapsed time: 9396.2s [2025-02-17T08:42:16.099Z]
### Progress: 112745/180800 events | Elapsed time: 9401.2s [2025-02-17T08:42:21.083Z]
### Progress: 112805/180800 events | Elapsed time: 9406.2s [2025-02-17T08:42:26.084Z]
### Progress: 112869/180800 events | Elapsed time: 9411.2s [2025-02-17T08:42:31.084Z]
### Progress: 112938/180800 events | Elapsed time: 9416.2s [2025-02-17T08:42:36.097Z]
### Progress: 112999/180800 events | Elapsed time: 9421.2s [2025-02-17T08:42:41.086Z]
### Progress: 113065/180800 events | Elapsed time: 9426.2s [2025-02-17T08:42:46.087Z]
### Progress: 113126/180800 events | Elapsed time: 9431.2s [2025-02-17T08:42:51.088Z]
### Progress: 113195/180800 events | Elapsed time: 9436.2s [2025-02-17T08:42:56.088Z]
### Progress: 113259/180800 events | Elapsed time: 9441.2s [2025-02-17T08:43:01.091Z]
### Progress: 113325/180800 events | Elapsed time: 9446.2s [2025-02-17T08:43:06.089Z]
### Progress: 113379/180800 events | Elapsed time: 9451.2s [2025-02-17T08:43:11.132Z]
### Progress: 113446/180800 events | Elapsed time: 9456.2s [2025-02-17T08:43:16.090Z]
### Progress: 113509/180800 events | Elapsed time: 9461.2s [2025-02-17T08:43:21.091Z]
### Progress: 113575/180800 events | Elapsed time: 9466.2s [2025-02-17T08:43:26.092Z]
### Progress: 113645/180800 events | Elapsed time: 9471.2s [2025-02-17T08:43:31.088Z]
### Progress: 113695/180800 events | Elapsed time: 9476.2s [2025-02-17T08:43:36.091Z]
### Progress: 113759/180800 events | Elapsed time: 9481.2s [2025-02-17T08:43:41.095Z]
### Progress: 113831/180800 events | Elapsed time: 9486.2s [2025-02-17T08:43:46.091Z]
### Progress: 113905/180800 events | Elapsed time: 9491.2s [2025-02-17T08:43:51.090Z]
### Progress: 113977/180800 events | Elapsed time: 9496.2s [2025-02-17T08:43:56.097Z]
### Progress: 114050/180800 events | Elapsed time: 9501.2s [2025-02-17T08:44:01.092Z]
### Progress: 114123/180800 events | Elapsed time: 9506.2s [2025-02-17T08:44:06.092Z]
### Progress: 114194/180800 events | Elapsed time: 9511.2s [2025-02-17T08:44:11.102Z]
### Progress: 114269/180800 events | Elapsed time: 9516.2s [2025-02-17T08:44:16.111Z]
### Progress: 114342/180800 events | Elapsed time: 9521.2s [2025-02-17T08:44:21.101Z]
### Progress: 114413/180800 events | Elapsed time: 9526.2s [2025-02-17T08:44:26.096Z]
### Progress: 114481/180800 events | Elapsed time: 9531.2s [2025-02-17T08:44:31.095Z]
### Progress: 114546/180800 events | Elapsed time: 9536.3s [2025-02-17T08:44:36.187Z]
### Progress: 114610/180800 events | Elapsed time: 9541.2s [2025-02-17T08:44:41.130Z]
### Progress: 114672/180800 events | Elapsed time: 9546.2s [2025-02-17T08:44:46.099Z]
### Progress: 114736/180800 events | Elapsed time: 9551.2s [2025-02-17T08:44:51.101Z]
### Progress: 114799/180800 events | Elapsed time: 9556.2s [2025-02-17T08:44:56.098Z]
### Progress: 114872/180800 events | Elapsed time: 9561.2s [2025-02-17T08:45:01.099Z]
### Progress: 114941/180800 events | Elapsed time: 9566.2s [2025-02-17T08:45:06.098Z]
### Progress: 115017/180800 events | Elapsed time: 9571.2s [2025-02-17T08:45:11.097Z]
### Progress: 115083/180800 events | Elapsed time: 9576.2s [2025-02-17T08:45:16.100Z]
### Progress: 115162/180800 events | Elapsed time: 9581.2s [2025-02-17T08:45:21.101Z]
### Progress: 115229/180800 events | Elapsed time: 9586.2s [2025-02-17T08:45:26.098Z]
### Progress: 115304/180800 events | Elapsed time: 9591.2s [2025-02-17T08:45:31.098Z]
### Progress: 115375/180800 events | Elapsed time: 9596.2s [2025-02-17T08:45:36.100Z]
### Progress: 115449/180800 events | Elapsed time: 9601.2s [2025-02-17T08:45:41.102Z]
### Progress: 115523/180800 events | Elapsed time: 9606.2s [2025-02-17T08:45:46.102Z]
### Progress: 115594/180800 events | Elapsed time: 9611.2s [2025-02-17T08:45:51.099Z]
### Progress: 115667/180800 events | Elapsed time: 9616.2s [2025-02-17T08:45:56.100Z]
### Progress: 115737/180800 events | Elapsed time: 9621.2s [2025-02-17T08:46:01.102Z]
### Progress: 115808/180800 events | Elapsed time: 9626.2s [2025-02-17T08:46:06.136Z]
### Progress: 115877/180800 events | Elapsed time: 9631.2s [2025-02-17T08:46:11.102Z]
### Progress: 115951/180800 events | Elapsed time: 9636.2s [2025-02-17T08:46:16.101Z]
### Progress: 116021/180800 events | Elapsed time: 9641.2s [2025-02-17T08:46:21.102Z]
### Progress: 116081/180800 events | Elapsed time: 9646.2s [2025-02-17T08:46:26.170Z]
### Progress: 116142/180800 events | Elapsed time: 9651.2s [2025-02-17T08:46:31.126Z]
### Progress: 116204/180800 events | Elapsed time: 9656.2s [2025-02-17T08:46:36.102Z]
### Progress: 116268/180800 events | Elapsed time: 9661.2s [2025-02-17T08:46:41.101Z]
### Progress: 116324/180800 events | Elapsed time: 9666.2s [2025-02-17T08:46:46.100Z]
### Progress: 116391/180800 events | Elapsed time: 9671.2s [2025-02-17T08:46:51.100Z]
### Progress: 116454/180800 events | Elapsed time: 9676.2s [2025-02-17T08:46:56.101Z]
### Progress: 116514/180800 events | Elapsed time: 9681.2s [2025-02-17T08:47:01.130Z]
### Progress: 116577/180800 events | Elapsed time: 9686.2s [2025-02-17T08:47:06.105Z]
### Progress: 116637/180800 events | Elapsed time: 9691.2s [2025-02-17T08:47:11.123Z]
### Progress: 116697/180800 events | Elapsed time: 9696.2s [2025-02-17T08:47:16.103Z]
### Progress: 116762/180800 events | Elapsed time: 9701.2s [2025-02-17T08:47:21.106Z]
### Progress: 116824/180800 events | Elapsed time: 9706.3s [2025-02-17T08:47:26.177Z]
### Progress: 116884/180800 events | Elapsed time: 9711.2s [2025-02-17T08:47:31.129Z]
### Progress: 116949/180800 events | Elapsed time: 9716.2s [2025-02-17T08:47:36.112Z]
### Progress: 117011/180800 events | Elapsed time: 9721.2s [2025-02-17T08:47:41.108Z]
### Progress: 117071/180800 events | Elapsed time: 9726.2s [2025-02-17T08:47:46.109Z]
### Progress: 117134/180800 events | Elapsed time: 9731.2s [2025-02-17T08:47:51.109Z]
### Progress: 117197/180800 events | Elapsed time: 9736.2s [2025-02-17T08:47:56.109Z]
### Progress: 117262/180800 events | Elapsed time: 9741.2s [2025-02-17T08:48:01.130Z]
### Progress: 117324/180800 events | Elapsed time: 9746.2s [2025-02-17T08:48:06.110Z]
### Progress: 117387/180800 events | Elapsed time: 9751.2s [2025-02-17T08:48:11.134Z]
### Progress: 117451/180800 events | Elapsed time: 9756.2s [2025-02-17T08:48:16.113Z]
### Progress: 117511/180800 events | Elapsed time: 9761.2s [2025-02-17T08:48:21.112Z]
### Progress: 117577/180800 events | Elapsed time: 9766.2s [2025-02-17T08:48:26.113Z]
### Progress: 117642/180800 events | Elapsed time: 9771.2s [2025-02-17T08:48:31.131Z]
### Progress: 117704/180800 events | Elapsed time: 9776.2s [2025-02-17T08:48:36.117Z]
### Progress: 117764/180800 events | Elapsed time: 9781.2s [2025-02-17T08:48:41.131Z]
### Progress: 117824/180800 events | Elapsed time: 9786.2s [2025-02-17T08:48:46.154Z]
### Progress: 117884/180800 events | Elapsed time: 9791.2s [2025-02-17T08:48:51.117Z]
### Progress: 117944/180800 events | Elapsed time: 9796.2s [2025-02-17T08:48:56.121Z]
### Progress: 118008/180800 events | Elapsed time: 9801.2s [2025-02-17T08:49:01.130Z]
### Progress: 118075/180800 events | Elapsed time: 9806.2s [2025-02-17T08:49:06.118Z]
### Progress: 118145/180800 events | Elapsed time: 9811.2s [2025-02-17T08:49:11.119Z]
### Progress: 118218/180800 events | Elapsed time: 9816.2s [2025-02-17T08:49:16.118Z]
### Progress: 118289/180800 events | Elapsed time: 9821.2s [2025-02-17T08:49:21.120Z]
### Progress: 118362/180800 events | Elapsed time: 9826.2s [2025-02-17T08:49:26.123Z]
### Progress: 118435/180800 events | Elapsed time: 9831.2s [2025-02-17T08:49:31.120Z]
### Progress: 118508/180800 events | Elapsed time: 9836.2s [2025-02-17T08:49:36.126Z]
### Progress: 118584/180800 events | Elapsed time: 9841.2s [2025-02-17T08:49:41.122Z]
### Progress: 118653/180800 events | Elapsed time: 9846.2s [2025-02-17T08:49:46.129Z]
### Progress: 118724/180800 events | Elapsed time: 9851.2s [2025-02-17T08:49:51.123Z]
### Progress: 118799/180800 events | Elapsed time: 9856.2s [2025-02-17T08:49:56.123Z]
### Progress: 118874/180800 events | Elapsed time: 9861.2s [2025-02-17T08:50:01.128Z]
### Progress: 118938/180800 events | Elapsed time: 9866.2s [2025-02-17T08:50:06.151Z]
### Progress: 119010/180800 events | Elapsed time: 9871.2s [2025-02-17T08:50:11.124Z]
### Progress: 119085/180800 events | Elapsed time: 9876.2s [2025-02-17T08:50:16.124Z]
### Progress: 119158/180800 events | Elapsed time: 9881.2s [2025-02-17T08:50:21.126Z]
### Progress: 119229/180800 events | Elapsed time: 9886.2s [2025-02-17T08:50:26.124Z]
### Progress: 119303/180800 events | Elapsed time: 9891.2s [2025-02-17T08:50:31.125Z]
### Progress: 119376/180800 events | Elapsed time: 9896.2s [2025-02-17T08:50:36.142Z]
### Progress: 119443/180800 events | Elapsed time: 9901.2s [2025-02-17T08:50:41.126Z]
### Progress: 119516/180800 events | Elapsed time: 9906.2s [2025-02-17T08:50:46.126Z]
### Progress: 119588/180800 events | Elapsed time: 9911.2s [2025-02-17T08:50:51.127Z]
### Progress: 119657/180800 events | Elapsed time: 9916.2s [2025-02-17T08:50:56.126Z]
### Progress: 119731/180800 events | Elapsed time: 9921.2s [2025-02-17T08:51:01.127Z]
### Progress: 119803/180800 events | Elapsed time: 9926.2s [2025-02-17T08:51:06.139Z]
### Progress: 119877/180800 events | Elapsed time: 9931.2s [2025-02-17T08:51:11.159Z]
### Progress: 119947/180800 events | Elapsed time: 9936.2s [2025-02-17T08:51:16.126Z]
### Progress: 120018/180800 events | Elapsed time: 9941.2s [2025-02-17T08:51:21.132Z]
### Progress: 120087/180800 events | Elapsed time: 9946.2s [2025-02-17T08:51:26.131Z]
### Progress: 120156/180800 events | Elapsed time: 9951.2s [2025-02-17T08:51:31.127Z]
### Progress: 120228/180800 events | Elapsed time: 9956.2s [2025-02-17T08:51:36.131Z]
### Progress: 120301/180800 events | Elapsed time: 9961.2s [2025-02-17T08:51:41.129Z]
### Progress: 120374/180800 events | Elapsed time: 9966.3s [2025-02-17T08:51:46.241Z]
### Progress: 120435/180800 events | Elapsed time: 9971.2s [2025-02-17T08:51:51.131Z]
### Progress: 120488/180800 events | Elapsed time: 9976.2s [2025-02-17T08:51:56.132Z]
### Progress: 120555/180800 events | Elapsed time: 9981.2s [2025-02-17T08:52:01.135Z]
### Progress: 120619/180800 events | Elapsed time: 9986.2s [2025-02-17T08:52:06.131Z]
### Progress: 120679/180800 events | Elapsed time: 9991.2s [2025-02-17T08:52:11.135Z]
### Progress: 120741/180800 events | Elapsed time: 9996.2s [2025-02-17T08:52:16.132Z]
### Progress: 120804/180800 events | Elapsed time: 10001.2s [2025-02-17T08:52:21.134Z]
### Progress: 120868/180800 events | Elapsed time: 10006.2s [2025-02-17T08:52:26.135Z]
### Progress: 120935/180800 events | Elapsed time: 10011.2s [2025-02-17T08:52:31.134Z]
### Progress: 120999/180800 events | Elapsed time: 10016.2s [2025-02-17T08:52:36.133Z]
### Progress: 121064/180800 events | Elapsed time: 10021.2s [2025-02-17T08:52:41.141Z]
### Progress: 121124/180800 events | Elapsed time: 10026.2s [2025-02-17T08:52:46.134Z]
### Progress: 121188/180800 events | Elapsed time: 10031.2s [2025-02-17T08:52:51.139Z]
### Progress: 121255/180800 events | Elapsed time: 10036.2s [2025-02-17T08:52:56.137Z]
### Progress: 121320/180800 events | Elapsed time: 10041.2s [2025-02-17T08:53:01.139Z]
### Progress: 121381/180800 events | Elapsed time: 10046.2s [2025-02-17T08:53:06.154Z]
### Progress: 121439/180800 events | Elapsed time: 10051.2s [2025-02-17T08:53:11.139Z]
### Progress: 121504/180800 events | Elapsed time: 10056.2s [2025-02-17T08:53:16.136Z]
### Progress: 121568/180800 events | Elapsed time: 10061.2s [2025-02-17T08:53:21.136Z]
### Progress: 121624/180800 events | Elapsed time: 10066.2s [2025-02-17T08:53:26.138Z]
### Progress: 121692/180800 events | Elapsed time: 10071.2s [2025-02-17T08:53:31.139Z]
### Progress: 121759/180800 events | Elapsed time: 10076.2s [2025-02-17T08:53:36.138Z]
### Progress: 121819/180800 events | Elapsed time: 10081.3s [2025-02-17T08:53:41.208Z]
### Progress: 121879/180800 events | Elapsed time: 10086.2s [2025-02-17T08:53:46.139Z]
### Progress: 121939/180800 events | Elapsed time: 10091.2s [2025-02-17T08:53:51.145Z]
### Progress: 121999/180800 events | Elapsed time: 10096.2s [2025-02-17T08:53:56.143Z]
### Progress: 122059/180800 events | Elapsed time: 10101.2s [2025-02-17T08:54:01.140Z]
### Progress: 122121/180800 events | Elapsed time: 10106.2s [2025-02-17T08:54:06.165Z]
### Progress: 122181/180800 events | Elapsed time: 10111.2s [2025-02-17T08:54:11.143Z]
### Progress: 122241/180800 events | Elapsed time: 10116.2s [2025-02-17T08:54:16.142Z]
### Progress: 122304/180800 events | Elapsed time: 10121.2s [2025-02-17T08:54:21.143Z]
### Progress: 122372/180800 events | Elapsed time: 10126.2s [2025-02-17T08:54:26.145Z]
### Progress: 122439/180800 events | Elapsed time: 10131.2s [2025-02-17T08:54:31.148Z]
### Progress: 122501/180800 events | Elapsed time: 10136.2s [2025-02-17T08:54:36.146Z]
### Progress: 122568/180800 events | Elapsed time: 10141.2s [2025-02-17T08:54:41.144Z]
### Progress: 122621/180800 events | Elapsed time: 10146.3s [2025-02-17T08:54:46.208Z]
### Progress: 122681/180800 events | Elapsed time: 10151.2s [2025-02-17T08:54:51.151Z]
### Progress: 122748/180800 events | Elapsed time: 10156.2s [2025-02-17T08:54:56.146Z]
### Progress: 122812/180800 events | Elapsed time: 10161.2s [2025-02-17T08:55:01.158Z]
### Progress: 122873/180800 events | Elapsed time: 10166.2s [2025-02-17T08:55:06.171Z]
### Progress: 122933/180800 events | Elapsed time: 10171.2s [2025-02-17T08:55:11.149Z]
### Progress: 122993/180800 events | Elapsed time: 10176.2s [2025-02-17T08:55:16.148Z]
### Progress: 123057/180800 events | Elapsed time: 10181.2s [2025-02-17T08:55:21.146Z]
### Progress: 123117/180800 events | Elapsed time: 10186.2s [2025-02-17T08:55:26.151Z]
### Progress: 123184/180800 events | Elapsed time: 10191.2s [2025-02-17T08:55:31.149Z]
### Progress: 123245/180800 events | Elapsed time: 10196.2s [2025-02-17T08:55:36.174Z]
### Progress: 123312/180800 events | Elapsed time: 10201.2s [2025-02-17T08:55:41.154Z]
### Progress: 123373/180800 events | Elapsed time: 10206.3s [2025-02-17T08:55:46.211Z]
### Progress: 123437/180800 events | Elapsed time: 10211.2s [2025-02-17T08:55:51.151Z]
### Progress: 123497/180800 events | Elapsed time: 10216.2s [2025-02-17T08:55:56.152Z]
### Progress: 123564/180800 events | Elapsed time: 10221.2s [2025-02-17T08:56:01.174Z]
### Progress: 123624/180800 events | Elapsed time: 10226.3s [2025-02-17T08:56:06.177Z]
### Progress: 123686/180800 events | Elapsed time: 10231.2s [2025-02-17T08:56:11.158Z]
### Progress: 123753/180800 events | Elapsed time: 10236.2s [2025-02-17T08:56:16.153Z]
### Progress: 123817/180800 events | Elapsed time: 10241.2s [2025-02-17T08:56:21.156Z]
### Progress: 123879/180800 events | Elapsed time: 10246.2s [2025-02-17T08:56:26.154Z]
### Progress: 123944/180800 events | Elapsed time: 10251.2s [2025-02-17T08:56:31.155Z]
### Progress: 124005/180800 events | Elapsed time: 10256.2s [2025-02-17T08:56:36.155Z]
### Progress: 124072/180800 events | Elapsed time: 10261.2s [2025-02-17T08:56:41.159Z]
### Progress: 124137/180800 events | Elapsed time: 10266.2s [2025-02-17T08:56:46.154Z]
### Progress: 124199/180800 events | Elapsed time: 10271.2s [2025-02-17T08:56:51.157Z]
### Progress: 124264/180800 events | Elapsed time: 10276.2s [2025-02-17T08:56:56.155Z]
### Progress: 124325/180800 events | Elapsed time: 10281.2s [2025-02-17T08:57:01.157Z]
### Progress: 124388/180800 events | Elapsed time: 10286.3s [2025-02-17T08:57:06.189Z]
### Progress: 124441/180800 events | Elapsed time: 10291.2s [2025-02-17T08:57:11.158Z]
### Progress: 124509/180800 events | Elapsed time: 10296.2s [2025-02-17T08:57:16.156Z]
### Progress: 124569/180800 events | Elapsed time: 10301.2s [2025-02-17T08:57:21.158Z]
### Progress: 124635/180800 events | Elapsed time: 10306.2s [2025-02-17T08:57:26.161Z]
### Progress: 124695/180800 events | Elapsed time: 10311.2s [2025-02-17T08:57:31.159Z]
### Progress: 124759/180800 events | Elapsed time: 10316.2s [2025-02-17T08:57:36.161Z]
### Progress: 124819/180800 events | Elapsed time: 10321.2s [2025-02-17T08:57:41.161Z]
### Progress: 124879/180800 events | Elapsed time: 10326.2s [2025-02-17T08:57:46.161Z]
### Progress: 124941/180800 events | Elapsed time: 10331.2s [2025-02-17T08:57:51.163Z]
### Progress: 125009/180800 events | Elapsed time: 10336.2s [2025-02-17T08:57:56.161Z]
### Progress: 125069/180800 events | Elapsed time: 10341.2s [2025-02-17T08:58:01.165Z]
### Progress: 125132/180800 events | Elapsed time: 10346.3s [2025-02-17T08:58:06.193Z]
### Progress: 125195/180800 events | Elapsed time: 10351.2s [2025-02-17T08:58:11.166Z]
### Progress: 125255/180800 events | Elapsed time: 10356.2s [2025-02-17T08:58:16.165Z]
### Progress: 125321/180800 events | Elapsed time: 10361.2s [2025-02-17T08:58:21.165Z]
### Progress: 125385/180800 events | Elapsed time: 10366.2s [2025-02-17T08:58:26.167Z]
### Progress: 125448/180800 events | Elapsed time: 10371.2s [2025-02-17T08:58:31.168Z]
### Progress: 125512/180800 events | Elapsed time: 10376.3s [2025-02-17T08:58:36.196Z]
### Progress: 125575/180800 events | Elapsed time: 10381.5s [2025-02-17T08:58:41.431Z]
### Progress: 125639/180800 events | Elapsed time: 10386.2s [2025-02-17T08:58:46.168Z]
### Progress: 125705/180800 events | Elapsed time: 10391.2s [2025-02-17T08:58:51.168Z]
### Progress: 125772/180800 events | Elapsed time: 10396.2s [2025-02-17T08:58:56.168Z]
### Progress: 125835/180800 events | Elapsed time: 10401.2s [2025-02-17T08:59:01.171Z]
### Progress: 125899/180800 events | Elapsed time: 10406.2s [2025-02-17T08:59:06.172Z]
### Progress: 125967/180800 events | Elapsed time: 10411.2s [2025-02-17T08:59:11.168Z]
### Progress: 126032/180800 events | Elapsed time: 10416.2s [2025-02-17T08:59:16.169Z]
### Progress: 126095/180800 events | Elapsed time: 10421.2s [2025-02-17T08:59:21.173Z]
### Progress: 126159/180800 events | Elapsed time: 10426.2s [2025-02-17T08:59:26.175Z]
### Progress: 126221/180800 events | Elapsed time: 10431.2s [2025-02-17T08:59:31.174Z]
### Progress: 126285/180800 events | Elapsed time: 10436.3s [2025-02-17T08:59:36.204Z]
### Progress: 126349/180800 events | Elapsed time: 10441.2s [2025-02-17T08:59:41.171Z]
### Progress: 126412/180800 events | Elapsed time: 10446.2s [2025-02-17T08:59:46.171Z]
### Progress: 126479/180800 events | Elapsed time: 10451.3s [2025-02-17T08:59:51.182Z]
### Progress: 126539/180800 events | Elapsed time: 10456.2s [2025-02-17T08:59:56.173Z]
### Progress: 126601/180800 events | Elapsed time: 10461.2s [2025-02-17T09:00:01.173Z]
### Progress: 126665/180800 events | Elapsed time: 10466.3s [2025-02-17T09:00:06.208Z]
### Progress: 126729/180800 events | Elapsed time: 10471.3s [2025-02-17T09:00:11.177Z]
### Progress: 126792/180800 events | Elapsed time: 10476.3s [2025-02-17T09:00:16.249Z]
### Progress: 126855/180800 events | Elapsed time: 10481.3s [2025-02-17T09:00:21.178Z]
### Progress: 126915/180800 events | Elapsed time: 10486.3s [2025-02-17T09:00:26.179Z]
### Progress: 126985/180800 events | Elapsed time: 10491.3s [2025-02-17T09:00:31.190Z]
### Progress: 127041/180800 events | Elapsed time: 10496.3s [2025-02-17T09:00:36.179Z]
### Progress: 127105/180800 events | Elapsed time: 10501.3s [2025-02-17T09:00:41.180Z]
### Progress: 127172/180800 events | Elapsed time: 10506.3s [2025-02-17T09:00:46.247Z]
### Progress: 127229/180800 events | Elapsed time: 10511.3s [2025-02-17T09:00:51.180Z]
### Progress: 127292/180800 events | Elapsed time: 10516.3s [2025-02-17T09:00:56.183Z]
### Progress: 127355/180800 events | Elapsed time: 10521.3s [2025-02-17T09:01:01.183Z]
### Progress: 127421/180800 events | Elapsed time: 10526.3s [2025-02-17T09:01:06.180Z]
### Progress: 127481/180800 events | Elapsed time: 10531.3s [2025-02-17T09:01:11.182Z]
### Progress: 127549/180800 events | Elapsed time: 10536.3s [2025-02-17T09:01:16.181Z]
### Progress: 127609/180800 events | Elapsed time: 10541.3s [2025-02-17T09:01:21.187Z]
### Progress: 127672/180800 events | Elapsed time: 10546.3s [2025-02-17T09:01:26.182Z]
### Progress: 127737/180800 events | Elapsed time: 10551.3s [2025-02-17T09:01:31.185Z]
### Progress: 127799/180800 events | Elapsed time: 10556.3s [2025-02-17T09:01:36.185Z]
### Progress: 127861/180800 events | Elapsed time: 10561.3s [2025-02-17T09:01:41.186Z]
### Progress: 127921/180800 events | Elapsed time: 10566.3s [2025-02-17T09:01:46.191Z]
### Progress: 127989/180800 events | Elapsed time: 10571.3s [2025-02-17T09:01:51.186Z]
### Progress: 128052/180800 events | Elapsed time: 10576.3s [2025-02-17T09:01:56.186Z]
### Progress: 128115/180800 events | Elapsed time: 10581.3s [2025-02-17T09:02:01.185Z]
### Progress: 128179/180800 events | Elapsed time: 10586.3s [2025-02-17T09:02:06.185Z]
### Progress: 128242/180800 events | Elapsed time: 10591.3s [2025-02-17T09:02:11.185Z]
### Progress: 128309/180800 events | Elapsed time: 10596.3s [2025-02-17T09:02:16.185Z]
### Progress: 128369/180800 events | Elapsed time: 10601.3s [2025-02-17T09:02:21.188Z]
### Progress: 128439/180800 events | Elapsed time: 10606.3s [2025-02-17T09:02:26.185Z]
### Progress: 128495/180800 events | Elapsed time: 10611.3s [2025-02-17T09:02:31.188Z]
### Progress: 128561/180800 events | Elapsed time: 10616.3s [2025-02-17T09:02:36.225Z]
### Progress: 128629/180800 events | Elapsed time: 10621.3s [2025-02-17T09:02:41.188Z]
### Progress: 128692/180800 events | Elapsed time: 10626.3s [2025-02-17T09:02:46.189Z]
### Progress: 128759/180800 events | Elapsed time: 10631.3s [2025-02-17T09:02:51.193Z]
### Progress: 128819/180800 events | Elapsed time: 10636.4s [2025-02-17T09:02:56.298Z]
### Progress: 128882/180800 events | Elapsed time: 10641.3s [2025-02-17T09:03:01.199Z]
### Progress: 128945/180800 events | Elapsed time: 10646.3s [2025-02-17T09:03:06.191Z]
### Progress: 129009/180800 events | Elapsed time: 10651.3s [2025-02-17T09:03:11.195Z]
### Progress: 129069/180800 events | Elapsed time: 10656.3s [2025-02-17T09:03:16.192Z]
### Progress: 129132/180800 events | Elapsed time: 10661.3s [2025-02-17T09:03:21.192Z]
### Progress: 129195/180800 events | Elapsed time: 10666.4s [2025-02-17T09:03:26.301Z]
### Progress: 129255/180800 events | Elapsed time: 10671.3s [2025-02-17T09:03:31.192Z]
### Progress: 129319/180800 events | Elapsed time: 10676.3s [2025-02-17T09:03:36.194Z]
### Progress: 129381/180800 events | Elapsed time: 10681.3s [2025-02-17T09:03:41.193Z]
### Progress: 129445/180800 events | Elapsed time: 10686.3s [2025-02-17T09:03:46.194Z]
### Progress: 129509/180800 events | Elapsed time: 10691.3s [2025-02-17T09:03:51.196Z]
### Progress: 129572/180800 events | Elapsed time: 10696.4s [2025-02-17T09:03:56.305Z]
### Progress: 129635/180800 events | Elapsed time: 10701.3s [2025-02-17T09:04:01.205Z]
### Progress: 129695/180800 events | Elapsed time: 10706.3s [2025-02-17T09:04:06.198Z]
### Progress: 129755/180800 events | Elapsed time: 10711.3s [2025-02-17T09:04:11.202Z]
### Progress: 129815/180800 events | Elapsed time: 10716.3s [2025-02-17T09:04:16.194Z]
### Progress: 129875/180800 events | Elapsed time: 10721.3s [2025-02-17T09:04:21.197Z]
### Progress: 129935/180800 events | Elapsed time: 10726.3s [2025-02-17T09:04:26.194Z]
### Progress: 129997/180800 events | Elapsed time: 10731.3s [2025-02-17T09:04:31.197Z]
### Progress: 130059/180800 events | Elapsed time: 10736.3s [2025-02-17T09:04:36.197Z]
### Progress: 130122/180800 events | Elapsed time: 10741.3s [2025-02-17T09:04:41.195Z]
### Progress: 130184/180800 events | Elapsed time: 10746.4s [2025-02-17T09:04:46.279Z]
### Progress: 130255/180800 events | Elapsed time: 10751.3s [2025-02-17T09:04:51.194Z]
### Progress: 130317/180800 events | Elapsed time: 10756.4s [2025-02-17T09:04:56.312Z]
### Progress: 130380/180800 events | Elapsed time: 10761.3s [2025-02-17T09:05:01.208Z]
### Progress: 130444/180800 events | Elapsed time: 10766.3s [2025-02-17T09:05:06.208Z]
### Progress: 130505/180800 events | Elapsed time: 10771.3s [2025-02-17T09:05:11.196Z]
### Progress: 130565/180800 events | Elapsed time: 10776.3s [2025-02-17T09:05:16.200Z]
### Progress: 130632/180800 events | Elapsed time: 10781.3s [2025-02-17T09:05:21.196Z]
### Progress: 130692/180800 events | Elapsed time: 10786.3s [2025-02-17T09:05:26.213Z]
### Progress: 130758/180800 events | Elapsed time: 10791.3s [2025-02-17T09:05:31.196Z]
### Progress: 130819/180800 events | Elapsed time: 10796.3s [2025-02-17T09:05:36.249Z]
### Progress: 130879/180800 events | Elapsed time: 10801.3s [2025-02-17T09:05:41.198Z]
### Progress: 130946/180800 events | Elapsed time: 10806.4s [2025-02-17T09:05:46.284Z]
### Progress: 131017/180800 events | Elapsed time: 10811.3s [2025-02-17T09:05:51.200Z]
### Progress: 131077/180800 events | Elapsed time: 10816.3s [2025-02-17T09:05:56.199Z]
### Progress: 131142/180800 events | Elapsed time: 10821.3s [2025-02-17T09:06:01.200Z]
### Progress: 131199/180800 events | Elapsed time: 10826.3s [2025-02-17T09:06:06.252Z]
### Progress: 131266/180800 events | Elapsed time: 10831.3s [2025-02-17T09:06:11.202Z]
### Progress: 131322/180800 events | Elapsed time: 10836.4s [2025-02-17T09:06:16.288Z]
### Progress: 131386/180800 events | Elapsed time: 10841.3s [2025-02-17T09:06:21.202Z]
### Progress: 131459/180800 events | Elapsed time: 10846.3s [2025-02-17T09:06:26.202Z]
### Progress: 131534/180800 events | Elapsed time: 10851.3s [2025-02-17T09:06:31.214Z]
### Progress: 131598/180800 events | Elapsed time: 10856.3s [2025-02-17T09:06:36.201Z]
### Progress: 131665/180800 events | Elapsed time: 10861.3s [2025-02-17T09:06:41.200Z]
### Progress: 131732/180800 events | Elapsed time: 10866.4s [2025-02-17T09:06:46.292Z]
### Progress: 131794/180800 events | Elapsed time: 10871.3s [2025-02-17T09:06:51.200Z]
### Progress: 131856/180800 events | Elapsed time: 10876.3s [2025-02-17T09:06:56.224Z]
### Progress: 131924/180800 events | Elapsed time: 10881.3s [2025-02-17T09:07:01.201Z]
### Progress: 131990/180800 events | Elapsed time: 10886.3s [2025-02-17T09:07:06.200Z]
### Progress: 132050/180800 events | Elapsed time: 10891.3s [2025-02-17T09:07:11.201Z]
### Progress: 132114/180800 events | Elapsed time: 10896.3s [2025-02-17T09:07:16.201Z]
### Progress: 132173/180800 events | Elapsed time: 10901.3s [2025-02-17T09:07:21.204Z]
### Progress: 132235/180800 events | Elapsed time: 10906.3s [2025-02-17T09:07:26.203Z]
### Progress: 132295/180800 events | Elapsed time: 10911.3s [2025-02-17T09:07:31.204Z]
### Progress: 132356/180800 events | Elapsed time: 10916.3s [2025-02-17T09:07:36.200Z]
### Progress: 132424/180800 events | Elapsed time: 10921.3s [2025-02-17T09:07:41.201Z]
### Progress: 132490/180800 events | Elapsed time: 10926.4s [2025-02-17T09:07:46.299Z]
### Progress: 132554/180800 events | Elapsed time: 10931.3s [2025-02-17T09:07:51.206Z]
### Progress: 132615/180800 events | Elapsed time: 10936.3s [2025-02-17T09:07:56.232Z]
### Progress: 132676/180800 events | Elapsed time: 10941.3s [2025-02-17T09:08:01.218Z]
### Progress: 132744/180800 events | Elapsed time: 10946.3s [2025-02-17T09:08:06.203Z]
### Progress: 132807/180800 events | Elapsed time: 10951.3s [2025-02-17T09:08:11.214Z]
### Progress: 132880/180800 events | Elapsed time: 10956.3s [2025-02-17T09:08:16.201Z]
### Progress: 132951/180800 events | Elapsed time: 10961.3s [2025-02-17T09:08:21.200Z]
### Progress: 133020/180800 events | Elapsed time: 10966.3s [2025-02-17T09:08:26.203Z]
### Progress: 133094/180800 events | Elapsed time: 10971.3s [2025-02-17T09:08:31.216Z]
### Progress: 133161/180800 events | Elapsed time: 10976.3s [2025-02-17T09:08:36.202Z]
### Progress: 133238/180800 events | Elapsed time: 10981.3s [2025-02-17T09:08:41.217Z]
### Progress: 133298/180800 events | Elapsed time: 10986.3s [2025-02-17T09:08:46.218Z]
### Progress: 133368/180800 events | Elapsed time: 10991.3s [2025-02-17T09:08:51.204Z]
### Progress: 133431/180800 events | Elapsed time: 10996.3s [2025-02-17T09:08:56.210Z]
### Progress: 133498/180800 events | Elapsed time: 11001.3s [2025-02-17T09:09:01.203Z]
### Progress: 133558/180800 events | Elapsed time: 11006.3s [2025-02-17T09:09:06.275Z]
### Progress: 133620/180800 events | Elapsed time: 11011.3s [2025-02-17T09:09:11.209Z]
### Progress: 133680/180800 events | Elapsed time: 11016.4s [2025-02-17T09:09:16.310Z]
### Progress: 133748/180800 events | Elapsed time: 11021.3s [2025-02-17T09:09:21.206Z]
### Progress: 133800/180800 events | Elapsed time: 11026.3s [2025-02-17T09:09:26.242Z]
### Progress: 133860/180800 events | Elapsed time: 11031.3s [2025-02-17T09:09:31.209Z]
### Progress: 133918/180800 events | Elapsed time: 11036.3s [2025-02-17T09:09:36.207Z]
### Progress: 133978/180800 events | Elapsed time: 11041.3s [2025-02-17T09:09:41.209Z]
### Progress: 134038/180800 events | Elapsed time: 11046.3s [2025-02-17T09:09:46.213Z]
### Progress: 134100/180800 events | Elapsed time: 11051.3s [2025-02-17T09:09:51.209Z]
### Progress: 134160/180800 events | Elapsed time: 11056.3s [2025-02-17T09:09:56.246Z]
### Progress: 134221/180800 events | Elapsed time: 11061.3s [2025-02-17T09:10:01.210Z]
### Progress: 134283/180800 events | Elapsed time: 11066.4s [2025-02-17T09:10:06.282Z]
### Progress: 134351/180800 events | Elapsed time: 11071.3s [2025-02-17T09:10:11.210Z]
### Progress: 134412/180800 events | Elapsed time: 11076.4s [2025-02-17T09:10:16.318Z]
### Progress: 134474/180800 events | Elapsed time: 11081.3s [2025-02-17T09:10:21.222Z]
### Progress: 134535/180800 events | Elapsed time: 11086.3s [2025-02-17T09:10:26.209Z]
### Progress: 134597/180800 events | Elapsed time: 11091.3s [2025-02-17T09:10:31.210Z]
### Progress: 134660/180800 events | Elapsed time: 11096.4s [2025-02-17T09:10:36.286Z]
### Progress: 134720/180800 events | Elapsed time: 11101.3s [2025-02-17T09:10:41.213Z]
### Progress: 134780/180800 events | Elapsed time: 11106.3s [2025-02-17T09:10:46.219Z]
### Progress: 134843/180800 events | Elapsed time: 11111.3s [2025-02-17T09:10:51.214Z]
### Progress: 134909/180800 events | Elapsed time: 11116.3s [2025-02-17T09:10:56.214Z]
### Progress: 134969/180800 events | Elapsed time: 11121.3s [2025-02-17T09:11:01.209Z]
### Progress: 135029/180800 events | Elapsed time: 11126.3s [2025-02-17T09:11:06.210Z]
### Progress: 135085/180800 events | Elapsed time: 11131.3s [2025-02-17T09:11:11.212Z]
### Progress: 135149/180800 events | Elapsed time: 11136.3s [2025-02-17T09:11:16.222Z]
### Progress: 135212/180800 events | Elapsed time: 11141.3s [2025-02-17T09:11:21.226Z]
### Progress: 135280/180800 events | Elapsed time: 11146.3s [2025-02-17T09:11:26.214Z]
### Progress: 135337/180800 events | Elapsed time: 11151.3s [2025-02-17T09:11:31.211Z]
### Progress: 135395/180800 events | Elapsed time: 11156.3s [2025-02-17T09:11:36.221Z]
### Progress: 135460/180800 events | Elapsed time: 11161.3s [2025-02-17T09:11:41.212Z]
### Progress: 135523/180800 events | Elapsed time: 11166.3s [2025-02-17T09:11:46.226Z]
### Progress: 135584/180800 events | Elapsed time: 11171.3s [2025-02-17T09:11:51.210Z]
### Progress: 135644/180800 events | Elapsed time: 11176.3s [2025-02-17T09:11:56.212Z]
### Progress: 135709/180800 events | Elapsed time: 11181.3s [2025-02-17T09:12:01.216Z]
### Progress: 135764/180800 events | Elapsed time: 11186.3s [2025-02-17T09:12:06.216Z]
### Progress: 135837/180800 events | Elapsed time: 11191.3s [2025-02-17T09:12:11.212Z]
### Progress: 135897/180800 events | Elapsed time: 11196.3s [2025-02-17T09:12:16.231Z]
### Progress: 135963/180800 events | Elapsed time: 11201.3s [2025-02-17T09:12:21.244Z]
### Progress: 136027/180800 events | Elapsed time: 11206.3s [2025-02-17T09:12:26.216Z]
### Progress: 136097/180800 events | Elapsed time: 11211.3s [2025-02-17T09:12:31.212Z]
### Progress: 136157/180800 events | Elapsed time: 11216.4s [2025-02-17T09:12:36.302Z]
### Progress: 136223/180800 events | Elapsed time: 11221.3s [2025-02-17T09:12:41.217Z]
### Progress: 136284/180800 events | Elapsed time: 11226.3s [2025-02-17T09:12:46.235Z]
### Progress: 136347/180800 events | Elapsed time: 11231.3s [2025-02-17T09:12:51.213Z]
### Progress: 136407/180800 events | Elapsed time: 11236.3s [2025-02-17T09:12:56.214Z]
### Progress: 136477/180800 events | Elapsed time: 11241.3s [2025-02-17T09:13:01.216Z]
### Progress: 136537/180800 events | Elapsed time: 11246.4s [2025-02-17T09:13:06.306Z]
### Progress: 136607/180800 events | Elapsed time: 11251.3s [2025-02-17T09:13:11.239Z]
### Progress: 136667/180800 events | Elapsed time: 11256.3s [2025-02-17T09:13:16.251Z]
### Progress: 136737/180800 events | Elapsed time: 11261.3s [2025-02-17T09:13:21.219Z]
### Progress: 136797/180800 events | Elapsed time: 11266.3s [2025-02-17T09:13:26.274Z]
### Progress: 136863/180800 events | Elapsed time: 11271.3s [2025-02-17T09:13:31.219Z]
### Progress: 136927/180800 events | Elapsed time: 11276.4s [2025-02-17T09:13:36.309Z]
### Progress: 136997/180800 events | Elapsed time: 11281.3s [2025-02-17T09:13:41.218Z]
### Progress: 137051/180800 events | Elapsed time: 11286.3s [2025-02-17T09:13:46.242Z]
### Progress: 137107/180800 events | Elapsed time: 11291.3s [2025-02-17T09:13:51.220Z]
### Progress: 137168/180800 events | Elapsed time: 11296.4s [2025-02-17T09:13:56.277Z]
### Progress: 137231/180800 events | Elapsed time: 11301.3s [2025-02-17T09:14:01.223Z]
### Progress: 137291/180800 events | Elapsed time: 11306.4s [2025-02-17T09:14:06.313Z]
### Progress: 137357/180800 events | Elapsed time: 11311.3s [2025-02-17T09:14:11.221Z]
### Progress: 137417/180800 events | Elapsed time: 11316.3s [2025-02-17T09:14:16.245Z]
### Progress: 137483/180800 events | Elapsed time: 11321.3s [2025-02-17T09:14:21.224Z]
### Progress: 137545/180800 events | Elapsed time: 11326.4s [2025-02-17T09:14:26.281Z]
### Progress: 137607/180800 events | Elapsed time: 11331.3s [2025-02-17T09:14:31.225Z]
### Progress: 137667/180800 events | Elapsed time: 11336.4s [2025-02-17T09:14:36.317Z]
### Progress: 137727/180800 events | Elapsed time: 11341.3s [2025-02-17T09:14:41.232Z]
### Progress: 137800/180800 events | Elapsed time: 11346.3s [2025-02-17T09:14:46.226Z]
### Progress: 137873/180800 events | Elapsed time: 11351.3s [2025-02-17T09:14:51.223Z]
### Progress: 137944/180800 events | Elapsed time: 11356.3s [2025-02-17T09:14:56.227Z]
### Progress: 138017/180800 events | Elapsed time: 11361.3s [2025-02-17T09:15:01.227Z]
### Progress: 138082/180800 events | Elapsed time: 11366.3s [2025-02-17T09:15:06.227Z]
### Progress: 138155/180800 events | Elapsed time: 11371.3s [2025-02-17T09:15:11.228Z]
### Progress: 138228/180800 events | Elapsed time: 11376.3s [2025-02-17T09:15:16.228Z]
### Progress: 138297/180800 events | Elapsed time: 11381.3s [2025-02-17T09:15:21.227Z]
### Progress: 138371/180800 events | Elapsed time: 11386.4s [2025-02-17T09:15:26.289Z]
### Progress: 138433/180800 events | Elapsed time: 11391.3s [2025-02-17T09:15:31.228Z]
### Progress: 138493/180800 events | Elapsed time: 11396.4s [2025-02-17T09:15:36.325Z]
### Progress: 138556/180800 events | Elapsed time: 11401.3s [2025-02-17T09:15:41.229Z]
### Progress: 138618/180800 events | Elapsed time: 11406.3s [2025-02-17T09:15:46.259Z]
### Progress: 138678/180800 events | Elapsed time: 11411.3s [2025-02-17T09:15:51.228Z]
### Progress: 138736/180800 events | Elapsed time: 11416.4s [2025-02-17T09:15:56.293Z]
### Progress: 138807/180800 events | Elapsed time: 11421.3s [2025-02-17T09:16:01.230Z]
### Progress: 138865/180800 events | Elapsed time: 11426.3s [2025-02-17T09:16:06.231Z]
### Progress: 138930/180800 events | Elapsed time: 11431.3s [2025-02-17T09:16:11.231Z]
### Progress: 138992/180800 events | Elapsed time: 11436.3s [2025-02-17T09:16:16.233Z]
### Progress: 139052/180800 events | Elapsed time: 11441.3s [2025-02-17T09:16:21.232Z]
### Progress: 139110/180800 events | Elapsed time: 11446.4s [2025-02-17T09:16:26.297Z]
### Progress: 139177/180800 events | Elapsed time: 11451.3s [2025-02-17T09:16:31.234Z]
### Progress: 139237/180800 events | Elapsed time: 11456.4s [2025-02-17T09:16:36.333Z]
### Progress: 139304/180800 events | Elapsed time: 11461.3s [2025-02-17T09:16:41.232Z]
### Progress: 139364/180800 events | Elapsed time: 11466.3s [2025-02-17T09:16:46.274Z]
### Progress: 139425/180800 events | Elapsed time: 11471.3s [2025-02-17T09:16:51.233Z]
### Progress: 139487/180800 events | Elapsed time: 11476.4s [2025-02-17T09:16:56.302Z]
### Progress: 139547/180800 events | Elapsed time: 11481.3s [2025-02-17T09:17:01.233Z]
### Progress: 139607/180800 events | Elapsed time: 11486.4s [2025-02-17T09:17:06.337Z]
### Progress: 139672/180800 events | Elapsed time: 11491.3s [2025-02-17T09:17:11.238Z]
### Progress: 139739/180800 events | Elapsed time: 11496.3s [2025-02-17T09:17:16.269Z]
### Progress: 139801/180800 events | Elapsed time: 11501.3s [2025-02-17T09:17:21.239Z]
### Progress: 139863/180800 events | Elapsed time: 11506.4s [2025-02-17T09:17:26.305Z]
### Progress: 139930/180800 events | Elapsed time: 11511.3s [2025-02-17T09:17:31.240Z]
### Progress: 139989/180800 events | Elapsed time: 11516.3s [2025-02-17T09:17:36.240Z]
### Progress: 140051/180800 events | Elapsed time: 11521.3s [2025-02-17T09:17:41.239Z]
### Progress: 140110/180800 events | Elapsed time: 11526.3s [2025-02-17T09:17:46.274Z]
### Progress: 140171/180800 events | Elapsed time: 11531.3s [2025-02-17T09:17:51.238Z]
### Progress: 140240/180800 events | Elapsed time: 11536.3s [2025-02-17T09:17:56.240Z]
### Progress: 140301/180800 events | Elapsed time: 11541.3s [2025-02-17T09:18:01.257Z]
### Progress: 140365/180800 events | Elapsed time: 11546.3s [2025-02-17T09:18:06.244Z]
### Progress: 140429/180800 events | Elapsed time: 11551.3s [2025-02-17T09:18:11.241Z]
### Progress: 140482/180800 events | Elapsed time: 11556.3s [2025-02-17T09:18:16.242Z]
### Progress: 140544/180800 events | Elapsed time: 11561.3s [2025-02-17T09:18:21.242Z]
### Progress: 140604/180800 events | Elapsed time: 11566.3s [2025-02-17T09:18:26.243Z]
### Progress: 140664/180800 events | Elapsed time: 11571.4s [2025-02-17T09:18:31.333Z]
### Progress: 140724/180800 events | Elapsed time: 11576.3s [2025-02-17T09:18:36.245Z]
### Progress: 140790/180800 events | Elapsed time: 11581.3s [2025-02-17T09:18:41.263Z]
### Progress: 140852/180800 events | Elapsed time: 11586.4s [2025-02-17T09:18:46.282Z]
### Progress: 140913/180800 events | Elapsed time: 11591.3s [2025-02-17T09:18:51.242Z]
### Progress: 140973/180800 events | Elapsed time: 11596.4s [2025-02-17T09:18:56.316Z]
### Progress: 141038/180800 events | Elapsed time: 11601.3s [2025-02-17T09:19:01.254Z]
### Progress: 141095/180800 events | Elapsed time: 11606.3s [2025-02-17T09:19:06.245Z]
### Progress: 141155/180800 events | Elapsed time: 11611.3s [2025-02-17T09:19:11.244Z]
### Progress: 141231/180800 events | Elapsed time: 11616.3s [2025-02-17T09:19:16.244Z]
### Progress: 141305/180800 events | Elapsed time: 11621.3s [2025-02-17T09:19:21.247Z]
### Progress: 141371/180800 events | Elapsed time: 11626.3s [2025-02-17T09:19:26.245Z]
### Progress: 141445/180800 events | Elapsed time: 11631.3s [2025-02-17T09:19:31.244Z]
### Progress: 141519/180800 events | Elapsed time: 11636.3s [2025-02-17T09:19:36.248Z]
### Progress: 141591/180800 events | Elapsed time: 11641.3s [2025-02-17T09:19:41.245Z]
### Progress: 141662/180800 events | Elapsed time: 11646.3s [2025-02-17T09:19:46.248Z]
### Progress: 141734/180800 events | Elapsed time: 11651.3s [2025-02-17T09:19:51.245Z]
### Progress: 141809/180800 events | Elapsed time: 11656.3s [2025-02-17T09:19:56.248Z]
### Progress: 141879/180800 events | Elapsed time: 11661.3s [2025-02-17T09:20:01.247Z]
### Progress: 141953/180800 events | Elapsed time: 11666.3s [2025-02-17T09:20:06.253Z]
### Progress: 142024/180800 events | Elapsed time: 11671.3s [2025-02-17T09:20:11.248Z]
### Progress: 142095/180800 events | Elapsed time: 11676.3s [2025-02-17T09:20:16.249Z]
### Progress: 142169/180800 events | Elapsed time: 11681.3s [2025-02-17T09:20:21.248Z]
### Progress: 142243/180800 events | Elapsed time: 11686.3s [2025-02-17T09:20:26.251Z]
### Progress: 142315/180800 events | Elapsed time: 11691.3s [2025-02-17T09:20:31.248Z]
### Progress: 142387/180800 events | Elapsed time: 11696.3s [2025-02-17T09:20:36.247Z]
### Progress: 142460/180800 events | Elapsed time: 11701.3s [2025-02-17T09:20:41.248Z]
### Progress: 142532/180800 events | Elapsed time: 11706.3s [2025-02-17T09:20:46.249Z]
### Progress: 142607/180800 events | Elapsed time: 11711.3s [2025-02-17T09:20:51.251Z]
### Progress: 142675/180800 events | Elapsed time: 11716.3s [2025-02-17T09:20:56.250Z]
### Progress: 142751/180800 events | Elapsed time: 11721.3s [2025-02-17T09:21:01.255Z]
### Progress: 142825/180800 events | Elapsed time: 11726.3s [2025-02-17T09:21:06.250Z]
### Progress: 142895/180800 events | Elapsed time: 11731.3s [2025-02-17T09:21:11.252Z]
### Progress: 142968/180800 events | Elapsed time: 11736.3s [2025-02-17T09:21:16.251Z]
### Progress: 143043/180800 events | Elapsed time: 11741.3s [2025-02-17T09:21:21.249Z]
### Progress: 143109/180800 events | Elapsed time: 11746.4s [2025-02-17T09:21:26.336Z]
### Progress: 143176/180800 events | Elapsed time: 11751.3s [2025-02-17T09:21:31.253Z]
### Progress: 143240/180800 events | Elapsed time: 11756.3s [2025-02-17T09:21:36.270Z]
### Progress: 143303/180800 events | Elapsed time: 11761.3s [2025-02-17T09:21:41.260Z]
### Progress: 143366/180800 events | Elapsed time: 11766.4s [2025-02-17T09:21:46.306Z]
### Progress: 143426/180800 events | Elapsed time: 11771.3s [2025-02-17T09:21:51.254Z]
### Progress: 143494/180800 events | Elapsed time: 11776.3s [2025-02-17T09:21:56.264Z]
### Progress: 143554/180800 events | Elapsed time: 11781.3s [2025-02-17T09:22:01.254Z]
### Progress: 143614/180800 events | Elapsed time: 11786.3s [2025-02-17T09:22:06.256Z]
### Progress: 143680/180800 events | Elapsed time: 11791.3s [2025-02-17T09:22:11.256Z]
### Progress: 143741/180800 events | Elapsed time: 11796.4s [2025-02-17T09:22:16.309Z]
### Progress: 143802/180800 events | Elapsed time: 11801.3s [2025-02-17T09:22:21.258Z]
### Progress: 143862/180800 events | Elapsed time: 11806.3s [2025-02-17T09:22:26.256Z]
### Progress: 143922/180800 events | Elapsed time: 11811.3s [2025-02-17T09:22:31.259Z]
### Progress: 143986/180800 events | Elapsed time: 11816.4s [2025-02-17T09:22:36.278Z]
### Progress: 144046/180800 events | Elapsed time: 11821.4s [2025-02-17T09:22:41.295Z]
### Progress: 144105/180800 events | Elapsed time: 11826.3s [2025-02-17T09:22:46.259Z]
### Progress: 144172/180800 events | Elapsed time: 11831.3s [2025-02-17T09:22:51.260Z]
### Progress: 144234/180800 events | Elapsed time: 11836.3s [2025-02-17T09:22:56.260Z]
### Progress: 144294/180800 events | Elapsed time: 11841.3s [2025-02-17T09:23:01.261Z]
### Progress: 144357/180800 events | Elapsed time: 11846.3s [2025-02-17T09:23:06.260Z]
### Progress: 144423/180800 events | Elapsed time: 11851.3s [2025-02-17T09:23:11.262Z]
### Progress: 144491/180800 events | Elapsed time: 11856.4s [2025-02-17T09:23:16.316Z]
### Progress: 144552/180800 events | Elapsed time: 11861.3s [2025-02-17T09:23:21.263Z]
### Progress: 144614/180800 events | Elapsed time: 11866.3s [2025-02-17T09:23:26.261Z]
### Progress: 144677/180800 events | Elapsed time: 11871.3s [2025-02-17T09:23:31.263Z]
### Progress: 144734/180800 events | Elapsed time: 11876.3s [2025-02-17T09:23:36.262Z]
### Progress: 144800/180800 events | Elapsed time: 11881.3s [2025-02-17T09:23:41.271Z]
### Progress: 144860/180800 events | Elapsed time: 11886.3s [2025-02-17T09:23:46.262Z]
### Progress: 144923/180800 events | Elapsed time: 11891.4s [2025-02-17T09:23:51.338Z]
### Progress: 144977/180800 events | Elapsed time: 11896.3s [2025-02-17T09:23:56.264Z]
### Progress: 145040/180800 events | Elapsed time: 11901.3s [2025-02-17T09:24:01.262Z]
### Progress: 145100/180800 events | Elapsed time: 11906.4s [2025-02-17T09:24:06.289Z]
### Progress: 145160/180800 events | Elapsed time: 11911.3s [2025-02-17T09:24:11.263Z]
### Progress: 145220/180800 events | Elapsed time: 11916.4s [2025-02-17T09:24:16.324Z]
### Progress: 145283/180800 events | Elapsed time: 11921.3s [2025-02-17T09:24:21.271Z]
### Progress: 145343/180800 events | Elapsed time: 11926.3s [2025-02-17T09:24:26.263Z]
### Progress: 145403/180800 events | Elapsed time: 11931.3s [2025-02-17T09:24:31.264Z]
### Progress: 145463/180800 events | Elapsed time: 11936.4s [2025-02-17T09:24:36.293Z]
### Progress: 145526/180800 events | Elapsed time: 11941.3s [2025-02-17T09:24:41.264Z]
### Progress: 145594/180800 events | Elapsed time: 11946.4s [2025-02-17T09:24:46.329Z]
### Progress: 145652/180800 events | Elapsed time: 11951.3s [2025-02-17T09:24:51.265Z]
### Progress: 145717/180800 events | Elapsed time: 11956.4s [2025-02-17T09:24:56.363Z]
### Progress: 145783/180800 events | Elapsed time: 11961.3s [2025-02-17T09:25:01.266Z]
### Progress: 145850/180800 events | Elapsed time: 11966.4s [2025-02-17T09:25:06.297Z]
### Progress: 145912/180800 events | Elapsed time: 11971.3s [2025-02-17T09:25:11.265Z]
### Progress: 145977/180800 events | Elapsed time: 11976.4s [2025-02-17T09:25:16.334Z]
### Progress: 146037/180800 events | Elapsed time: 11981.3s [2025-02-17T09:25:21.269Z]
### Progress: 146094/180800 events | Elapsed time: 11986.3s [2025-02-17T09:25:26.268Z]
### Progress: 146159/180800 events | Elapsed time: 11991.3s [2025-02-17T09:25:31.268Z]
### Progress: 146222/180800 events | Elapsed time: 11996.4s [2025-02-17T09:25:36.301Z]
### Progress: 146282/180800 events | Elapsed time: 12001.3s [2025-02-17T09:25:41.271Z]
### Progress: 146339/180800 events | Elapsed time: 12006.4s [2025-02-17T09:25:46.335Z]
### Progress: 146411/180800 events | Elapsed time: 12011.3s [2025-02-17T09:25:51.272Z]
### Progress: 146471/180800 events | Elapsed time: 12016.4s [2025-02-17T09:25:56.371Z]
### Progress: 146533/180800 events | Elapsed time: 12021.3s [2025-02-17T09:26:01.273Z]
### Progress: 146594/180800 events | Elapsed time: 12026.4s [2025-02-17T09:26:06.305Z]
### Progress: 146659/180800 events | Elapsed time: 12031.3s [2025-02-17T09:26:11.275Z]
### Progress: 146714/180800 events | Elapsed time: 12036.4s [2025-02-17T09:26:16.339Z]
### Progress: 146782/180800 events | Elapsed time: 12041.3s [2025-02-17T09:26:21.272Z]
### Progress: 146851/180800 events | Elapsed time: 12046.4s [2025-02-17T09:26:26.280Z]
### Progress: 146919/180800 events | Elapsed time: 12051.3s [2025-02-17T09:26:31.272Z]
### Progress: 146982/180800 events | Elapsed time: 12056.4s [2025-02-17T09:26:36.309Z]
### Progress: 147049/180800 events | Elapsed time: 12061.3s [2025-02-17T09:26:41.276Z]
### Progress: 147109/180800 events | Elapsed time: 12066.3s [2025-02-17T09:26:46.274Z]
### Progress: 147171/180800 events | Elapsed time: 12071.3s [2025-02-17T09:26:51.274Z]
### Progress: 147234/180800 events | Elapsed time: 12076.5s [2025-02-17T09:26:56.378Z]
### Progress: 147302/180800 events | Elapsed time: 12081.3s [2025-02-17T09:27:01.275Z]
### Progress: 147371/180800 events | Elapsed time: 12086.4s [2025-02-17T09:27:06.313Z]
### Progress: 147433/180800 events | Elapsed time: 12091.3s [2025-02-17T09:27:11.275Z]
### Progress: 147491/180800 events | Elapsed time: 12096.4s [2025-02-17T09:27:16.277Z]
### Progress: 147554/180800 events | Elapsed time: 12101.3s [2025-02-17T09:27:21.276Z]
### Progress: 147619/180800 events | Elapsed time: 12106.3s [2025-02-17T09:27:26.275Z]
### Progress: 147682/180800 events | Elapsed time: 12111.3s [2025-02-17T09:27:31.276Z]
### Progress: 147742/180800 events | Elapsed time: 12116.4s [2025-02-17T09:27:36.317Z]
### Progress: 147809/180800 events | Elapsed time: 12121.3s [2025-02-17T09:27:41.277Z]
### Progress: 147869/180800 events | Elapsed time: 12126.4s [2025-02-17T09:27:46.277Z]
### Progress: 147929/180800 events | Elapsed time: 12131.4s [2025-02-17T09:27:51.278Z]
### Progress: 147989/180800 events | Elapsed time: 12136.4s [2025-02-17T09:27:56.284Z]
### Progress: 148049/180800 events | Elapsed time: 12141.4s [2025-02-17T09:28:01.278Z]
### Progress: 148109/180800 events | Elapsed time: 12146.4s [2025-02-17T09:28:06.321Z]
### Progress: 148173/180800 events | Elapsed time: 12151.4s [2025-02-17T09:28:11.280Z]
### Progress: 148233/180800 events | Elapsed time: 12156.4s [2025-02-17T09:28:16.279Z]
### Progress: 148293/180800 events | Elapsed time: 12161.4s [2025-02-17T09:28:21.295Z]
### Progress: 148354/180800 events | Elapsed time: 12166.5s [2025-02-17T09:28:26.390Z]
### Progress: 148419/180800 events | Elapsed time: 12171.4s [2025-02-17T09:28:31.279Z]
### Progress: 148474/180800 events | Elapsed time: 12176.4s [2025-02-17T09:28:36.283Z]
### Progress: 148539/180800 events | Elapsed time: 12181.4s [2025-02-17T09:28:41.342Z]
### Progress: 148599/180800 events | Elapsed time: 12186.4s [2025-02-17T09:28:46.281Z]
### Progress: 148662/180800 events | Elapsed time: 12191.4s [2025-02-17T09:28:51.282Z]
### Progress: 148722/180800 events | Elapsed time: 12196.4s [2025-02-17T09:28:56.292Z]
### Progress: 148791/180800 events | Elapsed time: 12201.4s [2025-02-17T09:29:01.282Z]
### Progress: 148853/180800 events | Elapsed time: 12206.4s [2025-02-17T09:29:06.327Z]
### Progress: 148914/180800 events | Elapsed time: 12211.4s [2025-02-17T09:29:11.282Z]
### Progress: 148979/180800 events | Elapsed time: 12216.4s [2025-02-17T09:29:16.283Z]
### Progress: 149042/180800 events | Elapsed time: 12221.4s [2025-02-17T09:29:21.282Z]
### Progress: 149109/180800 events | Elapsed time: 12226.4s [2025-02-17T09:29:26.296Z]
### Progress: 149173/180800 events | Elapsed time: 12231.4s [2025-02-17T09:29:31.282Z]
### Progress: 149239/180800 events | Elapsed time: 12236.4s [2025-02-17T09:29:36.332Z]
### Progress: 149294/180800 events | Elapsed time: 12241.4s [2025-02-17T09:29:41.348Z]
### Progress: 149354/180800 events | Elapsed time: 12246.4s [2025-02-17T09:29:46.284Z]
### Progress: 149422/180800 events | Elapsed time: 12251.5s [2025-02-17T09:29:51.384Z]
### Progress: 149489/180800 events | Elapsed time: 12256.4s [2025-02-17T09:29:56.300Z]
### Progress: 149549/180800 events | Elapsed time: 12261.4s [2025-02-17T09:30:01.287Z]
### Progress: 149613/180800 events | Elapsed time: 12266.4s [2025-02-17T09:30:06.335Z]
### Progress: 149673/180800 events | Elapsed time: 12271.4s [2025-02-17T09:30:11.287Z]
### Progress: 149739/180800 events | Elapsed time: 12276.4s [2025-02-17T09:30:16.288Z]
### Progress: 149809/180800 events | Elapsed time: 12281.4s [2025-02-17T09:30:21.286Z]
### Progress: 149869/180800 events | Elapsed time: 12286.4s [2025-02-17T09:30:26.289Z]
### Progress: 149931/180800 events | Elapsed time: 12291.4s [2025-02-17T09:30:31.330Z]
### Progress: 149993/180800 events | Elapsed time: 12296.4s [2025-02-17T09:30:36.288Z]
### Progress: 150053/180800 events | Elapsed time: 12301.4s [2025-02-17T09:30:41.356Z]
### Progress: 150113/180800 events | Elapsed time: 12306.4s [2025-02-17T09:30:46.374Z]
### Progress: 150173/180800 events | Elapsed time: 12311.4s [2025-02-17T09:30:51.291Z]
### Progress: 150234/180800 events | Elapsed time: 12316.4s [2025-02-17T09:30:56.301Z]
### Progress: 150299/180800 events | Elapsed time: 12321.4s [2025-02-17T09:31:01.293Z]
### Progress: 150364/180800 events | Elapsed time: 12326.4s [2025-02-17T09:31:06.343Z]
### Progress: 150433/180800 events | Elapsed time: 12331.4s [2025-02-17T09:31:11.291Z]
### Progress: 150493/180800 events | Elapsed time: 12336.4s [2025-02-17T09:31:16.296Z]
### Progress: 150554/180800 events | Elapsed time: 12341.4s [2025-02-17T09:31:21.295Z]
### Progress: 150619/180800 events | Elapsed time: 12346.4s [2025-02-17T09:31:26.311Z]
### Progress: 150682/180800 events | Elapsed time: 12351.4s [2025-02-17T09:31:31.293Z]
### Progress: 150742/180800 events | Elapsed time: 12356.4s [2025-02-17T09:31:36.294Z]
### Progress: 150809/180800 events | Elapsed time: 12361.4s [2025-02-17T09:31:41.292Z]
### Progress: 150874/180800 events | Elapsed time: 12366.4s [2025-02-17T09:31:46.295Z]
### Progress: 150951/180800 events | Elapsed time: 12371.4s [2025-02-17T09:31:51.296Z]
### Progress: 151018/180800 events | Elapsed time: 12376.4s [2025-02-17T09:31:56.305Z]
### Progress: 151094/180800 events | Elapsed time: 12381.4s [2025-02-17T09:32:01.296Z]
### Progress: 151165/180800 events | Elapsed time: 12386.4s [2025-02-17T09:32:06.295Z]
### Progress: 151240/180800 events | Elapsed time: 12391.4s [2025-02-17T09:32:11.346Z]
### Progress: 151311/180800 events | Elapsed time: 12396.4s [2025-02-17T09:32:16.293Z]
### Progress: 151383/180800 events | Elapsed time: 12401.4s [2025-02-17T09:32:21.295Z]
### Progress: 151448/180800 events | Elapsed time: 12406.4s [2025-02-17T09:32:26.298Z]
### Progress: 151521/180800 events | Elapsed time: 12411.4s [2025-02-17T09:32:31.300Z]
### Progress: 151593/180800 events | Elapsed time: 12416.4s [2025-02-17T09:32:36.296Z]
### Progress: 151670/180800 events | Elapsed time: 12421.4s [2025-02-17T09:32:41.296Z]
### Progress: 151738/180800 events | Elapsed time: 12426.4s [2025-02-17T09:32:46.299Z]
### Progress: 151811/180800 events | Elapsed time: 12431.4s [2025-02-17T09:32:51.295Z]
### Progress: 151887/180800 events | Elapsed time: 12436.4s [2025-02-17T09:32:56.297Z]
### Progress: 151957/180800 events | Elapsed time: 12441.4s [2025-02-17T09:33:01.297Z]
### Progress: 152023/180800 events | Elapsed time: 12446.4s [2025-02-17T09:33:06.298Z]
### Progress: 152087/180800 events | Elapsed time: 12451.4s [2025-02-17T09:33:11.297Z]
### Progress: 152147/180800 events | Elapsed time: 12456.4s [2025-02-17T09:33:16.316Z]
### Progress: 152211/180800 events | Elapsed time: 12461.4s [2025-02-17T09:33:21.309Z]
### Progress: 152272/180800 events | Elapsed time: 12466.4s [2025-02-17T09:33:26.328Z]
### Progress: 152331/180800 events | Elapsed time: 12471.4s [2025-02-17T09:33:31.300Z]
### Progress: 152391/180800 events | Elapsed time: 12476.4s [2025-02-17T09:33:36.299Z]
### Progress: 152454/180800 events | Elapsed time: 12481.4s [2025-02-17T09:33:41.298Z]
### Progress: 152520/180800 events | Elapsed time: 12486.4s [2025-02-17T09:33:46.297Z]
### Progress: 152583/180800 events | Elapsed time: 12491.4s [2025-02-17T09:33:51.356Z]
### Progress: 152652/180800 events | Elapsed time: 12496.5s [2025-02-17T09:33:56.444Z]
### Progress: 152711/180800 events | Elapsed time: 12501.4s [2025-02-17T09:34:01.300Z]
### Progress: 152780/180800 events | Elapsed time: 12506.4s [2025-02-17T09:34:06.304Z]
### Progress: 152854/180800 events | Elapsed time: 12511.4s [2025-02-17T09:34:11.301Z]
### Progress: 152925/180800 events | Elapsed time: 12516.4s [2025-02-17T09:34:16.301Z]
### Progress: 152997/180800 events | Elapsed time: 12521.4s [2025-02-17T09:34:21.299Z]
### Progress: 153072/180800 events | Elapsed time: 12526.4s [2025-02-17T09:34:26.302Z]
### Progress: 153141/180800 events | Elapsed time: 12531.4s [2025-02-17T09:34:31.300Z]
### Progress: 153214/180800 events | Elapsed time: 12536.4s [2025-02-17T09:34:36.303Z]
### Progress: 153290/180800 events | Elapsed time: 12541.4s [2025-02-17T09:34:41.300Z]
### Progress: 153363/180800 events | Elapsed time: 12546.4s [2025-02-17T09:34:46.303Z]
### Progress: 153432/180800 events | Elapsed time: 12551.4s [2025-02-17T09:34:51.300Z]
### Progress: 153507/180800 events | Elapsed time: 12556.4s [2025-02-17T09:34:56.303Z]
### Progress: 153580/180800 events | Elapsed time: 12561.4s [2025-02-17T09:35:01.311Z]
### Progress: 153652/180800 events | Elapsed time: 12566.4s [2025-02-17T09:35:06.300Z]
### Progress: 153721/180800 events | Elapsed time: 12571.4s [2025-02-17T09:35:11.300Z]
### Progress: 153795/180800 events | Elapsed time: 12576.4s [2025-02-17T09:35:16.322Z]
### Progress: 153867/180800 events | Elapsed time: 12581.4s [2025-02-17T09:35:21.300Z]
### Progress: 153939/180800 events | Elapsed time: 12586.4s [2025-02-17T09:35:26.300Z]
### Progress: 154012/180800 events | Elapsed time: 12591.4s [2025-02-17T09:35:31.300Z]
### Progress: 154086/180800 events | Elapsed time: 12596.4s [2025-02-17T09:35:36.298Z]
### Progress: 154156/180800 events | Elapsed time: 12601.4s [2025-02-17T09:35:41.300Z]
### Progress: 154231/180800 events | Elapsed time: 12606.4s [2025-02-17T09:35:46.301Z]
### Progress: 154304/180800 events | Elapsed time: 12611.4s [2025-02-17T09:35:51.299Z]
### Progress: 154375/180800 events | Elapsed time: 12616.4s [2025-02-17T09:35:56.309Z]
### Progress: 154448/180800 events | Elapsed time: 12621.4s [2025-02-17T09:36:01.302Z]
### Progress: 154518/180800 events | Elapsed time: 12626.4s [2025-02-17T09:36:06.302Z]
### Progress: 154594/180800 events | Elapsed time: 12631.4s [2025-02-17T09:36:11.337Z]
### Progress: 154661/180800 events | Elapsed time: 12636.4s [2025-02-17T09:36:16.301Z]
### Progress: 154736/180800 events | Elapsed time: 12641.4s [2025-02-17T09:36:21.313Z]
### Progress: 154811/180800 events | Elapsed time: 12646.4s [2025-02-17T09:36:26.320Z]
### Progress: 154882/180800 events | Elapsed time: 12651.4s [2025-02-17T09:36:31.306Z]
### Progress: 154955/180800 events | Elapsed time: 12656.4s [2025-02-17T09:36:36.301Z]
### Progress: 155027/180800 events | Elapsed time: 12661.4s [2025-02-17T09:36:41.304Z]
### Progress: 155100/180800 events | Elapsed time: 12666.4s [2025-02-17T09:36:46.305Z]
### Progress: 155173/180800 events | Elapsed time: 12671.4s [2025-02-17T09:36:51.303Z]
### Progress: 155245/180800 events | Elapsed time: 12676.4s [2025-02-17T09:36:56.304Z]
### Progress: 155318/180800 events | Elapsed time: 12681.4s [2025-02-17T09:37:01.331Z]
### Progress: 155389/180800 events | Elapsed time: 12686.4s [2025-02-17T09:37:06.305Z]
### Progress: 155460/180800 events | Elapsed time: 12691.4s [2025-02-17T09:37:11.306Z]
### Progress: 155534/180800 events | Elapsed time: 12696.4s [2025-02-17T09:37:16.306Z]
### Progress: 155608/180800 events | Elapsed time: 12701.4s [2025-02-17T09:37:21.320Z]
### Progress: 155678/180800 events | Elapsed time: 12706.4s [2025-02-17T09:37:26.309Z]
### Progress: 155752/180800 events | Elapsed time: 12711.4s [2025-02-17T09:37:31.302Z]
### Progress: 155822/180800 events | Elapsed time: 12716.4s [2025-02-17T09:37:36.306Z]
### Progress: 155898/180800 events | Elapsed time: 12721.4s [2025-02-17T09:37:41.304Z]
### Progress: 155968/180800 events | Elapsed time: 12726.4s [2025-02-17T09:37:46.305Z]
### Progress: 156042/180800 events | Elapsed time: 12731.4s [2025-02-17T09:37:51.303Z]
### Progress: 156116/180800 events | Elapsed time: 12736.4s [2025-02-17T09:37:56.302Z]
### Progress: 156187/180800 events | Elapsed time: 12741.4s [2025-02-17T09:38:01.305Z]
### Progress: 156256/180800 events | Elapsed time: 12746.4s [2025-02-17T09:38:06.309Z]
### Progress: 156330/180800 events | Elapsed time: 12751.4s [2025-02-17T09:38:11.306Z]
### Progress: 156403/180800 events | Elapsed time: 12756.4s [2025-02-17T09:38:16.303Z]
### Progress: 156476/180800 events | Elapsed time: 12761.4s [2025-02-17T09:38:21.308Z]
### Progress: 156549/180800 events | Elapsed time: 12766.4s [2025-02-17T09:38:26.306Z]
### Progress: 156620/180800 events | Elapsed time: 12771.4s [2025-02-17T09:38:31.303Z]
### Progress: 156692/180800 events | Elapsed time: 12776.4s [2025-02-17T09:38:36.306Z]
### Progress: 156764/180800 events | Elapsed time: 12781.4s [2025-02-17T09:38:41.311Z]
### Progress: 156839/180800 events | Elapsed time: 12786.4s [2025-02-17T09:38:46.311Z]
### Progress: 156911/180800 events | Elapsed time: 12791.4s [2025-02-17T09:38:51.356Z]
### Progress: 156985/180800 events | Elapsed time: 12796.4s [2025-02-17T09:38:56.321Z]
### Progress: 157047/180800 events | Elapsed time: 12801.4s [2025-02-17T09:39:01.306Z]
### Progress: 157110/180800 events | Elapsed time: 12806.4s [2025-02-17T09:39:06.309Z]
### Progress: 157176/180800 events | Elapsed time: 12811.4s [2025-02-17T09:39:11.309Z]
### Progress: 157243/180800 events | Elapsed time: 12816.4s [2025-02-17T09:39:16.309Z]
### Progress: 157303/180800 events | Elapsed time: 12821.4s [2025-02-17T09:39:21.313Z]
### Progress: 157363/180800 events | Elapsed time: 12826.4s [2025-02-17T09:39:26.310Z]
### Progress: 157427/180800 events | Elapsed time: 12831.4s [2025-02-17T09:39:31.313Z]
### Progress: 157487/180800 events | Elapsed time: 12836.4s [2025-02-17T09:39:36.311Z]
### Progress: 157556/180800 events | Elapsed time: 12841.4s [2025-02-17T09:39:41.310Z]
### Progress: 157618/180800 events | Elapsed time: 12846.4s [2025-02-17T09:39:46.315Z]
### Progress: 157678/180800 events | Elapsed time: 12851.4s [2025-02-17T09:39:51.311Z]
### Progress: 157743/180800 events | Elapsed time: 12856.4s [2025-02-17T09:39:56.312Z]
### Progress: 157807/180800 events | Elapsed time: 12861.4s [2025-02-17T09:40:01.311Z]
### Progress: 157867/180800 events | Elapsed time: 12866.4s [2025-02-17T09:40:06.311Z]
### Progress: 157930/180800 events | Elapsed time: 12871.4s [2025-02-17T09:40:11.331Z]
### Progress: 157996/180800 events | Elapsed time: 12876.4s [2025-02-17T09:40:16.322Z]
### Progress: 158058/180800 events | Elapsed time: 12881.4s [2025-02-17T09:40:21.316Z]
### Progress: 158125/180800 events | Elapsed time: 12886.4s [2025-02-17T09:40:26.316Z]
### Progress: 158185/180800 events | Elapsed time: 12891.4s [2025-02-17T09:40:31.312Z]
### Progress: 158247/180800 events | Elapsed time: 12896.4s [2025-02-17T09:40:36.312Z]
### Progress: 158310/180800 events | Elapsed time: 12901.4s [2025-02-17T09:40:41.312Z]
### Progress: 158376/180800 events | Elapsed time: 12906.4s [2025-02-17T09:40:46.327Z]
### Progress: 158438/180800 events | Elapsed time: 12911.4s [2025-02-17T09:40:51.314Z]
### Progress: 158499/180800 events | Elapsed time: 12916.4s [2025-02-17T09:40:56.315Z]
### Progress: 158559/180800 events | Elapsed time: 12921.4s [2025-02-17T09:41:01.315Z]
### Progress: 158625/180800 events | Elapsed time: 12926.4s [2025-02-17T09:41:06.326Z]
### Progress: 158689/180800 events | Elapsed time: 12931.4s [2025-02-17T09:41:11.315Z]
### Progress: 158753/180800 events | Elapsed time: 12936.4s [2025-02-17T09:41:16.314Z]
### Progress: 158814/180800 events | Elapsed time: 12941.4s [2025-02-17T09:41:21.315Z]
### Progress: 158873/180800 events | Elapsed time: 12946.4s [2025-02-17T09:41:26.314Z]
### Progress: 158939/180800 events | Elapsed time: 12951.4s [2025-02-17T09:41:31.317Z]
### Progress: 159011/180800 events | Elapsed time: 12956.4s [2025-02-17T09:41:36.317Z]
### Progress: 159083/180800 events | Elapsed time: 12961.4s [2025-02-17T09:41:41.316Z]
### Progress: 159157/180800 events | Elapsed time: 12966.4s [2025-02-17T09:41:46.315Z]
### Progress: 159225/180800 events | Elapsed time: 12971.4s [2025-02-17T09:41:51.316Z]
### Progress: 159291/180800 events | Elapsed time: 12976.4s [2025-02-17T09:41:56.332Z]
### Progress: 159356/180800 events | Elapsed time: 12981.4s [2025-02-17T09:42:01.320Z]
### Progress: 159424/180800 events | Elapsed time: 12986.4s [2025-02-17T09:42:06.315Z]
### Progress: 159486/180800 events | Elapsed time: 12991.4s [2025-02-17T09:42:11.317Z]
### Progress: 159549/180800 events | Elapsed time: 12996.4s [2025-02-17T09:42:16.319Z]
### Progress: 159614/180800 events | Elapsed time: 13001.4s [2025-02-17T09:42:21.338Z]
### Progress: 159684/180800 events | Elapsed time: 13006.4s [2025-02-17T09:42:26.319Z]
### Progress: 159744/180800 events | Elapsed time: 13011.4s [2025-02-17T09:42:31.320Z]
### Progress: 159809/180800 events | Elapsed time: 13016.4s [2025-02-17T09:42:36.321Z]
### Progress: 159883/180800 events | Elapsed time: 13021.4s [2025-02-17T09:42:41.320Z]
### Progress: 159947/180800 events | Elapsed time: 13026.4s [2025-02-17T09:42:46.367Z]
### Progress: 160006/180800 events | Elapsed time: 13031.4s [2025-02-17T09:42:51.320Z]
### Progress: 160078/180800 events | Elapsed time: 13036.4s [2025-02-17T09:42:56.320Z]
### Progress: 160151/180800 events | Elapsed time: 13041.4s [2025-02-17T09:43:01.322Z]
### Progress: 160220/180800 events | Elapsed time: 13046.4s [2025-02-17T09:43:06.332Z]
### Progress: 160293/180800 events | Elapsed time: 13051.4s [2025-02-17T09:43:11.319Z]
### Progress: 160358/180800 events | Elapsed time: 13056.4s [2025-02-17T09:43:16.371Z]
### Progress: 160424/180800 events | Elapsed time: 13061.4s [2025-02-17T09:43:21.321Z]
### Progress: 160483/180800 events | Elapsed time: 13066.4s [2025-02-17T09:43:26.336Z]
### Progress: 160541/180800 events | Elapsed time: 13071.4s [2025-02-17T09:43:31.323Z]
### Progress: 160609/180800 events | Elapsed time: 13076.4s [2025-02-17T09:43:36.322Z]
### Progress: 160670/180800 events | Elapsed time: 13081.4s [2025-02-17T09:43:41.322Z]
### Progress: 160737/180800 events | Elapsed time: 13086.4s [2025-02-17T09:43:46.320Z]
### Progress: 160797/180800 events | Elapsed time: 13091.4s [2025-02-17T09:43:51.322Z]
### Progress: 160864/180800 events | Elapsed time: 13096.4s [2025-02-17T09:43:56.323Z]
### Progress: 160930/180800 events | Elapsed time: 13101.5s [2025-02-17T09:44:01.439Z]
### Progress: 160994/180800 events | Elapsed time: 13106.4s [2025-02-17T09:44:06.343Z]
### Progress: 161057/180800 events | Elapsed time: 13111.4s [2025-02-17T09:44:11.323Z]
### Progress: 161122/180800 events | Elapsed time: 13116.4s [2025-02-17T09:44:16.324Z]
### Progress: 161182/180800 events | Elapsed time: 13121.4s [2025-02-17T09:44:21.326Z]
### Progress: 161245/180800 events | Elapsed time: 13126.4s [2025-02-17T09:44:26.327Z]
### Progress: 161310/180800 events | Elapsed time: 13131.4s [2025-02-17T09:44:31.326Z]
### Progress: 161374/180800 events | Elapsed time: 13136.4s [2025-02-17T09:44:36.325Z]
### Progress: 161437/180800 events | Elapsed time: 13141.4s [2025-02-17T09:44:41.326Z]
### Progress: 161498/180800 events | Elapsed time: 13146.4s [2025-02-17T09:44:46.327Z]
### Progress: 161565/180800 events | Elapsed time: 13151.4s [2025-02-17T09:44:51.326Z]
### Progress: 161630/180800 events | Elapsed time: 13156.4s [2025-02-17T09:44:56.325Z]
### Progress: 161690/180800 events | Elapsed time: 13161.4s [2025-02-17T09:45:01.325Z]
### Progress: 161748/180800 events | Elapsed time: 13166.4s [2025-02-17T09:45:06.327Z]
### Progress: 161814/180800 events | Elapsed time: 13171.4s [2025-02-17T09:45:11.329Z]
### Progress: 161877/180800 events | Elapsed time: 13176.4s [2025-02-17T09:45:16.327Z]
### Progress: 161944/180800 events | Elapsed time: 13181.4s [2025-02-17T09:45:21.329Z]
### Progress: 162008/180800 events | Elapsed time: 13186.4s [2025-02-17T09:45:26.327Z]
### Progress: 162071/180800 events | Elapsed time: 13191.4s [2025-02-17T09:45:31.327Z]
### Progress: 162137/180800 events | Elapsed time: 13196.4s [2025-02-17T09:45:36.329Z]
### Progress: 162197/180800 events | Elapsed time: 13201.4s [2025-02-17T09:45:41.329Z]
### Progress: 162258/180800 events | Elapsed time: 13206.4s [2025-02-17T09:45:46.331Z]
### Progress: 162328/180800 events | Elapsed time: 13211.4s [2025-02-17T09:45:51.339Z]
### Progress: 162388/180800 events | Elapsed time: 13216.4s [2025-02-17T09:45:56.331Z]
### Progress: 162448/180800 events | Elapsed time: 13221.4s [2025-02-17T09:46:01.328Z]
### Progress: 162509/180800 events | Elapsed time: 13226.4s [2025-02-17T09:46:06.329Z]
### Progress: 162583/180800 events | Elapsed time: 13231.4s [2025-02-17T09:46:11.328Z]
### Progress: 162655/180800 events | Elapsed time: 13236.4s [2025-02-17T09:46:16.331Z]
### Progress: 162727/180800 events | Elapsed time: 13241.4s [2025-02-17T09:46:21.330Z]
### Progress: 162802/180800 events | Elapsed time: 13246.4s [2025-02-17T09:46:26.333Z]
### Progress: 162874/180800 events | Elapsed time: 13251.4s [2025-02-17T09:46:31.332Z]
### Progress: 162944/180800 events | Elapsed time: 13256.4s [2025-02-17T09:46:36.331Z]
### Progress: 163007/180800 events | Elapsed time: 13261.4s [2025-02-17T09:46:41.333Z]
### Progress: 163067/180800 events | Elapsed time: 13266.4s [2025-02-17T09:46:46.350Z]
### Progress: 163130/180800 events | Elapsed time: 13271.4s [2025-02-17T09:46:51.335Z]
### Progress: 163195/180800 events | Elapsed time: 13276.4s [2025-02-17T09:46:56.337Z]
### Progress: 163255/180800 events | Elapsed time: 13281.4s [2025-02-17T09:47:01.339Z]
### Progress: 163317/180800 events | Elapsed time: 13286.4s [2025-02-17T09:47:06.335Z]
### Progress: 163381/180800 events | Elapsed time: 13291.4s [2025-02-17T09:47:11.337Z]
### Progress: 163449/180800 events | Elapsed time: 13296.4s [2025-02-17T09:47:16.335Z]
### Progress: 163509/180800 events | Elapsed time: 13301.5s [2025-02-17T09:47:21.420Z]
### Progress: 163569/180800 events | Elapsed time: 13306.4s [2025-02-17T09:47:26.339Z]
### Progress: 163635/180800 events | Elapsed time: 13311.4s [2025-02-17T09:47:31.338Z]
### Progress: 163698/180800 events | Elapsed time: 13316.4s [2025-02-17T09:47:36.338Z]
### Progress: 163758/180800 events | Elapsed time: 13321.5s [2025-02-17T09:47:41.389Z]
### Progress: 163822/180800 events | Elapsed time: 13326.4s [2025-02-17T09:47:46.340Z]
### Progress: 163893/180800 events | Elapsed time: 13331.4s [2025-02-17T09:47:51.344Z]
### Progress: 163968/180800 events | Elapsed time: 13336.4s [2025-02-17T09:47:56.341Z]
### Progress: 164038/180800 events | Elapsed time: 13341.4s [2025-02-17T09:48:01.353Z]
### Progress: 164112/180800 events | Elapsed time: 13346.4s [2025-02-17T09:48:06.341Z]
### Progress: 164185/180800 events | Elapsed time: 13351.4s [2025-02-17T09:48:11.340Z]
### Progress: 164257/180800 events | Elapsed time: 13356.4s [2025-02-17T09:48:16.341Z]
### Progress: 164329/180800 events | Elapsed time: 13361.4s [2025-02-17T09:48:21.343Z]
### Progress: 164403/180800 events | Elapsed time: 13366.5s [2025-02-17T09:48:26.416Z]
### Progress: 164463/180800 events | Elapsed time: 13371.4s [2025-02-17T09:48:31.344Z]
### Progress: 164523/180800 events | Elapsed time: 13376.4s [2025-02-17T09:48:36.343Z]
### Progress: 164589/180800 events | Elapsed time: 13381.4s [2025-02-17T09:48:41.344Z]
### Progress: 164653/180800 events | Elapsed time: 13386.4s [2025-02-17T09:48:46.347Z]
### Progress: 164719/180800 events | Elapsed time: 13391.4s [2025-02-17T09:48:51.345Z]
### Progress: 164788/180800 events | Elapsed time: 13396.4s [2025-02-17T09:48:56.346Z]
### Progress: 164860/180800 events | Elapsed time: 13401.4s [2025-02-17T09:49:01.350Z]
### Progress: 164929/180800 events | Elapsed time: 13406.4s [2025-02-17T09:49:06.346Z]
### Progress: 164993/180800 events | Elapsed time: 13411.4s [2025-02-17T09:49:11.347Z]
### Progress: 165057/180800 events | Elapsed time: 13416.4s [2025-02-17T09:49:16.346Z]
### Progress: 165117/180800 events | Elapsed time: 13421.4s [2025-02-17T09:49:21.349Z]
### Progress: 165177/180800 events | Elapsed time: 13426.5s [2025-02-17T09:49:26.453Z]
### Progress: 165241/180800 events | Elapsed time: 13431.4s [2025-02-17T09:49:31.347Z]
### Progress: 165311/180800 events | Elapsed time: 13436.4s [2025-02-17T09:49:36.347Z]
### Progress: 165383/180800 events | Elapsed time: 13441.4s [2025-02-17T09:49:41.359Z]
### Progress: 165456/180800 events | Elapsed time: 13446.4s [2025-02-17T09:49:46.357Z]
### Progress: 165531/180800 events | Elapsed time: 13451.4s [2025-02-17T09:49:51.347Z]
### Progress: 165599/180800 events | Elapsed time: 13456.4s [2025-02-17T09:49:56.350Z]
### Progress: 165675/180800 events | Elapsed time: 13461.4s [2025-02-17T09:50:01.356Z]
### Progress: 165749/180800 events | Elapsed time: 13466.4s [2025-02-17T09:50:06.361Z]
### Progress: 165818/180800 events | Elapsed time: 13471.4s [2025-02-17T09:50:11.348Z]
### Progress: 165895/180800 events | Elapsed time: 13476.4s [2025-02-17T09:50:16.350Z]
### Progress: 165963/180800 events | Elapsed time: 13481.4s [2025-02-17T09:50:21.349Z]
### Progress: 166038/180800 events | Elapsed time: 13486.5s [2025-02-17T09:50:26.380Z]
### Progress: 166110/180800 events | Elapsed time: 13491.4s [2025-02-17T09:50:31.363Z]
### Progress: 166182/180800 events | Elapsed time: 13496.4s [2025-02-17T09:50:36.349Z]
### Progress: 166255/180800 events | Elapsed time: 13501.4s [2025-02-17T09:50:41.350Z]
### Progress: 166328/180800 events | Elapsed time: 13506.4s [2025-02-17T09:50:46.356Z]
### Progress: 166403/180800 events | Elapsed time: 13511.4s [2025-02-17T09:50:51.358Z]
### Progress: 166473/180800 events | Elapsed time: 13516.4s [2025-02-17T09:50:56.349Z]
### Progress: 166547/180800 events | Elapsed time: 13521.4s [2025-02-17T09:51:01.367Z]
### Progress: 166619/180800 events | Elapsed time: 13526.4s [2025-02-17T09:51:06.352Z]
### Progress: 166695/180800 events | Elapsed time: 13531.4s [2025-02-17T09:51:11.352Z]
### Progress: 166764/180800 events | Elapsed time: 13536.4s [2025-02-17T09:51:16.352Z]
### Progress: 166835/180800 events | Elapsed time: 13541.4s [2025-02-17T09:51:21.352Z]
### Progress: 166910/180800 events | Elapsed time: 13546.4s [2025-02-17T09:51:26.353Z]
### Progress: 166981/180800 events | Elapsed time: 13551.4s [2025-02-17T09:51:31.354Z]
### Progress: 167057/180800 events | Elapsed time: 13556.4s [2025-02-17T09:51:36.356Z]
### Progress: 167126/180800 events | Elapsed time: 13561.4s [2025-02-17T09:51:41.355Z]
### Progress: 167201/180800 events | Elapsed time: 13566.4s [2025-02-17T09:51:46.357Z]
### Progress: 167273/180800 events | Elapsed time: 13571.4s [2025-02-17T09:51:51.352Z]
### Progress: 167346/180800 events | Elapsed time: 13576.4s [2025-02-17T09:51:56.351Z]
### Progress: 167419/180800 events | Elapsed time: 13581.4s [2025-02-17T09:52:01.353Z]
### Progress: 167482/180800 events | Elapsed time: 13586.4s [2025-02-17T09:52:06.353Z]
### Progress: 167549/180800 events | Elapsed time: 13591.4s [2025-02-17T09:52:11.355Z]
### Progress: 167602/180800 events | Elapsed time: 13596.5s [2025-02-17T09:52:16.441Z]
### Progress: 167670/180800 events | Elapsed time: 13601.4s [2025-02-17T09:52:21.356Z]
### Progress: 167733/180800 events | Elapsed time: 13606.4s [2025-02-17T09:52:26.355Z]
### Progress: 167799/180800 events | Elapsed time: 13611.4s [2025-02-17T09:52:31.354Z]
### Progress: 167860/180800 events | Elapsed time: 13616.4s [2025-02-17T09:52:36.356Z]
### Progress: 167922/180800 events | Elapsed time: 13621.4s [2025-02-17T09:52:41.359Z]
### Progress: 167982/180800 events | Elapsed time: 13626.4s [2025-02-17T09:52:46.355Z]
### Progress: 168049/180800 events | Elapsed time: 13631.4s [2025-02-17T09:52:51.360Z]
### Progress: 168115/180800 events | Elapsed time: 13636.4s [2025-02-17T09:52:56.357Z]
### Progress: 168180/180800 events | Elapsed time: 13641.4s [2025-02-17T09:53:01.358Z]
### Progress: 168249/180800 events | Elapsed time: 13646.4s [2025-02-17T09:53:06.359Z]
### Progress: 168313/180800 events | Elapsed time: 13651.4s [2025-02-17T09:53:11.360Z]
### Progress: 168373/180800 events | Elapsed time: 13656.5s [2025-02-17T09:53:16.450Z]
### Progress: 168439/180800 events | Elapsed time: 13661.4s [2025-02-17T09:53:21.361Z]
### Progress: 168500/180800 events | Elapsed time: 13666.4s [2025-02-17T09:53:26.359Z]
### Progress: 168562/180800 events | Elapsed time: 13671.5s [2025-02-17T09:53:31.447Z]
### Progress: 168629/180800 events | Elapsed time: 13676.4s [2025-02-17T09:53:36.360Z]
### Progress: 168693/180800 events | Elapsed time: 13681.4s [2025-02-17T09:53:41.362Z]
### Progress: 168755/180800 events | Elapsed time: 13686.4s [2025-02-17T09:53:46.360Z]
### Progress: 168820/180800 events | Elapsed time: 13691.4s [2025-02-17T09:53:51.362Z]
### Progress: 168889/180800 events | Elapsed time: 13696.4s [2025-02-17T09:53:56.362Z]
### Progress: 168953/180800 events | Elapsed time: 13701.4s [2025-02-17T09:54:01.362Z]
### Progress: 169015/180800 events | Elapsed time: 13706.6s [2025-02-17T09:54:06.526Z]
### Progress: 169075/180800 events | Elapsed time: 13711.5s [2025-02-17T09:54:11.440Z]
### Progress: 169138/180800 events | Elapsed time: 13716.5s [2025-02-17T09:54:16.457Z]
### Progress: 169202/180800 events | Elapsed time: 13721.4s [2025-02-17T09:54:21.361Z]
### Progress: 169269/180800 events | Elapsed time: 13726.5s [2025-02-17T09:54:26.377Z]
### Progress: 169333/180800 events | Elapsed time: 13731.5s [2025-02-17T09:54:31.410Z]
### Progress: 169395/180800 events | Elapsed time: 13736.4s [2025-02-17T09:54:36.366Z]
### Progress: 169459/180800 events | Elapsed time: 13741.4s [2025-02-17T09:54:41.370Z]
### Progress: 169522/180800 events | Elapsed time: 13746.5s [2025-02-17T09:54:46.461Z]
### Progress: 169593/180800 events | Elapsed time: 13751.4s [2025-02-17T09:54:51.364Z]
### Progress: 169658/180800 events | Elapsed time: 13756.4s [2025-02-17T09:54:56.376Z]
### Progress: 169720/180800 events | Elapsed time: 13761.4s [2025-02-17T09:55:01.369Z]
### Progress: 169782/180800 events | Elapsed time: 13766.5s [2025-02-17T09:55:06.403Z]
### Progress: 169855/180800 events | Elapsed time: 13771.4s [2025-02-17T09:55:11.366Z]
### Progress: 169918/180800 events | Elapsed time: 13776.4s [2025-02-17T09:55:16.366Z]
### Progress: 169983/180800 events | Elapsed time: 13781.4s [2025-02-17T09:55:21.366Z]
### Progress: 170054/180800 events | Elapsed time: 13786.4s [2025-02-17T09:55:26.368Z]
### Progress: 170114/180800 events | Elapsed time: 13791.4s [2025-02-17T09:55:31.366Z]
### Progress: 170178/180800 events | Elapsed time: 13796.4s [2025-02-17T09:55:36.367Z]
### Progress: 170243/180800 events | Elapsed time: 13801.4s [2025-02-17T09:55:41.367Z]
### Progress: 170314/180800 events | Elapsed time: 13806.5s [2025-02-17T09:55:46.470Z]
### Progress: 170374/180800 events | Elapsed time: 13811.5s [2025-02-17T09:55:51.384Z]
### Progress: 170438/180800 events | Elapsed time: 13816.5s [2025-02-17T09:55:56.403Z]
### Progress: 170500/180800 events | Elapsed time: 13821.4s [2025-02-17T09:56:01.368Z]
### Progress: 170560/180800 events | Elapsed time: 13826.4s [2025-02-17T09:56:06.368Z]
### Progress: 170628/180800 events | Elapsed time: 13831.5s [2025-02-17T09:56:11.377Z]
### Progress: 170688/180800 events | Elapsed time: 13836.4s [2025-02-17T09:56:16.367Z]
### Progress: 170754/180800 events | Elapsed time: 13841.4s [2025-02-17T09:56:21.369Z]
### Progress: 170814/180800 events | Elapsed time: 13846.5s [2025-02-17T09:56:26.410Z]
### Progress: 170874/180800 events | Elapsed time: 13851.5s [2025-02-17T09:56:31.424Z]
### Progress: 170934/180800 events | Elapsed time: 13856.4s [2025-02-17T09:56:36.369Z]
### Progress: 171000/180800 events | Elapsed time: 13861.5s [2025-02-17T09:56:41.407Z]
### Progress: 171060/180800 events | Elapsed time: 13866.4s [2025-02-17T09:56:46.370Z]
### Progress: 171123/180800 events | Elapsed time: 13871.4s [2025-02-17T09:56:51.370Z]
### Progress: 171187/180800 events | Elapsed time: 13876.5s [2025-02-17T09:56:56.409Z]
### Progress: 171252/180800 events | Elapsed time: 13881.4s [2025-02-17T09:57:01.373Z]
### Progress: 171318/180800 events | Elapsed time: 13886.5s [2025-02-17T09:57:06.445Z]
### Progress: 171382/180800 events | Elapsed time: 13891.4s [2025-02-17T09:57:11.372Z]
### Progress: 171439/180800 events | Elapsed time: 13896.5s [2025-02-17T09:57:16.378Z]
### Progress: 171507/180800 events | Elapsed time: 13901.4s [2025-02-17T09:57:21.373Z]
### Progress: 171572/180800 events | Elapsed time: 13906.5s [2025-02-17T09:57:26.395Z]
### Progress: 171641/180800 events | Elapsed time: 13911.4s [2025-02-17T09:57:31.374Z]
### Progress: 171716/180800 events | Elapsed time: 13916.4s [2025-02-17T09:57:36.371Z]
### Progress: 171791/180800 events | Elapsed time: 13921.5s [2025-02-17T09:57:41.386Z]
### Progress: 171859/180800 events | Elapsed time: 13926.4s [2025-02-17T09:57:46.375Z]
### Progress: 171936/180800 events | Elapsed time: 13931.4s [2025-02-17T09:57:51.373Z]
### Progress: 172007/180800 events | Elapsed time: 13936.4s [2025-02-17T09:57:56.375Z]
### Progress: 172076/180800 events | Elapsed time: 13941.4s [2025-02-17T09:58:01.374Z]
### Progress: 172136/180800 events | Elapsed time: 13946.4s [2025-02-17T09:58:06.376Z]
### Progress: 172198/180800 events | Elapsed time: 13951.4s [2025-02-17T09:58:11.374Z]
### Progress: 172262/180800 events | Elapsed time: 13956.4s [2025-02-17T09:58:16.373Z]
### Progress: 172325/180800 events | Elapsed time: 13961.4s [2025-02-17T09:58:21.374Z]
### Progress: 172385/180800 events | Elapsed time: 13966.4s [2025-02-17T09:58:26.375Z]
### Progress: 172450/180800 events | Elapsed time: 13971.4s [2025-02-17T09:58:31.376Z]
### Progress: 172516/180800 events | Elapsed time: 13976.4s [2025-02-17T09:58:36.375Z]
### Progress: 172578/180800 events | Elapsed time: 13981.4s [2025-02-17T09:58:41.374Z]
### Progress: 172638/180800 events | Elapsed time: 13986.5s [2025-02-17T09:58:46.391Z]
### Progress: 172698/180800 events | Elapsed time: 13991.4s [2025-02-17T09:58:51.375Z]
### Progress: 172765/180800 events | Elapsed time: 13996.4s [2025-02-17T09:58:56.375Z]
### Progress: 172836/180800 events | Elapsed time: 14001.5s [2025-02-17T09:59:01.389Z]
### Progress: 172896/180800 events | Elapsed time: 14006.5s [2025-02-17T09:59:06.461Z]
### Progress: 172956/180800 events | Elapsed time: 14011.5s [2025-02-17T09:59:11.378Z]
### Progress: 173016/180800 events | Elapsed time: 14016.5s [2025-02-17T09:59:16.395Z]
### Progress: 173082/180800 events | Elapsed time: 14021.5s [2025-02-17T09:59:21.378Z]
### Progress: 173145/180800 events | Elapsed time: 14026.5s [2025-02-17T09:59:26.381Z]
### Progress: 173210/180800 events | Elapsed time: 14031.5s [2025-02-17T09:59:31.382Z]
### Progress: 173276/180800 events | Elapsed time: 14036.5s [2025-02-17T09:59:36.466Z]
### Progress: 173336/180800 events | Elapsed time: 14041.5s [2025-02-17T09:59:41.384Z]
### Progress: 173398/180800 events | Elapsed time: 14046.5s [2025-02-17T09:59:46.397Z]
### Progress: 173475/180800 events | Elapsed time: 14051.5s [2025-02-17T09:59:51.380Z]
### Progress: 173544/180800 events | Elapsed time: 14056.5s [2025-02-17T09:59:56.378Z]
### Progress: 173615/180800 events | Elapsed time: 14061.5s [2025-02-17T10:00:01.385Z]
### Progress: 173682/180800 events | Elapsed time: 14066.5s [2025-02-17T10:00:06.393Z]
### Progress: 173756/180800 events | Elapsed time: 14071.5s [2025-02-17T10:00:11.383Z]
### Progress: 173827/180800 events | Elapsed time: 14076.5s [2025-02-17T10:00:16.382Z]
### Progress: 173901/180800 events | Elapsed time: 14081.5s [2025-02-17T10:00:21.383Z]
### Progress: 173976/180800 events | Elapsed time: 14086.5s [2025-02-17T10:00:26.384Z]
### Progress: 174044/180800 events | Elapsed time: 14091.5s [2025-02-17T10:00:31.385Z]
### Progress: 174121/180800 events | Elapsed time: 14096.5s [2025-02-17T10:00:36.384Z]
### Progress: 174192/180800 events | Elapsed time: 14101.5s [2025-02-17T10:00:41.385Z]
### Progress: 174265/180800 events | Elapsed time: 14106.5s [2025-02-17T10:00:46.383Z]
### Progress: 174326/180800 events | Elapsed time: 14111.5s [2025-02-17T10:00:51.384Z]
### Progress: 174389/180800 events | Elapsed time: 14116.5s [2025-02-17T10:00:56.385Z]
### Progress: 174458/180800 events | Elapsed time: 14121.5s [2025-02-17T10:01:01.396Z]
### Progress: 174522/180800 events | Elapsed time: 14126.5s [2025-02-17T10:01:06.386Z]
### Progress: 174586/180800 events | Elapsed time: 14131.5s [2025-02-17T10:01:11.387Z]
### Progress: 174657/180800 events | Elapsed time: 14136.5s [2025-02-17T10:01:16.390Z]
### Progress: 174720/180800 events | Elapsed time: 14141.5s [2025-02-17T10:01:21.387Z]
### Progress: 174782/180800 events | Elapsed time: 14146.5s [2025-02-17T10:01:26.387Z]
### Progress: 174850/180800 events | Elapsed time: 14151.5s [2025-02-17T10:01:31.386Z]
### Progress: 174926/180800 events | Elapsed time: 14156.5s [2025-02-17T10:01:36.385Z]
### Progress: 175000/180800 events | Elapsed time: 14161.5s [2025-02-17T10:01:41.386Z]
### Progress: 175066/180800 events | Elapsed time: 14166.5s [2025-02-17T10:01:46.387Z]
### Progress: 175145/180800 events | Elapsed time: 14171.5s [2025-02-17T10:01:51.386Z]
### Progress: 175218/180800 events | Elapsed time: 14176.5s [2025-02-17T10:01:56.391Z]
### Progress: 175288/180800 events | Elapsed time: 14181.5s [2025-02-17T10:02:01.386Z]
### Progress: 175360/180800 events | Elapsed time: 14186.5s [2025-02-17T10:02:06.389Z]
### Progress: 175433/180800 events | Elapsed time: 14191.5s [2025-02-17T10:02:11.387Z]
### Progress: 175508/180800 events | Elapsed time: 14196.5s [2025-02-17T10:02:16.388Z]
### Progress: 175571/180800 events | Elapsed time: 14201.5s [2025-02-17T10:02:21.437Z]
### Progress: 175634/180800 events | Elapsed time: 14206.5s [2025-02-17T10:02:26.452Z]
### Progress: 175697/180800 events | Elapsed time: 14211.5s [2025-02-17T10:02:31.391Z]
### Progress: 175759/180800 events | Elapsed time: 14216.5s [2025-02-17T10:02:36.392Z]
### Progress: 175829/180800 events | Elapsed time: 14221.5s [2025-02-17T10:02:41.404Z]
### Progress: 175889/180800 events | Elapsed time: 14226.5s [2025-02-17T10:02:46.421Z]
### Progress: 175951/180800 events | Elapsed time: 14231.5s [2025-02-17T10:02:51.391Z]
### Progress: 176014/180800 events | Elapsed time: 14236.5s [2025-02-17T10:02:56.457Z]
### Progress: 176077/180800 events | Elapsed time: 14241.5s [2025-02-17T10:03:01.474Z]
### Progress: 176146/180800 events | Elapsed time: 14246.5s [2025-02-17T10:03:06.392Z]
### Progress: 176219/180800 events | Elapsed time: 14251.5s [2025-02-17T10:03:11.402Z]
### Progress: 176288/180800 events | Elapsed time: 14256.5s [2025-02-17T10:03:16.399Z]
### Progress: 176362/180800 events | Elapsed time: 14261.5s [2025-02-17T10:03:21.392Z]
### Progress: 176435/180800 events | Elapsed time: 14266.5s [2025-02-17T10:03:26.400Z]
### Progress: 176506/180800 events | Elapsed time: 14271.5s [2025-02-17T10:03:31.393Z]
### Progress: 176577/180800 events | Elapsed time: 14276.6s [2025-02-17T10:03:36.496Z]
### Progress: 176640/180800 events | Elapsed time: 14281.5s [2025-02-17T10:03:41.394Z]
### Progress: 176704/180800 events | Elapsed time: 14286.5s [2025-02-17T10:03:46.431Z]
### Progress: 176764/180800 events | Elapsed time: 14291.5s [2025-02-17T10:03:51.397Z]
### Progress: 176824/180800 events | Elapsed time: 14296.5s [2025-02-17T10:03:56.397Z]
### Progress: 176886/180800 events | Elapsed time: 14301.6s [2025-02-17T10:04:01.483Z]
### Progress: 176950/180800 events | Elapsed time: 14306.6s [2025-02-17T10:04:06.500Z]
### Progress: 177010/180800 events | Elapsed time: 14311.6s [2025-02-17T10:04:11.489Z]
### Progress: 177077/180800 events | Elapsed time: 14316.5s [2025-02-17T10:04:16.404Z]
### Progress: 177140/180800 events | Elapsed time: 14321.5s [2025-02-17T10:04:21.399Z]
### Progress: 177204/180800 events | Elapsed time: 14326.5s [2025-02-17T10:04:26.468Z]
### Progress: 177270/180800 events | Elapsed time: 14331.5s [2025-02-17T10:04:31.399Z]
### Progress: 177337/180800 events | Elapsed time: 14336.5s [2025-02-17T10:04:36.401Z]
### Progress: 177411/180800 events | Elapsed time: 14341.5s [2025-02-17T10:04:41.401Z]
### Progress: 177483/180800 events | Elapsed time: 14346.5s [2025-02-17T10:04:46.400Z]
### Progress: 177556/180800 events | Elapsed time: 14351.5s [2025-02-17T10:04:51.401Z]
### Progress: 177629/180800 events | Elapsed time: 14356.5s [2025-02-17T10:04:56.402Z]
### Progress: 177700/180800 events | Elapsed time: 14361.5s [2025-02-17T10:05:01.409Z]
### Progress: 177774/180800 events | Elapsed time: 14366.5s [2025-02-17T10:05:06.404Z]
### Progress: 177845/180800 events | Elapsed time: 14371.5s [2025-02-17T10:05:11.402Z]
### Progress: 177920/180800 events | Elapsed time: 14376.5s [2025-02-17T10:05:16.401Z]
### Progress: 177991/180800 events | Elapsed time: 14381.5s [2025-02-17T10:05:21.404Z]
### Progress: 178065/180800 events | Elapsed time: 14386.5s [2025-02-17T10:05:26.402Z]
### Progress: 178139/180800 events | Elapsed time: 14391.5s [2025-02-17T10:05:31.404Z]
### Progress: 178206/180800 events | Elapsed time: 14396.6s [2025-02-17T10:05:36.512Z]
### Progress: 178270/180800 events | Elapsed time: 14401.5s [2025-02-17T10:05:41.405Z]
### Progress: 178335/180800 events | Elapsed time: 14406.5s [2025-02-17T10:05:46.446Z]
### Progress: 178400/180800 events | Elapsed time: 14411.5s [2025-02-17T10:05:51.403Z]
### Progress: 178460/180800 events | Elapsed time: 14416.6s [2025-02-17T10:05:56.480Z]
### Progress: 178522/180800 events | Elapsed time: 14421.5s [2025-02-17T10:06:01.405Z]
### Progress: 178590/180800 events | Elapsed time: 14426.6s [2025-02-17T10:06:06.516Z]
### Progress: 178652/180800 events | Elapsed time: 14431.5s [2025-02-17T10:06:11.409Z]
### Progress: 178718/180800 events | Elapsed time: 14436.5s [2025-02-17T10:06:16.406Z]
### Progress: 178780/180800 events | Elapsed time: 14441.5s [2025-02-17T10:06:21.408Z]
### Progress: 178841/180800 events | Elapsed time: 14446.6s [2025-02-17T10:06:26.485Z]
### Progress: 178910/180800 events | Elapsed time: 14451.5s [2025-02-17T10:06:31.411Z]
### Progress: 178969/180800 events | Elapsed time: 14456.5s [2025-02-17T10:06:36.407Z]
### Progress: 179034/180800 events | Elapsed time: 14461.5s [2025-02-17T10:06:41.409Z]
### Progress: 179090/180800 events | Elapsed time: 14466.5s [2025-02-17T10:06:46.407Z]
### Progress: 179151/180800 events | Elapsed time: 14471.5s [2025-02-17T10:06:51.409Z]
### Progress: 179204/180800 events | Elapsed time: 14476.5s [2025-02-17T10:06:56.410Z]
### Progress: 179252/180800 events | Elapsed time: 14481.5s [2025-02-17T10:07:01.412Z]
### Progress: 179306/180800 events | Elapsed time: 14486.5s [2025-02-17T10:07:06.414Z]
### Progress: 179357/180800 events | Elapsed time: 14491.5s [2025-02-17T10:07:11.414Z]
### Progress: 179412/180800 events | Elapsed time: 14496.5s [2025-02-17T10:07:16.453Z]
### Progress: 179460/180800 events | Elapsed time: 14501.5s [2025-02-17T10:07:21.415Z]
### Progress: 179508/180800 events | Elapsed time: 14506.6s [2025-02-17T10:07:26.487Z]
### Progress: 179564/180800 events | Elapsed time: 14511.5s [2025-02-17T10:07:31.416Z]
### Progress: 179613/180800 events | Elapsed time: 14516.5s [2025-02-17T10:07:36.418Z]
### Progress: 179666/180800 events | Elapsed time: 14521.5s [2025-02-17T10:07:41.415Z]
### Progress: 179714/180800 events | Elapsed time: 14526.5s [2025-02-17T10:07:46.454Z]
### Progress: 179764/180800 events | Elapsed time: 14531.5s [2025-02-17T10:07:51.418Z]
### Progress: 179808/180800 events | Elapsed time: 14536.6s [2025-02-17T10:07:56.489Z]
### Progress: 179845/180800 events | Elapsed time: 14541.5s [2025-02-17T10:08:01.419Z]
### Progress: 179874/180800 events | Elapsed time: 14546.6s [2025-02-17T10:08:06.525Z]
### Progress: 179907/180800 events | Elapsed time: 14551.5s [2025-02-17T10:08:11.420Z]
### Progress: 179930/180800 events | Elapsed time: 14556.5s [2025-02-17T10:08:16.455Z]
### Progress: 179951/180800 events | Elapsed time: 14561.5s [2025-02-17T10:08:21.422Z]
### Progress: 179972/180800 events | Elapsed time: 14566.6s [2025-02-17T10:08:26.489Z]
### Progress: 179998/180800 events | Elapsed time: 14571.5s [2025-02-17T10:08:31.425Z]
### Progress: 180021/180800 events | Elapsed time: 14576.6s [2025-02-17T10:08:36.524Z]
### Progress: 180042/180800 events | Elapsed time: 14581.5s [2025-02-17T10:08:41.426Z]
### Progress: 180061/180800 events | Elapsed time: 14586.5s [2025-02-17T10:08:46.424Z]
### Progress: 180080/180800 events | Elapsed time: 14591.5s [2025-02-17T10:08:51.425Z]
### Progress: 180095/180800 events | Elapsed time: 14596.6s [2025-02-17T10:08:56.491Z]
### Progress: 180102/180800 events | Elapsed time: 14601.5s [2025-02-17T10:09:01.437Z]
### Progress: 180105/180800 events | Elapsed time: 14606.6s [2025-02-17T10:09:06.525Z]
### Progress: 180108/180800 events | Elapsed time: 14611.5s [2025-02-17T10:09:11.431Z]
### Progress: 180111/180800 events | Elapsed time: 14616.5s [2025-02-17T10:09:16.432Z]
### Progress: 180114/180800 events | Elapsed time: 14621.5s [2025-02-17T10:09:21.433Z]
### Progress: 180117/180800 events | Elapsed time: 14626.6s [2025-02-17T10:09:26.492Z]
### Progress: 180121/180800 events | Elapsed time: 14631.5s [2025-02-17T10:09:31.443Z]
### Progress: 180124/180800 events | Elapsed time: 14636.6s [2025-02-17T10:09:36.527Z]
### Progress: 180127/180800 events | Elapsed time: 14641.5s [2025-02-17T10:09:41.437Z]
### Progress: 180130/180800 events | Elapsed time: 14646.5s [2025-02-17T10:09:46.459Z]
### Progress: 180134/180800 events | Elapsed time: 14651.5s [2025-02-17T10:09:51.437Z]
### Progress: 180137/180800 events | Elapsed time: 14656.6s [2025-02-17T10:09:56.494Z]
### Progress: 180140/180800 events | Elapsed time: 14661.6s [2025-02-17T10:10:01.495Z]
### Progress: 180143/180800 events | Elapsed time: 14666.5s [2025-02-17T10:10:06.463Z]
### Progress: 180147/180800 events | Elapsed time: 14671.5s [2025-02-17T10:10:11.443Z]
### Progress: 180150/180800 events | Elapsed time: 14676.5s [2025-02-17T10:10:16.461Z]
### Progress: 180153/180800 events | Elapsed time: 14681.5s [2025-02-17T10:10:21.455Z]
### Progress: 180156/180800 events | Elapsed time: 14686.6s [2025-02-17T10:10:26.496Z]
### Progress: 180159/180800 events | Elapsed time: 14691.5s [2025-02-17T10:10:31.443Z]
### Progress: 180162/180800 events | Elapsed time: 14696.6s [2025-02-17T10:10:36.530Z]
### Progress: 180166/180800 events | Elapsed time: 14701.5s [2025-02-17T10:10:41.446Z]
### Progress: 180169/180800 events | Elapsed time: 14706.5s [2025-02-17T10:10:46.462Z]
### Progress: 180172/180800 events | Elapsed time: 14711.5s [2025-02-17T10:10:51.448Z]
### Progress: 180176/180800 events | Elapsed time: 14716.5s [2025-02-17T10:10:56.450Z]
### Progress: 180179/180800 events | Elapsed time: 14721.5s [2025-02-17T10:11:01.449Z]
### Progress: 180182/180800 events | Elapsed time: 14726.6s [2025-02-17T10:11:06.532Z]
### Progress: 180186/180800 events | Elapsed time: 14731.6s [2025-02-17T10:11:11.550Z]
### Progress: 180189/180800 events | Elapsed time: 14736.5s [2025-02-17T10:11:16.465Z]
### Progress: 180192/180800 events | Elapsed time: 14741.6s [2025-02-17T10:11:21.482Z]
### Progress: 180195/180800 events | Elapsed time: 14746.6s [2025-02-17T10:11:26.500Z]
### Progress: 180199/180800 events | Elapsed time: 14751.5s [2025-02-17T10:11:31.455Z]
### Progress: 180202/180800 events | Elapsed time: 14756.6s [2025-02-17T10:11:36.534Z]
### Progress: 180205/180800 events | Elapsed time: 14761.5s [2025-02-17T10:11:41.457Z]
### Progress: 180208/180800 events | Elapsed time: 14766.5s [2025-02-17T10:11:46.467Z]
### Progress: 180212/180800 events | Elapsed time: 14771.5s [2025-02-17T10:11:51.460Z]
### Progress: 180215/180800 events | Elapsed time: 14776.6s [2025-02-17T10:11:56.502Z]
### Progress: 180218/180800 events | Elapsed time: 14781.5s [2025-02-17T10:12:01.460Z]
### Progress: 180221/180800 events | Elapsed time: 14786.6s [2025-02-17T10:12:06.536Z]
### Progress: 180225/180800 events | Elapsed time: 14791.5s [2025-02-17T10:12:11.464Z]
### Progress: 180228/180800 events | Elapsed time: 14796.5s [2025-02-17T10:12:16.469Z]
### Progress: 180231/180800 events | Elapsed time: 14801.5s [2025-02-17T10:12:21.463Z]
### Progress: 180235/180800 events | Elapsed time: 14806.6s [2025-02-17T10:12:26.503Z]
### Progress: 180238/180800 events | Elapsed time: 14811.5s [2025-02-17T10:12:31.463Z]
### Progress: 180241/180800 events | Elapsed time: 14816.6s [2025-02-17T10:12:36.540Z]
### Progress: 180244/180800 events | Elapsed time: 14821.5s [2025-02-17T10:12:41.467Z]
### Progress: 180248/180800 events | Elapsed time: 14826.6s [2025-02-17T10:12:46.575Z]
### Progress: 180250/180800 events | Elapsed time: 14831.5s [2025-02-17T10:12:51.469Z]
### Progress: 180254/180800 events | Elapsed time: 14836.6s [2025-02-17T10:12:56.508Z]
### Progress: 180257/180800 events | Elapsed time: 14841.5s [2025-02-17T10:13:01.470Z]
### Progress: 180260/180800 events | Elapsed time: 14846.6s [2025-02-17T10:13:06.541Z]
### Progress: 180263/180800 events | Elapsed time: 14851.5s [2025-02-17T10:13:11.472Z]
### Progress: 180267/180800 events | Elapsed time: 14856.5s [2025-02-17T10:13:16.474Z]
### Progress: 180270/180800 events | Elapsed time: 14861.5s [2025-02-17T10:13:21.472Z]
### Progress: 180273/180800 events | Elapsed time: 14866.6s [2025-02-17T10:13:26.509Z]
### Progress: 180277/180800 events | Elapsed time: 14871.5s [2025-02-17T10:13:31.473Z]
### Progress: 180280/180800 events | Elapsed time: 14876.6s [2025-02-17T10:13:36.544Z]
### Progress: 180283/180800 events | Elapsed time: 14881.6s [2025-02-17T10:13:41.498Z]
### Progress: 180286/180800 events | Elapsed time: 14886.5s [2025-02-17T10:13:46.476Z]
### Progress: 180290/180800 events | Elapsed time: 14891.5s [2025-02-17T10:13:51.475Z]
### Progress: 180293/180800 events | Elapsed time: 14896.6s [2025-02-17T10:13:56.511Z]
### Progress: 180296/180800 events | Elapsed time: 14901.5s [2025-02-17T10:14:01.476Z]
### Progress: 180299/180800 events | Elapsed time: 14906.6s [2025-02-17T10:14:06.546Z]
### Progress: 180303/180800 events | Elapsed time: 14911.6s [2025-02-17T10:14:11.478Z]
### Progress: 180306/180800 events | Elapsed time: 14916.7s [2025-02-17T10:14:16.580Z]
### Progress: 180309/180800 events | Elapsed time: 14921.6s [2025-02-17T10:14:21.481Z]
### Progress: 180313/180800 events | Elapsed time: 14926.6s [2025-02-17T10:14:26.482Z]
### Progress: 180316/180800 events | Elapsed time: 14931.6s [2025-02-17T10:14:31.480Z]
### Progress: 180319/180800 events | Elapsed time: 14936.6s [2025-02-17T10:14:36.548Z]
### Progress: 180323/180800 events | Elapsed time: 14941.6s [2025-02-17T10:14:41.484Z]
### Progress: 180326/180800 events | Elapsed time: 14946.6s [2025-02-17T10:14:46.483Z]
### Progress: 180329/180800 events | Elapsed time: 14951.6s [2025-02-17T10:14:51.486Z]
### Progress: 180332/180800 events | Elapsed time: 14956.6s [2025-02-17T10:14:56.516Z]
### Progress: 180336/180800 events | Elapsed time: 14961.6s [2025-02-17T10:15:01.488Z]
### Progress: 180339/180800 events | Elapsed time: 14966.6s [2025-02-17T10:15:06.550Z]
### Progress: 180342/180800 events | Elapsed time: 14971.6s [2025-02-17T10:15:11.490Z]
### Progress: 180345/180800 events | Elapsed time: 14976.6s [2025-02-17T10:15:16.493Z]
### Progress: 180348/180800 events | Elapsed time: 14981.6s [2025-02-17T10:15:21.491Z]
### Progress: 180352/180800 events | Elapsed time: 14986.6s [2025-02-17T10:15:26.518Z]
### Progress: 180355/180800 events | Elapsed time: 14991.6s [2025-02-17T10:15:31.492Z]
### Progress: 180358/180800 events | Elapsed time: 14996.6s [2025-02-17T10:15:36.553Z]
### Progress: 180362/180800 events | Elapsed time: 15001.6s [2025-02-17T10:15:41.492Z]
### Progress: 180365/180800 events | Elapsed time: 15006.6s [2025-02-17T10:15:46.501Z]
### Progress: 180368/180800 events | Elapsed time: 15011.6s [2025-02-17T10:15:51.495Z]
### Progress: 180371/180800 events | Elapsed time: 15016.6s [2025-02-17T10:15:56.542Z]
### Progress: 180374/180800 events | Elapsed time: 15021.6s [2025-02-17T10:16:01.501Z]
### Progress: 180377/180800 events | Elapsed time: 15026.6s [2025-02-17T10:16:06.500Z]
### Progress: 180380/180800 events | Elapsed time: 15031.6s [2025-02-17T10:16:11.500Z]
### Progress: 180384/180800 events | Elapsed time: 15036.7s [2025-02-17T10:16:16.590Z]
### Progress: 180387/180800 events | Elapsed time: 15041.6s [2025-02-17T10:16:21.502Z]
### Progress: 180390/180800 events | Elapsed time: 15046.6s [2025-02-17T10:16:26.523Z]
### Progress: 180393/180800 events | Elapsed time: 15051.6s [2025-02-17T10:16:31.505Z]
### Progress: 180396/180800 events | Elapsed time: 15056.6s [2025-02-17T10:16:36.558Z]
### Progress: 180399/180800 events | Elapsed time: 15061.6s [2025-02-17T10:16:41.505Z]
### Progress: 180403/180800 events | Elapsed time: 15066.6s [2025-02-17T10:16:46.507Z]
### Progress: 180406/180800 events | Elapsed time: 15071.6s [2025-02-17T10:16:51.518Z]
### Progress: 180409/180800 events | Elapsed time: 15076.6s [2025-02-17T10:16:56.526Z]
### Progress: 180412/180800 events | Elapsed time: 15081.6s [2025-02-17T10:17:01.543Z]
### Progress: 180415/180800 events | Elapsed time: 15086.6s [2025-02-17T10:17:06.561Z]
### Progress: 180418/180800 events | Elapsed time: 15091.6s [2025-02-17T10:17:11.519Z]
### Progress: 180421/180800 events | Elapsed time: 15096.6s [2025-02-17T10:17:16.520Z]
### Progress: 180424/180800 events | Elapsed time: 15101.6s [2025-02-17T10:17:21.522Z]
### Progress: 180427/180800 events | Elapsed time: 15106.6s [2025-02-17T10:17:26.528Z]
### Progress: 180431/180800 events | Elapsed time: 15111.6s [2025-02-17T10:17:31.501Z]
### Progress: 180434/180800 events | Elapsed time: 15116.6s [2025-02-17T10:17:36.502Z]
### Progress: 180438/180800 events | Elapsed time: 15121.6s [2025-02-17T10:17:41.502Z]
### Progress: 180441/180800 events | Elapsed time: 15126.6s [2025-02-17T10:17:46.503Z]
### Progress: 180444/180800 events | Elapsed time: 15131.6s [2025-02-17T10:17:51.504Z]
### Progress: 180447/180800 events | Elapsed time: 15136.6s [2025-02-17T10:17:56.533Z]
### Progress: 180451/180800 events | Elapsed time: 15141.6s [2025-02-17T10:18:01.526Z]
### Progress: 180454/180800 events | Elapsed time: 15146.6s [2025-02-17T10:18:06.517Z]
### Progress: 180457/180800 events | Elapsed time: 15151.6s [2025-02-17T10:18:11.515Z]
### Progress: 180460/180800 events | Elapsed time: 15156.6s [2025-02-17T10:18:16.519Z]
### Progress: 180463/180800 events | Elapsed time: 15161.6s [2025-02-17T10:18:21.516Z]
### Progress: 180466/180800 events | Elapsed time: 15166.6s [2025-02-17T10:18:26.534Z]
### Progress: 180470/180800 events | Elapsed time: 15171.6s [2025-02-17T10:18:31.517Z]
### Progress: 180473/180800 events | Elapsed time: 15176.6s [2025-02-17T10:18:36.570Z]
### Progress: 180476/180800 events | Elapsed time: 15181.6s [2025-02-17T10:18:41.518Z]
### Progress: 180479/180800 events | Elapsed time: 15186.6s [2025-02-17T10:18:46.520Z]
### Progress: 180482/180800 events | Elapsed time: 15191.6s [2025-02-17T10:18:51.519Z]
### Progress: 180486/180800 events | Elapsed time: 15196.6s [2025-02-17T10:18:56.537Z]
### Progress: 180489/180800 events | Elapsed time: 15201.6s [2025-02-17T10:19:01.525Z]
### Progress: 180492/180800 events | Elapsed time: 15206.6s [2025-02-17T10:19:06.560Z]
### Progress: 180495/180800 events | Elapsed time: 15211.6s [2025-02-17T10:19:11.540Z]
### Progress: 180498/180800 events | Elapsed time: 15216.6s [2025-02-17T10:19:16.528Z]
### Progress: 180501/180800 events | Elapsed time: 15221.6s [2025-02-17T10:19:21.526Z]
### Progress: 180504/180800 events | Elapsed time: 15226.6s [2025-02-17T10:19:26.540Z]
### Progress: 180507/180800 events | Elapsed time: 15231.6s [2025-02-17T10:19:31.527Z]
### Progress: 180511/180800 events | Elapsed time: 15236.6s [2025-02-17T10:19:36.527Z]
### Progress: 180514/180800 events | Elapsed time: 15241.6s [2025-02-17T10:19:41.528Z]
### Progress: 180517/180800 events | Elapsed time: 15246.6s [2025-02-17T10:19:46.531Z]
### Progress: 180520/180800 events | Elapsed time: 15251.7s [2025-02-17T10:19:51.628Z]
### Progress: 180523/180800 events | Elapsed time: 15256.6s [2025-02-17T10:19:56.544Z]
### Progress: 180526/180800 events | Elapsed time: 15261.6s [2025-02-17T10:20:01.538Z]
### Progress: 180529/180800 events | Elapsed time: 15266.7s [2025-02-17T10:20:06.578Z]
### Progress: 180532/180800 events | Elapsed time: 15271.6s [2025-02-17T10:20:11.533Z]
### Progress: 180535/180800 events | Elapsed time: 15276.6s [2025-02-17T10:20:16.553Z]
### Progress: 180539/180800 events | Elapsed time: 15281.6s [2025-02-17T10:20:21.534Z]
### Progress: 180542/180800 events | Elapsed time: 15286.6s [2025-02-17T10:20:26.533Z]
### Progress: 180545/180800 events | Elapsed time: 15291.6s [2025-02-17T10:20:31.535Z]
### Progress: 180548/180800 events | Elapsed time: 15296.7s [2025-02-17T10:20:36.581Z]
### Progress: 180551/180800 events | Elapsed time: 15301.7s [2025-02-17T10:20:41.599Z]
### Progress: 180554/180800 events | Elapsed time: 15306.6s [2025-02-17T10:20:46.550Z]
### Progress: 180557/180800 events | Elapsed time: 15311.6s [2025-02-17T10:20:51.548Z]
### Progress: 180560/180800 events | Elapsed time: 15316.6s [2025-02-17T10:20:56.549Z]
### Progress: 180564/180800 events | Elapsed time: 15321.6s [2025-02-17T10:21:01.542Z]
### Progress: 180567/180800 events | Elapsed time: 15326.6s [2025-02-17T10:21:06.541Z]
### Progress: 180570/180800 events | Elapsed time: 15331.6s [2025-02-17T10:21:11.540Z]
### Progress: 180574/180800 events | Elapsed time: 15336.6s [2025-02-17T10:21:16.541Z]
### Progress: 180577/180800 events | Elapsed time: 15341.6s [2025-02-17T10:21:21.541Z]
### Progress: 180580/180800 events | Elapsed time: 15346.6s [2025-02-17T10:21:26.543Z]
### Progress: 180582/180800 events | Elapsed time: 15351.6s [2025-02-17T10:21:31.570Z]
### Progress: 180585/180800 events | Elapsed time: 15356.6s [2025-02-17T10:21:36.543Z]
### Progress: 180588/180800 events | Elapsed time: 15361.6s [2025-02-17T10:21:41.543Z]
### Progress: 180592/180800 events | Elapsed time: 15366.6s [2025-02-17T10:21:46.544Z]
### Progress: 180595/180800 events | Elapsed time: 15371.7s [2025-02-17T10:21:51.640Z]
### Progress: 180598/180800 events | Elapsed time: 15376.6s [2025-02-17T10:21:56.547Z]
### Progress: 180601/180800 events | Elapsed time: 15381.6s [2025-02-17T10:22:01.573Z]
### Progress: 180604/180800 events | Elapsed time: 15386.6s [2025-02-17T10:22:06.545Z]
### Progress: 180607/180800 events | Elapsed time: 15391.6s [2025-02-17T10:22:11.548Z]
### Progress: 180611/180800 events | Elapsed time: 15396.7s [2025-02-17T10:22:16.626Z]
### Progress: 180614/180800 events | Elapsed time: 15401.7s [2025-02-17T10:22:21.643Z]
### Progress: 180617/180800 events | Elapsed time: 15406.6s [2025-02-17T10:22:26.546Z]
### Progress: 180620/180800 events | Elapsed time: 15411.6s [2025-02-17T10:22:31.577Z]
### Progress: 180623/180800 events | Elapsed time: 15416.6s [2025-02-17T10:22:36.548Z]
### Progress: 180626/180800 events | Elapsed time: 15421.6s [2025-02-17T10:22:41.550Z]
### Progress: 180629/180800 events | Elapsed time: 15426.6s [2025-02-17T10:22:46.549Z]
### Progress: 180633/180800 events | Elapsed time: 15431.7s [2025-02-17T10:22:51.653Z]
### Progress: 180636/180800 events | Elapsed time: 15436.6s [2025-02-17T10:22:56.562Z]
### Progress: 180639/180800 events | Elapsed time: 15441.6s [2025-02-17T10:23:01.556Z]
### Progress: 180642/180800 events | Elapsed time: 15446.7s [2025-02-17T10:23:06.597Z]
### Progress: 180646/180800 events | Elapsed time: 15451.6s [2025-02-17T10:23:11.554Z]
### Progress: 180649/180800 events | Elapsed time: 15456.7s [2025-02-17T10:23:16.632Z]
### Progress: 180652/180800 events | Elapsed time: 15461.6s [2025-02-17T10:23:21.556Z]
### Progress: 180655/180800 events | Elapsed time: 15466.6s [2025-02-17T10:23:26.575Z]
### Progress: 180658/180800 events | Elapsed time: 15471.6s [2025-02-17T10:23:31.559Z]
### Progress: 180661/180800 events | Elapsed time: 15476.6s [2025-02-17T10:23:36.561Z]
### Progress: 180664/180800 events | Elapsed time: 15481.6s [2025-02-17T10:23:41.562Z]
### Progress: 180667/180800 events | Elapsed time: 15486.6s [2025-02-17T10:23:46.561Z]
### Progress: 180671/180800 events | Elapsed time: 15491.7s [2025-02-17T10:23:51.653Z]
### Progress: 180674/180800 events | Elapsed time: 15496.6s [2025-02-17T10:23:56.561Z]
### Progress: 180677/180800 events | Elapsed time: 15501.7s [2025-02-17T10:24:01.586Z]
### Progress: 180680/180800 events | Elapsed time: 15506.6s [2025-02-17T10:24:06.563Z]
### Progress: 180684/180800 events | Elapsed time: 15511.6s [2025-02-17T10:24:11.564Z]
### Progress: 180687/180800 events | Elapsed time: 15516.6s [2025-02-17T10:24:16.565Z]
### Progress: 180690/180800 events | Elapsed time: 15521.6s [2025-02-17T10:24:21.567Z]
### Progress: 180693/180800 events | Elapsed time: 15526.6s [2025-02-17T10:24:26.571Z]
### Progress: 180696/180800 events | Elapsed time: 15531.7s [2025-02-17T10:24:31.589Z]
### Progress: 180699/180800 events | Elapsed time: 15536.6s [2025-02-17T10:24:36.570Z]
### Progress: 180703/180800 events | Elapsed time: 15541.7s [2025-02-17T10:24:41.624Z]
### Progress: 180706/180800 events | Elapsed time: 15546.6s [2025-02-17T10:24:46.571Z]
### Progress: 180709/180800 events | Elapsed time: 15551.6s [2025-02-17T10:24:51.573Z]
### Progress: 180712/180800 events | Elapsed time: 15556.6s [2025-02-17T10:24:56.574Z]
### Progress: 180716/180800 events | Elapsed time: 15561.7s [2025-02-17T10:25:01.582Z]
### Progress: 180719/180800 events | Elapsed time: 15566.7s [2025-02-17T10:25:06.610Z]
### Progress: 180722/180800 events | Elapsed time: 15571.7s [2025-02-17T10:25:11.628Z]
### Progress: 180725/180800 events | Elapsed time: 15576.6s [2025-02-17T10:25:16.574Z]
### Progress: 180728/180800 events | Elapsed time: 15581.7s [2025-02-17T10:25:21.588Z]
### Progress: 180731/180800 events | Elapsed time: 15586.7s [2025-02-17T10:25:26.580Z]
### Progress: 180734/180800 events | Elapsed time: 15591.7s [2025-02-17T10:25:31.595Z]
### Progress: 180737/180800 events | Elapsed time: 15596.6s [2025-02-17T10:25:36.577Z]
### Progress: 180740/180800 events | Elapsed time: 15601.7s [2025-02-17T10:25:41.582Z]
### Progress: 180743/180800 events | Elapsed time: 15606.7s [2025-02-17T10:25:46.578Z]
### Progress: 180746/180800 events | Elapsed time: 15611.7s [2025-02-17T10:25:51.581Z]
### Progress: 180750/180800 events | Elapsed time: 15616.7s [2025-02-17T10:25:56.580Z]
### Progress: 180753/180800 events | Elapsed time: 15621.7s [2025-02-17T10:26:01.599Z]
### Progress: 180756/180800 events | Elapsed time: 15626.7s [2025-02-17T10:26:06.583Z]
### Progress: 180759/180800 events | Elapsed time: 15631.7s [2025-02-17T10:26:11.634Z]
### Progress: 180762/180800 events | Elapsed time: 15636.7s [2025-02-17T10:26:16.652Z]
### Progress: 180765/180800 events | Elapsed time: 15641.7s [2025-02-17T10:26:21.589Z]
### Progress: 180769/180800 events | Elapsed time: 15646.7s [2025-02-17T10:26:26.585Z]
### Progress: 180772/180800 events | Elapsed time: 15651.7s [2025-02-17T10:26:31.589Z]
### Progress: 180775/180800 events | Elapsed time: 15656.7s [2025-02-17T10:26:36.588Z]
### Progress: 180778/180800 events | Elapsed time: 15661.7s [2025-02-17T10:26:41.590Z]
### Progress: 180781/180800 events | Elapsed time: 15666.7s [2025-02-17T10:26:46.590Z]
### Progress: 180784/180800 events | Elapsed time: 15671.7s [2025-02-17T10:26:51.672Z]
### Progress: 180788/180800 events | Elapsed time: 15676.7s [2025-02-17T10:26:56.589Z]
### Progress: 180791/180800 events | Elapsed time: 15681.7s [2025-02-17T10:27:01.606Z]
### Progress: 180794/180800 events | Elapsed time: 15686.7s [2025-02-17T10:27:06.592Z]
### Progress: 180797/180800 events | Elapsed time: 15691.7s [2025-02-17T10:27:11.641Z]
### Progress: 180800/180800 events | Elapsed time: 15696.7s [2025-02-17T10:27:16.595Z]
### All jobs completed. Shutting down... [2025-02-17T10:27:16.595Z]
