### Starting parallel import process... [2025-02-28T15:22:42.765Z]
### Phase 1: Queueing jobs... [2025-02-28T15:22:43.943Z]
Queued batch of 10000 jobs. Total queued: 10000 [2025-02-28T15:22:47.420Z]
Queued batch of 10000 jobs. Total queued: 20000 [2025-02-28T15:22:49.468Z]
Queued batch of 10000 jobs. Total queued: 30000 [2025-02-28T15:22:51.005Z]
Queued batch of 10000 jobs. Total queued: 40000 [2025-02-28T15:22:52.205Z]
Queued batch of 10000 jobs. Total queued: 50000 [2025-02-28T15:22:53.463Z]
Queued batch of 10000 jobs. Total queued: 60000 [2025-02-28T15:22:54.290Z]
Queued batch of 10000 jobs. Total queued: 70000 [2025-02-28T15:22:55.203Z]
Queued batch of 10000 jobs. Total queued: 80000 [2025-02-28T15:22:55.800Z]
Queued batch of 10000 jobs. Total queued: 90000 [2025-02-28T15:22:56.351Z]
Queued batch of 10000 jobs. Total queued: 100000 [2025-02-28T15:22:57.155Z]
Queued batch of 10000 jobs. Total queued: 110000 [2025-02-28T15:22:58.075Z]
Queued batch of 10000 jobs. Total queued: 120000 [2025-02-28T15:22:58.687Z]
Queued batch of 10000 jobs. Total queued: 130000 [2025-02-28T15:22:59.301Z]
Queued batch of 10000 jobs. Total queued: 140000 [2025-02-28T15:22:59.915Z]
Queued batch of 10000 jobs. Total queued: 150000 [2025-02-28T15:23:00.836Z]
Queued batch of 10000 jobs. Total queued: 160000 [2025-02-28T15:23:01.663Z]
Queued batch of 10000 jobs. Total queued: 170000 [2025-02-28T15:23:02.475Z]
Queued batch of 10000 jobs. Total queued: 180000 [2025-02-28T15:23:03.407Z]
Queued batch of 10000 jobs. Total queued: 190000 [2025-02-28T15:23:04.012Z]
Queued batch of 10000 jobs. Total queued: 200000 [2025-02-28T15:23:04.626Z]
Queued batch of 10000 jobs. Total queued: 210000 [2025-02-28T15:23:05.241Z]
Queued batch of 10000 jobs. Total queued: 220000 [2025-02-28T15:23:05.794Z]
Queued batch of 10000 jobs. Total queued: 230000 [2025-02-28T15:23:06.572Z]
Queued batch of 10000 jobs. Total queued: 240000 [2025-02-28T15:23:07.187Z]
Queued batch of 10000 jobs. Total queued: 250000 [2025-02-28T15:23:07.801Z]
Queued batch of 10000 jobs. Total queued: 260000 [2025-02-28T15:23:08.415Z]
Queued batch of 10000 jobs. Total queued: 270000 [2025-02-28T15:23:09.030Z]
Queued batch of 10000 jobs. Total queued: 280000 [2025-02-28T15:23:09.645Z]
Queued batch of 10000 jobs. Total queued: 290000 [2025-02-28T15:23:10.258Z]
Queued batch of 10000 jobs. Total queued: 300000 [2025-02-28T15:23:10.873Z]
### Queued final batch of 9212 jobs. Total queued: 309212 [2025-02-28T15:23:11.487Z]
### Phase 2: Starting workers... [2025-02-28T15:23:11.487Z]
Started worker 0 [2025-02-28T15:23:11.490Z]
Started worker 1 [2025-02-28T15:23:11.491Z]
Started worker 2 [2025-02-28T15:23:11.492Z]
Started worker 3 [2025-02-28T15:23:11.493Z]
Started worker 4 [2025-02-28T15:23:11.493Z]
Started worker 5 [2025-02-28T15:23:11.494Z]
Started worker 6 [2025-02-28T15:23:11.494Z]
Started worker 7 [2025-02-28T15:23:11.495Z]
Started worker 8 [2025-02-28T15:23:11.496Z]
Started worker 9 [2025-02-28T15:23:11.497Z]
Started worker 10 [2025-02-28T15:23:11.497Z]
Started worker 11 [2025-02-28T15:23:11.498Z]
Started worker 12 [2025-02-28T15:23:11.498Z]
Started worker 13 [2025-02-28T15:23:11.500Z]
Started worker 14 [2025-02-28T15:23:11.503Z]
Started worker 15 [2025-02-28T15:23:11.503Z]
Started worker 16 [2025-02-28T15:23:11.503Z]
Started worker 17 [2025-02-28T15:23:11.506Z]
Started worker 18 [2025-02-28T15:23:11.509Z]
Started worker 19 [2025-02-28T15:23:11.510Z]
Started worker 20 [2025-02-28T15:23:11.510Z]
Started worker 21 [2025-02-28T15:23:11.510Z]
Started worker 22 [2025-02-28T15:23:11.511Z]
Started worker 23 [2025-02-28T15:23:11.511Z]
Started worker 24 [2025-02-28T15:23:11.519Z]
Started worker 25 [2025-02-28T15:23:11.519Z]
Started worker 26 [2025-02-28T15:23:11.519Z]
Started worker 27 [2025-02-28T15:23:11.520Z]
Started worker 28 [2025-02-28T15:23:11.520Z]
Started worker 29 [2025-02-28T15:23:11.521Z]
Started worker 30 [2025-02-28T15:23:11.522Z]
Started worker 31 [2025-02-28T15:23:11.525Z]
Started worker 32 [2025-02-28T15:23:11.525Z]
Started worker 33 [2025-02-28T15:23:11.528Z]
Started worker 34 [2025-02-28T15:23:11.534Z]
Started worker 35 [2025-02-28T15:23:11.535Z]
Started worker 36 [2025-02-28T15:23:11.539Z]
Started worker 37 [2025-02-28T15:23:11.540Z]
Started worker 38 [2025-02-28T15:23:11.540Z]
Started worker 39 [2025-02-28T15:23:11.540Z]
Started worker 40 [2025-02-28T15:23:11.541Z]
Started worker 41 [2025-02-28T15:23:11.541Z]
Started worker 42 [2025-02-28T15:23:11.541Z]
Started worker 43 [2025-02-28T15:23:11.541Z]
Started worker 44 [2025-02-28T15:23:11.542Z]
Started worker 45 [2025-02-28T15:23:11.543Z]
Started worker 46 [2025-02-28T15:23:11.544Z]
Started worker 47 [2025-02-28T15:23:11.544Z]
Started worker 48 [2025-02-28T15:23:11.544Z]
Started worker 49 [2025-02-28T15:23:11.545Z]
### Progress: 0/309212 events | Elapsed time: 5.2s [2025-02-28T15:23:16.786Z]
### Progress: 84/309212 events | Elapsed time: 10.2s [2025-02-28T15:23:21.787Z]
### Progress: 194/309212 events | Elapsed time: 15.2s [2025-02-28T15:23:26.786Z]
### Progress: 307/309212 events | Elapsed time: 20.2s [2025-02-28T15:23:31.787Z]
### Progress: 416/309212 events | Elapsed time: 25.2s [2025-02-28T15:23:36.788Z]
### Progress: 513/309212 events | Elapsed time: 30.2s [2025-02-28T15:23:41.789Z]
### Progress: 624/309212 events | Elapsed time: 35.2s [2025-02-28T15:23:46.790Z]
### Progress: 736/309212 events | Elapsed time: 40.2s [2025-02-28T15:23:51.788Z]
### Progress: 844/309212 events | Elapsed time: 45.2s [2025-02-28T15:23:56.788Z]
### Progress: 951/309212 events | Elapsed time: 50.3s [2025-02-28T15:24:01.809Z]
### Progress: 1062/309212 events | Elapsed time: 55.2s [2025-02-28T15:24:06.789Z]
### Progress: 1172/309212 events | Elapsed time: 60.2s [2025-02-28T15:24:11.790Z]
### Progress: 1282/309212 events | Elapsed time: 65.2s [2025-02-28T15:24:16.792Z]
### Progress: 1391/309212 events | Elapsed time: 70.2s [2025-02-28T15:24:21.788Z]
### Progress: 1499/309212 events | Elapsed time: 75.2s [2025-02-28T15:24:26.792Z]
### Progress: 1590/309212 events | Elapsed time: 80.3s [2025-02-28T15:24:31.795Z]
### Progress: 1675/309212 events | Elapsed time: 85.3s [2025-02-28T15:24:36.894Z]
### Progress: 1764/309212 events | Elapsed time: 90.3s [2025-02-28T15:24:41.818Z]
### Progress: 1854/309212 events | Elapsed time: 95.3s [2025-02-28T15:24:46.795Z]
### Progress: 1947/309212 events | Elapsed time: 100.3s [2025-02-28T15:24:51.796Z]
### Progress: 2033/309212 events | Elapsed time: 105.3s [2025-02-28T15:24:56.868Z]
### Progress: 2117/309212 events | Elapsed time: 110.3s [2025-02-28T15:25:01.800Z]
### Progress: 2200/309212 events | Elapsed time: 115.4s [2025-02-28T15:25:06.901Z]
### Progress: 2288/309212 events | Elapsed time: 120.3s [2025-02-28T15:25:11.818Z]
### Progress: 2367/309212 events | Elapsed time: 125.3s [2025-02-28T15:25:16.801Z]
### Progress: 2460/309212 events | Elapsed time: 130.3s [2025-02-28T15:25:21.853Z]
### Progress: 2543/309212 events | Elapsed time: 135.3s [2025-02-28T15:25:26.868Z]
### Progress: 2632/309212 events | Elapsed time: 140.3s [2025-02-28T15:25:31.804Z]
### Progress: 2722/309212 events | Elapsed time: 145.3s [2025-02-28T15:25:36.804Z]
### Progress: 2815/309212 events | Elapsed time: 150.3s [2025-02-28T15:25:41.822Z]
### Progress: 2894/309212 events | Elapsed time: 155.3s [2025-02-28T15:25:46.806Z]
### Progress: 2985/309212 events | Elapsed time: 160.3s [2025-02-28T15:25:51.858Z]
### Progress: 3070/309212 events | Elapsed time: 165.3s [2025-02-28T15:25:56.873Z]
### Progress: 3159/309212 events | Elapsed time: 170.3s [2025-02-28T15:26:01.809Z]
### Progress: 3246/309212 events | Elapsed time: 175.3s [2025-02-28T15:26:06.810Z]
### Progress: 3328/309212 events | Elapsed time: 180.3s [2025-02-28T15:26:11.841Z]
### Progress: 3411/309212 events | Elapsed time: 185.3s [2025-02-28T15:26:16.812Z]
### Progress: 3500/309212 events | Elapsed time: 190.3s [2025-02-28T15:26:21.813Z]
### Progress: 3590/309212 events | Elapsed time: 195.3s [2025-02-28T15:26:26.814Z]
### Progress: 3669/309212 events | Elapsed time: 200.4s [2025-02-28T15:26:31.897Z]
### Progress: 3753/309212 events | Elapsed time: 205.4s [2025-02-28T15:26:36.896Z]
### Progress: 3845/309212 events | Elapsed time: 210.3s [2025-02-28T15:26:41.831Z]
### Progress: 3932/309212 events | Elapsed time: 215.3s [2025-02-28T15:26:46.847Z]
### Progress: 4021/309212 events | Elapsed time: 220.3s [2025-02-28T15:26:51.819Z]
### Progress: 4101/309212 events | Elapsed time: 225.3s [2025-02-28T15:26:56.883Z]
### Progress: 4186/309212 events | Elapsed time: 230.3s [2025-02-28T15:27:01.821Z]
### Progress: 4275/309212 events | Elapsed time: 235.3s [2025-02-28T15:27:06.821Z]
### Progress: 4363/309212 events | Elapsed time: 240.3s [2025-02-28T15:27:11.833Z]
### Progress: 4453/309212 events | Elapsed time: 245.3s [2025-02-28T15:27:16.822Z]
### Progress: 4537/309212 events | Elapsed time: 250.3s [2025-02-28T15:27:21.822Z]
### Progress: 4620/309212 events | Elapsed time: 255.3s [2025-02-28T15:27:26.824Z]
### Progress: 4705/309212 events | Elapsed time: 260.4s [2025-02-28T15:27:31.906Z]
### Progress: 4794/309212 events | Elapsed time: 265.3s [2025-02-28T15:27:36.826Z]
### Progress: 4878/309212 events | Elapsed time: 270.3s [2025-02-28T15:27:41.838Z]
### Progress: 4969/309212 events | Elapsed time: 275.3s [2025-02-28T15:27:46.858Z]
### Progress: 5050/309212 events | Elapsed time: 280.3s [2025-02-28T15:27:51.830Z]
### Progress: 5135/309212 events | Elapsed time: 285.3s [2025-02-28T15:27:56.830Z]
### Progress: 5219/309212 events | Elapsed time: 290.4s [2025-02-28T15:28:01.912Z]
### Progress: 5302/309212 events | Elapsed time: 295.4s [2025-02-28T15:28:06.898Z]
### Progress: 5395/309212 events | Elapsed time: 300.3s [2025-02-28T15:28:11.845Z]
### Progress: 5479/309212 events | Elapsed time: 305.3s [2025-02-28T15:28:16.860Z]
### Progress: 5570/309212 events | Elapsed time: 310.3s [2025-02-28T15:28:21.880Z]
### Progress: 5653/309212 events | Elapsed time: 315.3s [2025-02-28T15:28:26.835Z]
### Progress: 5744/309212 events | Elapsed time: 320.3s [2025-02-28T15:28:31.840Z]
### Progress: 5825/309212 events | Elapsed time: 325.4s [2025-02-28T15:28:36.898Z]
### Progress: 5917/309212 events | Elapsed time: 330.3s [2025-02-28T15:28:41.849Z]
### Progress: 5999/309212 events | Elapsed time: 335.3s [2025-02-28T15:28:46.843Z]
### Progress: 6103/309212 events | Elapsed time: 340.3s [2025-02-28T15:28:51.838Z]
### Progress: 6214/309212 events | Elapsed time: 345.3s [2025-02-28T15:28:56.840Z]
### Progress: 6325/309212 events | Elapsed time: 350.3s [2025-02-28T15:29:01.841Z]
### Progress: 6433/309212 events | Elapsed time: 355.3s [2025-02-28T15:29:06.842Z]
### Progress: 6545/309212 events | Elapsed time: 360.3s [2025-02-28T15:29:11.842Z]
### Progress: 6647/309212 events | Elapsed time: 365.3s [2025-02-28T15:29:16.843Z]
### Progress: 6736/309212 events | Elapsed time: 370.3s [2025-02-28T15:29:21.889Z]
### Progress: 6825/309212 events | Elapsed time: 375.3s [2025-02-28T15:29:26.862Z]
### Progress: 6911/309212 events | Elapsed time: 380.3s [2025-02-28T15:29:31.847Z]
### Progress: 6991/309212 events | Elapsed time: 385.4s [2025-02-28T15:29:36.895Z]
### Progress: 7082/309212 events | Elapsed time: 390.3s [2025-02-28T15:29:41.858Z]
### Progress: 7169/309212 events | Elapsed time: 395.3s [2025-02-28T15:29:46.877Z]
### Progress: 7252/309212 events | Elapsed time: 400.3s [2025-02-28T15:29:51.850Z]
### Progress: 7332/309212 events | Elapsed time: 405.4s [2025-02-28T15:29:56.895Z]
### Progress: 7422/309212 events | Elapsed time: 410.3s [2025-02-28T15:30:01.852Z]
### Progress: 7510/309212 events | Elapsed time: 415.3s [2025-02-28T15:30:06.852Z]
### Progress: 7593/309212 events | Elapsed time: 420.4s [2025-02-28T15:30:11.965Z]
### Progress: 7680/309212 events | Elapsed time: 425.3s [2025-02-28T15:30:16.880Z]
### Progress: 7773/309212 events | Elapsed time: 430.4s [2025-02-28T15:30:21.900Z]
### Progress: 7856/309212 events | Elapsed time: 435.3s [2025-02-28T15:30:26.856Z]
### Progress: 7944/309212 events | Elapsed time: 440.4s [2025-02-28T15:30:31.933Z]
### Progress: 8034/309212 events | Elapsed time: 445.3s [2025-02-28T15:30:36.858Z]
### Progress: 8114/309212 events | Elapsed time: 450.4s [2025-02-28T15:30:41.969Z]
### Progress: 8200/309212 events | Elapsed time: 455.3s [2025-02-28T15:30:46.886Z]
### Progress: 8285/309212 events | Elapsed time: 460.3s [2025-02-28T15:30:51.859Z]
### Progress: 8368/309212 events | Elapsed time: 465.3s [2025-02-28T15:30:56.859Z]
### Progress: 8455/309212 events | Elapsed time: 470.3s [2025-02-28T15:31:01.861Z]
### Progress: 8538/309212 events | Elapsed time: 475.4s [2025-02-28T15:31:06.895Z]
### Progress: 8626/309212 events | Elapsed time: 480.4s [2025-02-28T15:31:11.974Z]
### Progress: 8716/309212 events | Elapsed time: 485.3s [2025-02-28T15:31:16.891Z]
### Progress: 8796/309212 events | Elapsed time: 490.3s [2025-02-28T15:31:21.864Z]
### Progress: 8882/309212 events | Elapsed time: 495.4s [2025-02-28T15:31:26.897Z]
### Progress: 8972/309212 events | Elapsed time: 500.4s [2025-02-28T15:31:31.942Z]
### Progress: 9060/309212 events | Elapsed time: 505.3s [2025-02-28T15:31:36.865Z]
### Progress: 9144/309212 events | Elapsed time: 510.3s [2025-02-28T15:31:41.876Z]
### Progress: 9230/309212 events | Elapsed time: 515.4s [2025-02-28T15:31:46.895Z]
### Progress: 9313/309212 events | Elapsed time: 520.4s [2025-02-28T15:31:51.911Z]
### Progress: 9398/309212 events | Elapsed time: 525.4s [2025-02-28T15:31:56.896Z]
### Progress: 9484/309212 events | Elapsed time: 530.3s [2025-02-28T15:32:01.871Z]
### Progress: 9564/309212 events | Elapsed time: 535.3s [2025-02-28T15:32:06.869Z]
### Progress: 9649/309212 events | Elapsed time: 540.3s [2025-02-28T15:32:11.880Z]
### Progress: 9739/309212 events | Elapsed time: 545.3s [2025-02-28T15:32:16.893Z]
### Progress: 9825/309212 events | Elapsed time: 550.3s [2025-02-28T15:32:21.872Z]
### Progress: 9912/309212 events | Elapsed time: 555.3s [2025-02-28T15:32:26.875Z]
### Progress: 9990/309212 events | Elapsed time: 560.4s [2025-02-28T15:32:31.951Z]
### Progress: 10080/309212 events | Elapsed time: 565.4s [2025-02-28T15:32:36.895Z]
### Progress: 10166/309212 events | Elapsed time: 570.3s [2025-02-28T15:32:41.876Z]
### Progress: 10253/309212 events | Elapsed time: 575.3s [2025-02-28T15:32:46.879Z]
### Progress: 10339/309212 events | Elapsed time: 580.3s [2025-02-28T15:32:51.882Z]
### Progress: 10429/309212 events | Elapsed time: 585.4s [2025-02-28T15:32:56.898Z]
### Progress: 10517/309212 events | Elapsed time: 590.3s [2025-02-28T15:33:01.881Z]
### Progress: 10600/309212 events | Elapsed time: 595.3s [2025-02-28T15:33:06.882Z]
### Progress: 10680/309212 events | Elapsed time: 600.4s [2025-02-28T15:33:11.991Z]
### Progress: 10770/309212 events | Elapsed time: 605.4s [2025-02-28T15:33:16.898Z]
### Progress: 10855/309212 events | Elapsed time: 610.3s [2025-02-28T15:33:21.884Z]
### Progress: 10941/309212 events | Elapsed time: 615.4s [2025-02-28T15:33:26.896Z]
### Progress: 11027/309212 events | Elapsed time: 620.4s [2025-02-28T15:33:31.961Z]
### Progress: 11111/309212 events | Elapsed time: 625.3s [2025-02-28T15:33:36.888Z]
### Progress: 11196/309212 events | Elapsed time: 630.3s [2025-02-28T15:33:41.894Z]
### Progress: 11269/309212 events | Elapsed time: 635.4s [2025-02-28T15:33:46.896Z]
### Progress: 11354/309212 events | Elapsed time: 640.3s [2025-02-28T15:33:51.890Z]
### Progress: 11444/309212 events | Elapsed time: 645.4s [2025-02-28T15:33:56.897Z]
### Progress: 11524/309212 events | Elapsed time: 650.4s [2025-02-28T15:34:01.964Z]
### Progress: 11610/309212 events | Elapsed time: 655.4s [2025-02-28T15:34:06.895Z]
### Progress: 11700/309212 events | Elapsed time: 660.5s [2025-02-28T15:34:11.999Z]
### Progress: 11788/309212 events | Elapsed time: 665.4s [2025-02-28T15:34:16.897Z]
### Progress: 11871/309212 events | Elapsed time: 670.4s [2025-02-28T15:34:21.895Z]
### Progress: 11958/309212 events | Elapsed time: 675.4s [2025-02-28T15:34:26.896Z]
### Progress: 12042/309212 events | Elapsed time: 680.4s [2025-02-28T15:34:31.969Z]
### Progress: 12129/309212 events | Elapsed time: 685.4s [2025-02-28T15:34:36.911Z]
### Progress: 12213/309212 events | Elapsed time: 690.4s [2025-02-28T15:34:41.902Z]
### Progress: 12299/309212 events | Elapsed time: 695.4s [2025-02-28T15:34:46.902Z]
### Progress: 12385/309212 events | Elapsed time: 700.4s [2025-02-28T15:34:51.900Z]
### Progress: 12475/309212 events | Elapsed time: 705.4s [2025-02-28T15:34:56.902Z]
### Progress: 12560/309212 events | Elapsed time: 710.4s [2025-02-28T15:35:01.972Z]
### Progress: 12640/309212 events | Elapsed time: 715.4s [2025-02-28T15:35:06.906Z]
### Progress: 12726/309212 events | Elapsed time: 720.4s [2025-02-28T15:35:11.907Z]
### Progress: 12811/309212 events | Elapsed time: 725.4s [2025-02-28T15:35:16.908Z]
### Progress: 12901/309212 events | Elapsed time: 730.4s [2025-02-28T15:35:21.945Z]
### Progress: 12981/309212 events | Elapsed time: 735.4s [2025-02-28T15:35:26.910Z]
### Progress: 13071/309212 events | Elapsed time: 740.4s [2025-02-28T15:35:31.978Z]
### Progress: 13157/309212 events | Elapsed time: 745.4s [2025-02-28T15:35:36.909Z]
### Progress: 13244/309212 events | Elapsed time: 750.5s [2025-02-28T15:35:42.029Z]
### Progress: 13322/309212 events | Elapsed time: 755.4s [2025-02-28T15:35:46.912Z]
### Progress: 13408/309212 events | Elapsed time: 760.4s [2025-02-28T15:35:51.949Z]
### Progress: 13498/309212 events | Elapsed time: 765.4s [2025-02-28T15:35:56.912Z]
### Progress: 13583/309212 events | Elapsed time: 770.4s [2025-02-28T15:36:01.916Z]
### Progress: 13669/309212 events | Elapsed time: 775.4s [2025-02-28T15:36:06.914Z]
### Progress: 13749/309212 events | Elapsed time: 780.4s [2025-02-28T15:36:11.917Z]
### Progress: 13835/309212 events | Elapsed time: 785.4s [2025-02-28T15:36:16.916Z]
### Progress: 13918/309212 events | Elapsed time: 790.4s [2025-02-28T15:36:21.951Z]
### Progress: 13997/309212 events | Elapsed time: 795.4s [2025-02-28T15:36:26.922Z]
### Progress: 14087/309212 events | Elapsed time: 800.4s [2025-02-28T15:36:31.921Z]
### Progress: 14171/309212 events | Elapsed time: 805.4s [2025-02-28T15:36:36.919Z]
### Progress: 14252/309212 events | Elapsed time: 810.4s [2025-02-28T15:36:41.921Z]
### Progress: 14335/309212 events | Elapsed time: 815.4s [2025-02-28T15:36:46.930Z]
### Progress: 14426/309212 events | Elapsed time: 820.4s [2025-02-28T15:36:51.955Z]
### Progress: 14513/309212 events | Elapsed time: 825.4s [2025-02-28T15:36:56.922Z]
### Progress: 14583/309212 events | Elapsed time: 830.4s [2025-02-28T15:37:01.924Z]
### Progress: 14667/309212 events | Elapsed time: 835.4s [2025-02-28T15:37:06.926Z]
### Progress: 14748/309212 events | Elapsed time: 840.5s [2025-02-28T15:37:12.024Z]
### Progress: 14834/309212 events | Elapsed time: 845.4s [2025-02-28T15:37:16.928Z]
### Progress: 14924/309212 events | Elapsed time: 850.4s [2025-02-28T15:37:21.960Z]
### Progress: 15009/309212 events | Elapsed time: 855.4s [2025-02-28T15:37:26.934Z]
### Progress: 15089/309212 events | Elapsed time: 860.4s [2025-02-28T15:37:31.994Z]
### Progress: 15175/309212 events | Elapsed time: 865.4s [2025-02-28T15:37:36.930Z]
### Progress: 15258/309212 events | Elapsed time: 870.5s [2025-02-28T15:37:42.029Z]
### Progress: 15337/309212 events | Elapsed time: 875.4s [2025-02-28T15:37:46.969Z]
### Progress: 15423/309212 events | Elapsed time: 880.4s [2025-02-28T15:37:51.932Z]
### Progress: 15513/309212 events | Elapsed time: 885.4s [2025-02-28T15:37:56.933Z]
### Progress: 15598/309212 events | Elapsed time: 890.4s [2025-02-28T15:38:01.935Z]
### Progress: 15678/309212 events | Elapsed time: 895.4s [2025-02-28T15:38:06.937Z]
### Progress: 15764/309212 events | Elapsed time: 900.5s [2025-02-28T15:38:12.036Z]
### Progress: 15852/309212 events | Elapsed time: 905.4s [2025-02-28T15:38:16.940Z]
### Progress: 15939/309212 events | Elapsed time: 910.5s [2025-02-28T15:38:21.995Z]
### Progress: 16025/309212 events | Elapsed time: 915.4s [2025-02-28T15:38:26.942Z]
### Progress: 16112/309212 events | Elapsed time: 920.4s [2025-02-28T15:38:31.939Z]
### Progress: 16195/309212 events | Elapsed time: 925.4s [2025-02-28T15:38:36.949Z]
### Progress: 16283/309212 events | Elapsed time: 930.4s [2025-02-28T15:38:41.944Z]
### Progress: 16366/309212 events | Elapsed time: 935.4s [2025-02-28T15:38:46.967Z]
### Progress: 16444/309212 events | Elapsed time: 940.4s [2025-02-28T15:38:51.971Z]
### Progress: 16528/309212 events | Elapsed time: 945.4s [2025-02-28T15:38:56.947Z]
### Progress: 16621/309212 events | Elapsed time: 950.5s [2025-02-28T15:39:02.007Z]
### Progress: 16701/309212 events | Elapsed time: 955.4s [2025-02-28T15:39:06.945Z]
### Progress: 16784/309212 events | Elapsed time: 960.5s [2025-02-28T15:39:12.041Z]
### Progress: 16869/309212 events | Elapsed time: 965.4s [2025-02-28T15:39:16.956Z]
### Progress: 16956/309212 events | Elapsed time: 970.4s [2025-02-28T15:39:21.975Z]
### Progress: 17042/309212 events | Elapsed time: 975.4s [2025-02-28T15:39:26.949Z]
### Progress: 17125/309212 events | Elapsed time: 980.4s [2025-02-28T15:39:31.953Z]
### Progress: 17210/309212 events | Elapsed time: 985.4s [2025-02-28T15:39:36.951Z]
### Progress: 17290/309212 events | Elapsed time: 990.4s [2025-02-28T15:39:41.958Z]
### Progress: 17373/309212 events | Elapsed time: 995.4s [2025-02-28T15:39:46.952Z]
### Progress: 17459/309212 events | Elapsed time: 1000.4s [2025-02-28T15:39:51.979Z]
### Progress: 17544/309212 events | Elapsed time: 1005.4s [2025-02-28T15:39:56.955Z]
### Progress: 17631/309212 events | Elapsed time: 1010.4s [2025-02-28T15:40:01.962Z]
### Progress: 17714/309212 events | Elapsed time: 1015.4s [2025-02-28T15:40:06.959Z]
### Progress: 17802/309212 events | Elapsed time: 1020.5s [2025-02-28T15:40:12.049Z]
### Progress: 17885/309212 events | Elapsed time: 1025.4s [2025-02-28T15:40:16.963Z]
### Progress: 17972/309212 events | Elapsed time: 1030.4s [2025-02-28T15:40:21.982Z]
### Progress: 18055/309212 events | Elapsed time: 1035.4s [2025-02-28T15:40:26.982Z]
### Progress: 18147/309212 events | Elapsed time: 1040.5s [2025-02-28T15:40:32.019Z]
### Progress: 18233/309212 events | Elapsed time: 1045.4s [2025-02-28T15:40:36.962Z]
### Progress: 18326/309212 events | Elapsed time: 1050.4s [2025-02-28T15:40:41.962Z]
### Progress: 18406/309212 events | Elapsed time: 1055.4s [2025-02-28T15:40:46.963Z]
### Progress: 18489/309212 events | Elapsed time: 1060.4s [2025-02-28T15:40:51.987Z]
### Progress: 18577/309212 events | Elapsed time: 1065.4s [2025-02-28T15:40:56.964Z]
### Progress: 18660/309212 events | Elapsed time: 1070.5s [2025-02-28T15:41:02.023Z]
### Progress: 18741/309212 events | Elapsed time: 1075.4s [2025-02-28T15:41:06.969Z]
### Progress: 18840/309212 events | Elapsed time: 1080.4s [2025-02-28T15:41:11.968Z]
### Progress: 18923/309212 events | Elapsed time: 1085.4s [2025-02-28T15:41:16.977Z]
### Progress: 19011/309212 events | Elapsed time: 1090.4s [2025-02-28T15:41:21.991Z]
### Progress: 19094/309212 events | Elapsed time: 1095.4s [2025-02-28T15:41:26.971Z]
### Progress: 19174/309212 events | Elapsed time: 1100.5s [2025-02-28T15:41:32.025Z]
### Progress: 19264/309212 events | Elapsed time: 1105.4s [2025-02-28T15:41:36.975Z]
### Progress: 19349/309212 events | Elapsed time: 1110.4s [2025-02-28T15:41:41.972Z]
### Progress: 19429/309212 events | Elapsed time: 1115.4s [2025-02-28T15:41:46.991Z]
### Progress: 19515/309212 events | Elapsed time: 1120.5s [2025-02-28T15:41:51.996Z]
### Progress: 19600/309212 events | Elapsed time: 1125.4s [2025-02-28T15:41:56.992Z]
### Progress: 19683/309212 events | Elapsed time: 1130.4s [2025-02-28T15:42:01.975Z]
### Progress: 19763/309212 events | Elapsed time: 1135.4s [2025-02-28T15:42:06.977Z]
### Progress: 19853/309212 events | Elapsed time: 1140.4s [2025-02-28T15:42:11.987Z]
### Progress: 19938/309212 events | Elapsed time: 1145.4s [2025-02-28T15:42:16.979Z]
### Progress: 20031/309212 events | Elapsed time: 1150.5s [2025-02-28T15:42:22.001Z]
### Progress: 20111/309212 events | Elapsed time: 1155.4s [2025-02-28T15:42:26.977Z]
### Progress: 20194/309212 events | Elapsed time: 1160.5s [2025-02-28T15:42:32.033Z]
### Progress: 20282/309212 events | Elapsed time: 1165.4s [2025-02-28T15:42:36.979Z]
### Progress: 20372/309212 events | Elapsed time: 1170.5s [2025-02-28T15:42:42.068Z]
### Progress: 20452/309212 events | Elapsed time: 1175.4s [2025-02-28T15:42:46.984Z]
### Progress: 20538/309212 events | Elapsed time: 1180.6s [2025-02-28T15:42:52.106Z]
### Progress: 20628/309212 events | Elapsed time: 1185.4s [2025-02-28T15:42:56.986Z]
### Progress: 20719/309212 events | Elapsed time: 1190.5s [2025-02-28T15:43:02.039Z]
### Progress: 20806/309212 events | Elapsed time: 1195.4s [2025-02-28T15:43:06.988Z]
### Progress: 20892/309212 events | Elapsed time: 1200.5s [2025-02-28T15:43:12.073Z]
### Progress: 20979/309212 events | Elapsed time: 1205.5s [2025-02-28T15:43:16.999Z]
### Progress: 21055/309212 events | Elapsed time: 1210.4s [2025-02-28T15:43:21.988Z]
### Progress: 21142/309212 events | Elapsed time: 1215.4s [2025-02-28T15:43:26.987Z]
### Progress: 21232/309212 events | Elapsed time: 1220.5s [2025-02-28T15:43:32.043Z]
### Progress: 21313/309212 events | Elapsed time: 1225.4s [2025-02-28T15:43:36.987Z]
### Progress: 21397/309212 events | Elapsed time: 1230.5s [2025-02-28T15:43:42.077Z]
### Progress: 21480/309212 events | Elapsed time: 1235.4s [2025-02-28T15:43:46.991Z]
### Progress: 21561/309212 events | Elapsed time: 1240.4s [2025-02-28T15:43:51.989Z]
### Progress: 21644/309212 events | Elapsed time: 1245.4s [2025-02-28T15:43:56.993Z]
### Progress: 21737/309212 events | Elapsed time: 1250.5s [2025-02-28T15:44:02.047Z]
### Progress: 21821/309212 events | Elapsed time: 1255.5s [2025-02-28T15:44:07.005Z]
### Progress: 21902/309212 events | Elapsed time: 1260.4s [2025-02-28T15:44:11.993Z]
### Progress: 21985/309212 events | Elapsed time: 1265.6s [2025-02-28T15:44:17.098Z]
### Progress: 22069/309212 events | Elapsed time: 1270.5s [2025-02-28T15:44:22.015Z]
### Progress: 22150/309212 events | Elapsed time: 1275.5s [2025-02-28T15:44:26.996Z]
### Progress: 22241/309212 events | Elapsed time: 1280.5s [2025-02-28T15:44:32.053Z]
### Progress: 22320/309212 events | Elapsed time: 1285.5s [2025-02-28T15:44:36.998Z]
### Progress: 22410/309212 events | Elapsed time: 1290.5s [2025-02-28T15:44:42.084Z]
### Progress: 22495/309212 events | Elapsed time: 1295.5s [2025-02-28T15:44:47.000Z]
### Progress: 22588/309212 events | Elapsed time: 1300.5s [2025-02-28T15:44:52.005Z]
### Progress: 22677/309212 events | Elapsed time: 1305.5s [2025-02-28T15:44:57.020Z]
### Progress: 22765/309212 events | Elapsed time: 1310.5s [2025-02-28T15:45:02.004Z]
### Progress: 22847/309212 events | Elapsed time: 1315.5s [2025-02-28T15:45:07.005Z]
### Progress: 22929/309212 events | Elapsed time: 1320.5s [2025-02-28T15:45:12.090Z]
### Progress: 23018/309212 events | Elapsed time: 1325.6s [2025-02-28T15:45:17.112Z]
### Progress: 23106/309212 events | Elapsed time: 1330.5s [2025-02-28T15:45:22.024Z]
### Progress: 23188/309212 events | Elapsed time: 1335.5s [2025-02-28T15:45:27.008Z]
### Progress: 23281/309212 events | Elapsed time: 1340.5s [2025-02-28T15:45:32.059Z]
### Progress: 23363/309212 events | Elapsed time: 1345.5s [2025-02-28T15:45:37.011Z]
### Progress: 23450/309212 events | Elapsed time: 1350.5s [2025-02-28T15:45:42.094Z]
### Progress: 23535/309212 events | Elapsed time: 1355.5s [2025-02-28T15:45:47.012Z]
### Progress: 23619/309212 events | Elapsed time: 1360.5s [2025-02-28T15:45:52.027Z]
### Progress: 23704/309212 events | Elapsed time: 1365.5s [2025-02-28T15:45:57.014Z]
### Progress: 23793/309212 events | Elapsed time: 1370.5s [2025-02-28T15:46:02.061Z]
### Progress: 23876/309212 events | Elapsed time: 1375.5s [2025-02-28T15:46:07.017Z]
### Progress: 23959/309212 events | Elapsed time: 1380.6s [2025-02-28T15:46:12.098Z]
### Progress: 24045/309212 events | Elapsed time: 1385.5s [2025-02-28T15:46:17.018Z]
### Progress: 24130/309212 events | Elapsed time: 1390.5s [2025-02-28T15:46:22.031Z]
### Progress: 24209/309212 events | Elapsed time: 1395.5s [2025-02-28T15:46:27.021Z]
### Progress: 24298/309212 events | Elapsed time: 1400.5s [2025-02-28T15:46:32.066Z]
### Progress: 24381/309212 events | Elapsed time: 1405.5s [2025-02-28T15:46:37.023Z]
### Progress: 24468/309212 events | Elapsed time: 1410.6s [2025-02-28T15:46:42.100Z]
### Progress: 24558/309212 events | Elapsed time: 1415.5s [2025-02-28T15:46:47.026Z]
### Progress: 24643/309212 events | Elapsed time: 1420.5s [2025-02-28T15:46:52.034Z]
### Progress: 24732/309212 events | Elapsed time: 1425.5s [2025-02-28T15:46:57.029Z]
### Progress: 24825/309212 events | Elapsed time: 1430.5s [2025-02-28T15:47:02.071Z]
### Progress: 24908/309212 events | Elapsed time: 1435.5s [2025-02-28T15:47:07.088Z]
### Progress: 24992/309212 events | Elapsed time: 1440.6s [2025-02-28T15:47:12.104Z]
### Progress: 25077/309212 events | Elapsed time: 1445.5s [2025-02-28T15:47:17.032Z]
### Progress: 25170/309212 events | Elapsed time: 1450.5s [2025-02-28T15:47:22.039Z]
### Progress: 25254/309212 events | Elapsed time: 1455.5s [2025-02-28T15:47:27.032Z]
### Progress: 25342/309212 events | Elapsed time: 1460.5s [2025-02-28T15:47:32.074Z]
### Progress: 25429/309212 events | Elapsed time: 1465.5s [2025-02-28T15:47:37.035Z]
### Progress: 25519/309212 events | Elapsed time: 1470.6s [2025-02-28T15:47:42.108Z]
### Progress: 25604/309212 events | Elapsed time: 1475.5s [2025-02-28T15:47:47.037Z]
### Progress: 25693/309212 events | Elapsed time: 1480.6s [2025-02-28T15:47:52.144Z]
### Progress: 25781/309212 events | Elapsed time: 1485.5s [2025-02-28T15:47:57.039Z]
### Progress: 25869/309212 events | Elapsed time: 1490.5s [2025-02-28T15:48:02.040Z]
### Progress: 25956/309212 events | Elapsed time: 1495.6s [2025-02-28T15:48:07.096Z]
### Progress: 26038/309212 events | Elapsed time: 1500.6s [2025-02-28T15:48:12.112Z]
### Progress: 26127/309212 events | Elapsed time: 1505.5s [2025-02-28T15:48:17.041Z]
### Progress: 26216/309212 events | Elapsed time: 1510.6s [2025-02-28T15:48:22.148Z]
### Progress: 26298/309212 events | Elapsed time: 1515.5s [2025-02-28T15:48:27.063Z]
### Progress: 26387/309212 events | Elapsed time: 1520.5s [2025-02-28T15:48:32.043Z]
### Progress: 26472/309212 events | Elapsed time: 1525.6s [2025-02-28T15:48:37.100Z]
### Progress: 26556/309212 events | Elapsed time: 1530.6s [2025-02-28T15:48:42.116Z]
### Progress: 26644/309212 events | Elapsed time: 1535.5s [2025-02-28T15:48:47.046Z]
### Progress: 26731/309212 events | Elapsed time: 1540.6s [2025-02-28T15:48:52.157Z]
### Progress: 26809/309212 events | Elapsed time: 1545.5s [2025-02-28T15:48:57.049Z]
### Progress: 26897/309212 events | Elapsed time: 1550.5s [2025-02-28T15:49:02.085Z]
### Progress: 26985/309212 events | Elapsed time: 1555.5s [2025-02-28T15:49:07.063Z]
### Progress: 27069/309212 events | Elapsed time: 1560.6s [2025-02-28T15:49:12.121Z]
### Progress: 27154/309212 events | Elapsed time: 1565.5s [2025-02-28T15:49:17.050Z]
### Progress: 27243/309212 events | Elapsed time: 1570.6s [2025-02-28T15:49:22.156Z]
### Progress: 27331/309212 events | Elapsed time: 1575.5s [2025-02-28T15:49:27.054Z]
### Progress: 27421/309212 events | Elapsed time: 1580.5s [2025-02-28T15:49:32.089Z]
### Progress: 27506/309212 events | Elapsed time: 1585.5s [2025-02-28T15:49:37.053Z]
### Progress: 27596/309212 events | Elapsed time: 1590.5s [2025-02-28T15:49:42.054Z]
### Progress: 27679/309212 events | Elapsed time: 1595.6s [2025-02-28T15:49:47.143Z]
### Progress: 27766/309212 events | Elapsed time: 1600.6s [2025-02-28T15:49:52.160Z]
### Progress: 27853/309212 events | Elapsed time: 1605.5s [2025-02-28T15:49:57.074Z]
### Progress: 27940/309212 events | Elapsed time: 1610.5s [2025-02-28T15:50:02.092Z]
### Progress: 28030/309212 events | Elapsed time: 1615.6s [2025-02-28T15:50:07.112Z]
### Progress: 28113/309212 events | Elapsed time: 1620.6s [2025-02-28T15:50:12.129Z]
### Progress: 28196/309212 events | Elapsed time: 1625.6s [2025-02-28T15:50:17.146Z]
### Progress: 28281/309212 events | Elapsed time: 1630.6s [2025-02-28T15:50:22.185Z]
### Progress: 28371/309212 events | Elapsed time: 1635.5s [2025-02-28T15:50:27.080Z]
### Progress: 28452/309212 events | Elapsed time: 1640.6s [2025-02-28T15:50:32.098Z]
### Progress: 28540/309212 events | Elapsed time: 1645.6s [2025-02-28T15:50:37.116Z]
### Progress: 28625/309212 events | Elapsed time: 1650.6s [2025-02-28T15:50:42.133Z]
### Progress: 28712/309212 events | Elapsed time: 1655.5s [2025-02-28T15:50:47.063Z]
### Progress: 28797/309212 events | Elapsed time: 1660.5s [2025-02-28T15:50:52.067Z]
### Progress: 28881/309212 events | Elapsed time: 1665.5s [2025-02-28T15:50:57.068Z]
### Progress: 28970/309212 events | Elapsed time: 1670.6s [2025-02-28T15:51:02.101Z]
### Progress: 29062/309212 events | Elapsed time: 1675.6s [2025-02-28T15:51:07.120Z]
### Progress: 29147/309212 events | Elapsed time: 1680.6s [2025-02-28T15:51:12.137Z]
### Progress: 29231/309212 events | Elapsed time: 1685.5s [2025-02-28T15:51:17.070Z]
### Progress: 29320/309212 events | Elapsed time: 1690.5s [2025-02-28T15:51:22.070Z]
### Progress: 29403/309212 events | Elapsed time: 1695.6s [2025-02-28T15:51:27.138Z]
### Progress: 29491/309212 events | Elapsed time: 1700.6s [2025-02-28T15:51:32.108Z]
### Progress: 29580/309212 events | Elapsed time: 1705.6s [2025-02-28T15:51:37.107Z]
### Progress: 29665/309212 events | Elapsed time: 1710.5s [2025-02-28T15:51:42.079Z]
### Progress: 29753/309212 events | Elapsed time: 1715.6s [2025-02-28T15:51:47.108Z]
### Progress: 29842/309212 events | Elapsed time: 1720.6s [2025-02-28T15:51:52.142Z]
### Progress: 29924/309212 events | Elapsed time: 1725.5s [2025-02-28T15:51:57.087Z]
### Progress: 30006/309212 events | Elapsed time: 1730.5s [2025-02-28T15:52:02.091Z]
### Progress: 30068/309212 events | Elapsed time: 1735.6s [2025-02-28T15:52:07.109Z]
### Progress: 30132/309212 events | Elapsed time: 1740.5s [2025-02-28T15:52:12.083Z]
### Progress: 30202/309212 events | Elapsed time: 1745.5s [2025-02-28T15:52:17.084Z]
### Progress: 30277/309212 events | Elapsed time: 1750.5s [2025-02-28T15:52:22.086Z]
### Progress: 30352/309212 events | Elapsed time: 1755.5s [2025-02-28T15:52:27.086Z]
### Progress: 30413/309212 events | Elapsed time: 1760.5s [2025-02-28T15:52:32.087Z]
### Progress: 30489/309212 events | Elapsed time: 1765.5s [2025-02-28T15:52:37.088Z]
### Progress: 30565/309212 events | Elapsed time: 1770.5s [2025-02-28T15:52:42.086Z]
### Progress: 30628/309212 events | Elapsed time: 1775.5s [2025-02-28T15:52:47.086Z]
### Progress: 30704/309212 events | Elapsed time: 1781.0s [2025-02-28T15:52:52.546Z]
### Progress: 30770/309212 events | Elapsed time: 1785.5s [2025-02-28T15:52:57.087Z]
### Progress: 30843/309212 events | Elapsed time: 1790.5s [2025-02-28T15:53:02.090Z]
### Progress: 30946/309212 events | Elapsed time: 1795.6s [2025-02-28T15:53:07.109Z]
### Progress: 31056/309212 events | Elapsed time: 1800.5s [2025-02-28T15:53:12.089Z]
### Progress: 31163/309212 events | Elapsed time: 1805.5s [2025-02-28T15:53:17.089Z]
### Progress: 31273/309212 events | Elapsed time: 1810.5s [2025-02-28T15:53:22.091Z]
### Progress: 31382/309212 events | Elapsed time: 1815.5s [2025-02-28T15:53:27.091Z]
### Progress: 31491/309212 events | Elapsed time: 1820.5s [2025-02-28T15:53:32.089Z]
### Progress: 31602/309212 events | Elapsed time: 1825.5s [2025-02-28T15:53:37.091Z]
### Progress: 31712/309212 events | Elapsed time: 1830.5s [2025-02-28T15:53:42.091Z]
### Progress: 31812/309212 events | Elapsed time: 1835.6s [2025-02-28T15:53:47.103Z]
### Progress: 31900/309212 events | Elapsed time: 1840.6s [2025-02-28T15:53:52.124Z]
### Progress: 31978/309212 events | Elapsed time: 1845.6s [2025-02-28T15:53:57.142Z]
### Progress: 32063/309212 events | Elapsed time: 1850.6s [2025-02-28T15:54:02.161Z]
### Progress: 32148/309212 events | Elapsed time: 1855.6s [2025-02-28T15:54:07.178Z]
### Progress: 32234/309212 events | Elapsed time: 1860.6s [2025-02-28T15:54:12.129Z]
### Progress: 32315/309212 events | Elapsed time: 1865.6s [2025-02-28T15:54:17.114Z]
### Progress: 32404/309212 events | Elapsed time: 1870.6s [2025-02-28T15:54:22.135Z]
### Progress: 32489/309212 events | Elapsed time: 1875.6s [2025-02-28T15:54:27.155Z]
### Progress: 32570/309212 events | Elapsed time: 1880.6s [2025-02-28T15:54:32.178Z]
### Progress: 32652/309212 events | Elapsed time: 1885.6s [2025-02-28T15:54:37.103Z]
### Progress: 32742/309212 events | Elapsed time: 1890.7s [2025-02-28T15:54:42.210Z]
### Progress: 32824/309212 events | Elapsed time: 1895.6s [2025-02-28T15:54:47.128Z]
### Progress: 32911/309212 events | Elapsed time: 1900.6s [2025-02-28T15:54:52.106Z]
### Progress: 32993/309212 events | Elapsed time: 1905.6s [2025-02-28T15:54:57.166Z]
### Progress: 33078/309212 events | Elapsed time: 1910.7s [2025-02-28T15:55:02.195Z]
### Progress: 33164/309212 events | Elapsed time: 1915.7s [2025-02-28T15:55:07.205Z]
### Progress: 33249/309212 events | Elapsed time: 1920.6s [2025-02-28T15:55:12.119Z]
### Progress: 33331/309212 events | Elapsed time: 1925.6s [2025-02-28T15:55:17.122Z]
### Progress: 33424/309212 events | Elapsed time: 1930.6s [2025-02-28T15:55:22.135Z]
### Progress: 33501/309212 events | Elapsed time: 1935.7s [2025-02-28T15:55:27.247Z]
### Progress: 33590/309212 events | Elapsed time: 1940.6s [2025-02-28T15:55:32.148Z]
### Progress: 33672/309212 events | Elapsed time: 1945.6s [2025-02-28T15:55:37.159Z]
### Progress: 33753/309212 events | Elapsed time: 1950.6s [2025-02-28T15:55:42.168Z]
### Progress: 33841/309212 events | Elapsed time: 1955.6s [2025-02-28T15:55:47.118Z]
### Progress: 33920/309212 events | Elapsed time: 1960.7s [2025-02-28T15:55:52.197Z]
### Progress: 34002/309212 events | Elapsed time: 1965.8s [2025-02-28T15:55:57.314Z]
### Progress: 34086/309212 events | Elapsed time: 1970.7s [2025-02-28T15:56:02.222Z]
### Progress: 34171/309212 events | Elapsed time: 1975.6s [2025-02-28T15:56:07.137Z]
### Progress: 34249/309212 events | Elapsed time: 1980.6s [2025-02-28T15:56:12.165Z]
### Progress: 34337/309212 events | Elapsed time: 1985.6s [2025-02-28T15:56:17.123Z]
### Progress: 34419/309212 events | Elapsed time: 1990.6s [2025-02-28T15:56:22.185Z]
### Progress: 34505/309212 events | Elapsed time: 1995.7s [2025-02-28T15:56:27.198Z]
### Progress: 34595/309212 events | Elapsed time: 2000.7s [2025-02-28T15:56:32.216Z]
### Progress: 34678/309212 events | Elapsed time: 2005.6s [2025-02-28T15:56:37.130Z]
### Progress: 34760/309212 events | Elapsed time: 2010.6s [2025-02-28T15:56:42.129Z]
### Progress: 34839/309212 events | Elapsed time: 2015.6s [2025-02-28T15:56:47.163Z]
### Progress: 34926/309212 events | Elapsed time: 2020.6s [2025-02-28T15:56:52.182Z]
### Progress: 35013/309212 events | Elapsed time: 2025.6s [2025-02-28T15:56:57.130Z]
### Progress: 35099/309212 events | Elapsed time: 2030.7s [2025-02-28T15:57:02.216Z]
### Progress: 35179/309212 events | Elapsed time: 2035.6s [2025-02-28T15:57:07.150Z]
### Progress: 35261/309212 events | Elapsed time: 2040.6s [2025-02-28T15:57:12.147Z]
### Progress: 35349/309212 events | Elapsed time: 2045.6s [2025-02-28T15:57:17.166Z]
### Progress: 35434/309212 events | Elapsed time: 2050.6s [2025-02-28T15:57:22.134Z]
### Progress: 35515/309212 events | Elapsed time: 2055.7s [2025-02-28T15:57:27.210Z]
### Progress: 35602/309212 events | Elapsed time: 2060.6s [2025-02-28T15:57:32.134Z]
### Progress: 35684/309212 events | Elapsed time: 2065.6s [2025-02-28T15:57:37.143Z]
### Progress: 35776/309212 events | Elapsed time: 2070.6s [2025-02-28T15:57:42.164Z]
### Progress: 35861/309212 events | Elapsed time: 2075.6s [2025-02-28T15:57:47.182Z]
### Progress: 35949/309212 events | Elapsed time: 2080.6s [2025-02-28T15:57:52.137Z]
### Progress: 36031/309212 events | Elapsed time: 2085.7s [2025-02-28T15:57:57.223Z]
### Progress: 36117/309212 events | Elapsed time: 2090.6s [2025-02-28T15:58:02.141Z]
### Progress: 36202/309212 events | Elapsed time: 2095.6s [2025-02-28T15:58:07.161Z]
### Progress: 36285/309212 events | Elapsed time: 2100.6s [2025-02-28T15:58:12.180Z]
### Progress: 36372/309212 events | Elapsed time: 2105.7s [2025-02-28T15:58:17.199Z]
### Progress: 36457/309212 events | Elapsed time: 2110.6s [2025-02-28T15:58:22.138Z]
### Progress: 36543/309212 events | Elapsed time: 2115.6s [2025-02-28T15:58:27.145Z]
### Progress: 36631/309212 events | Elapsed time: 2120.6s [2025-02-28T15:58:32.154Z]
### Progress: 36713/309212 events | Elapsed time: 2125.6s [2025-02-28T15:58:37.142Z]
### Progress: 36799/309212 events | Elapsed time: 2130.6s [2025-02-28T15:58:42.142Z]
### Progress: 36884/309212 events | Elapsed time: 2135.6s [2025-02-28T15:58:47.143Z]
### Progress: 36966/309212 events | Elapsed time: 2140.7s [2025-02-28T15:58:52.228Z]
### Progress: 37047/309212 events | Elapsed time: 2145.6s [2025-02-28T15:58:57.144Z]
### Progress: 37147/309212 events | Elapsed time: 2150.6s [2025-02-28T15:59:02.162Z]
### Progress: 37233/309212 events | Elapsed time: 2155.6s [2025-02-28T15:59:07.147Z]
### Progress: 37325/309212 events | Elapsed time: 2160.7s [2025-02-28T15:59:12.199Z]
### Progress: 37411/309212 events | Elapsed time: 2165.7s [2025-02-28T15:59:17.218Z]
### Progress: 37499/309212 events | Elapsed time: 2170.6s [2025-02-28T15:59:22.150Z]
### Progress: 37586/309212 events | Elapsed time: 2175.6s [2025-02-28T15:59:27.155Z]
### Progress: 37667/309212 events | Elapsed time: 2180.6s [2025-02-28T15:59:32.171Z]
### Progress: 37760/309212 events | Elapsed time: 2185.6s [2025-02-28T15:59:37.191Z]
### Progress: 37845/309212 events | Elapsed time: 2190.6s [2025-02-28T15:59:42.153Z]
### Progress: 37927/309212 events | Elapsed time: 2195.7s [2025-02-28T15:59:47.226Z]
### Progress: 38015/309212 events | Elapsed time: 2200.6s [2025-02-28T15:59:52.153Z]
### Progress: 38100/309212 events | Elapsed time: 2205.6s [2025-02-28T15:59:57.155Z]
### Progress: 38194/309212 events | Elapsed time: 2210.6s [2025-02-28T16:00:02.180Z]
### Progress: 38279/309212 events | Elapsed time: 2215.7s [2025-02-28T16:00:07.201Z]
### Progress: 38361/309212 events | Elapsed time: 2220.6s [2025-02-28T16:00:12.155Z]
### Progress: 38442/309212 events | Elapsed time: 2225.6s [2025-02-28T16:00:17.155Z]
### Progress: 38528/309212 events | Elapsed time: 2230.7s [2025-02-28T16:00:22.253Z]
### Progress: 38615/309212 events | Elapsed time: 2235.6s [2025-02-28T16:00:27.156Z]
### Progress: 38702/309212 events | Elapsed time: 2240.6s [2025-02-28T16:00:32.156Z]
### Progress: 38795/309212 events | Elapsed time: 2245.7s [2025-02-28T16:00:37.206Z]
### Progress: 38882/309212 events | Elapsed time: 2250.7s [2025-02-28T16:00:42.224Z]
### Progress: 38968/309212 events | Elapsed time: 2255.6s [2025-02-28T16:00:47.159Z]
### Progress: 39061/309212 events | Elapsed time: 2260.6s [2025-02-28T16:00:52.160Z]
### Progress: 39147/309212 events | Elapsed time: 2265.6s [2025-02-28T16:00:57.176Z]
### Progress: 39229/309212 events | Elapsed time: 2270.6s [2025-02-28T16:01:02.160Z]
### Progress: 39317/309212 events | Elapsed time: 2275.6s [2025-02-28T16:01:07.161Z]
### Progress: 39403/309212 events | Elapsed time: 2280.6s [2025-02-28T16:01:12.162Z]
### Progress: 39488/309212 events | Elapsed time: 2285.6s [2025-02-28T16:01:17.167Z]
### Progress: 39582/309212 events | Elapsed time: 2290.7s [2025-02-28T16:01:22.266Z]
### Progress: 39666/309212 events | Elapsed time: 2295.6s [2025-02-28T16:01:27.166Z]
### Progress: 39753/309212 events | Elapsed time: 2300.6s [2025-02-28T16:01:32.167Z]
### Progress: 39841/309212 events | Elapsed time: 2305.6s [2025-02-28T16:01:37.168Z]
### Progress: 39927/309212 events | Elapsed time: 2310.6s [2025-02-28T16:01:42.169Z]
### Progress: 40012/309212 events | Elapsed time: 2315.6s [2025-02-28T16:01:47.187Z]
### Progress: 40105/309212 events | Elapsed time: 2320.6s [2025-02-28T16:01:52.171Z]
### Progress: 40187/309212 events | Elapsed time: 2325.6s [2025-02-28T16:01:57.184Z]
### Progress: 40272/309212 events | Elapsed time: 2330.7s [2025-02-28T16:02:02.200Z]
### Progress: 40359/309212 events | Elapsed time: 2335.6s [2025-02-28T16:02:07.173Z]
### Progress: 40449/309212 events | Elapsed time: 2340.7s [2025-02-28T16:02:12.235Z]
### Progress: 40528/309212 events | Elapsed time: 2345.6s [2025-02-28T16:02:17.176Z]
### Progress: 40618/309212 events | Elapsed time: 2350.7s [2025-02-28T16:02:22.269Z]
### Progress: 40705/309212 events | Elapsed time: 2355.6s [2025-02-28T16:02:27.176Z]
### Progress: 40793/309212 events | Elapsed time: 2360.6s [2025-02-28T16:02:32.179Z]
### Progress: 40883/309212 events | Elapsed time: 2365.6s [2025-02-28T16:02:37.178Z]
### Progress: 40966/309212 events | Elapsed time: 2370.6s [2025-02-28T16:02:42.179Z]
### Progress: 41051/309212 events | Elapsed time: 2375.6s [2025-02-28T16:02:47.182Z]
### Progress: 41139/309212 events | Elapsed time: 2380.7s [2025-02-28T16:02:52.272Z]
### Progress: 41227/309212 events | Elapsed time: 2385.6s [2025-02-28T16:02:57.184Z]
### Progress: 41317/309212 events | Elapsed time: 2390.7s [2025-02-28T16:03:02.201Z]
### Progress: 41409/309212 events | Elapsed time: 2395.7s [2025-02-28T16:03:07.221Z]
### Progress: 41493/309212 events | Elapsed time: 2400.7s [2025-02-28T16:03:12.238Z]
### Progress: 41578/309212 events | Elapsed time: 2405.6s [2025-02-28T16:03:17.186Z]
### Progress: 41666/309212 events | Elapsed time: 2410.6s [2025-02-28T16:03:22.187Z]
### Progress: 41754/309212 events | Elapsed time: 2415.6s [2025-02-28T16:03:27.191Z]
### Progress: 41834/309212 events | Elapsed time: 2420.7s [2025-02-28T16:03:32.204Z]
### Progress: 41923/309212 events | Elapsed time: 2425.6s [2025-02-28T16:03:37.191Z]
### Progress: 42012/309212 events | Elapsed time: 2430.7s [2025-02-28T16:03:42.240Z]
### Progress: 42100/309212 events | Elapsed time: 2435.6s [2025-02-28T16:03:47.193Z]
### Progress: 42185/309212 events | Elapsed time: 2440.7s [2025-02-28T16:03:52.275Z]
### Progress: 42268/309212 events | Elapsed time: 2445.7s [2025-02-28T16:03:57.248Z]
### Progress: 42353/309212 events | Elapsed time: 2450.7s [2025-02-28T16:04:02.210Z]
### Progress: 42436/309212 events | Elapsed time: 2455.7s [2025-02-28T16:04:07.195Z]
### Progress: 42526/309212 events | Elapsed time: 2460.7s [2025-02-28T16:04:12.197Z]
### Progress: 42605/309212 events | Elapsed time: 2465.7s [2025-02-28T16:04:17.198Z]
### Progress: 42694/309212 events | Elapsed time: 2470.7s [2025-02-28T16:04:22.278Z]
### Progress: 42782/309212 events | Elapsed time: 2475.7s [2025-02-28T16:04:27.219Z]
### Progress: 42870/309212 events | Elapsed time: 2480.7s [2025-02-28T16:04:32.214Z]
### Progress: 42950/309212 events | Elapsed time: 2485.7s [2025-02-28T16:04:37.200Z]
### Progress: 43039/309212 events | Elapsed time: 2490.7s [2025-02-28T16:04:42.202Z]
### Progress: 43123/309212 events | Elapsed time: 2495.7s [2025-02-28T16:04:47.204Z]
### Progress: 43211/309212 events | Elapsed time: 2500.7s [2025-02-28T16:04:52.204Z]
### Progress: 43301/309212 events | Elapsed time: 2505.7s [2025-02-28T16:04:57.205Z]
### Progress: 43380/309212 events | Elapsed time: 2510.7s [2025-02-28T16:05:02.214Z]
### Progress: 43469/309212 events | Elapsed time: 2515.7s [2025-02-28T16:05:07.205Z]
### Progress: 43557/309212 events | Elapsed time: 2520.7s [2025-02-28T16:05:12.206Z]
### Progress: 43642/309212 events | Elapsed time: 2525.7s [2025-02-28T16:05:17.207Z]
### Progress: 43725/309212 events | Elapsed time: 2530.7s [2025-02-28T16:05:22.206Z]
### Progress: 43810/309212 events | Elapsed time: 2535.7s [2025-02-28T16:05:27.208Z]
### Progress: 43893/309212 events | Elapsed time: 2540.7s [2025-02-28T16:05:32.211Z]
### Progress: 43983/309212 events | Elapsed time: 2545.7s [2025-02-28T16:05:37.210Z]
### Progress: 44062/309212 events | Elapsed time: 2550.7s [2025-02-28T16:05:42.212Z]
### Progress: 44151/309212 events | Elapsed time: 2555.7s [2025-02-28T16:05:47.213Z]
### Progress: 44231/309212 events | Elapsed time: 2560.7s [2025-02-28T16:05:52.292Z]
### Progress: 44314/309212 events | Elapsed time: 2565.7s [2025-02-28T16:05:57.215Z]
### Progress: 44400/309212 events | Elapsed time: 2570.7s [2025-02-28T16:06:02.224Z]
### Progress: 44487/309212 events | Elapsed time: 2575.7s [2025-02-28T16:06:07.217Z]
### Progress: 44575/309212 events | Elapsed time: 2580.7s [2025-02-28T16:06:12.220Z]
### Progress: 44655/309212 events | Elapsed time: 2585.7s [2025-02-28T16:06:17.276Z]
### Progress: 44744/309212 events | Elapsed time: 2590.7s [2025-02-28T16:06:22.294Z]
### Progress: 44833/309212 events | Elapsed time: 2595.7s [2025-02-28T16:06:27.223Z]
### Progress: 44916/309212 events | Elapsed time: 2600.8s [2025-02-28T16:06:32.330Z]
### Progress: 45005/309212 events | Elapsed time: 2605.7s [2025-02-28T16:06:37.220Z]
### Progress: 45086/309212 events | Elapsed time: 2610.7s [2025-02-28T16:06:42.264Z]
### Progress: 45174/309212 events | Elapsed time: 2615.7s [2025-02-28T16:06:47.280Z]
### Progress: 45262/309212 events | Elapsed time: 2620.7s [2025-02-28T16:06:52.225Z]
### Progress: 45350/309212 events | Elapsed time: 2625.7s [2025-02-28T16:06:57.228Z]
### Progress: 45441/309212 events | Elapsed time: 2630.7s [2025-02-28T16:07:02.233Z]
### Progress: 45532/309212 events | Elapsed time: 2635.7s [2025-02-28T16:07:07.226Z]
### Progress: 45613/309212 events | Elapsed time: 2640.7s [2025-02-28T16:07:12.269Z]
### Progress: 45701/309212 events | Elapsed time: 2645.7s [2025-02-28T16:07:17.286Z]
### Progress: 45784/309212 events | Elapsed time: 2650.8s [2025-02-28T16:07:22.304Z]
### Progress: 45874/309212 events | Elapsed time: 2655.7s [2025-02-28T16:07:27.231Z]
### Progress: 45954/309212 events | Elapsed time: 2660.7s [2025-02-28T16:07:32.238Z]
### Progress: 46042/309212 events | Elapsed time: 2665.7s [2025-02-28T16:07:37.254Z]
### Progress: 46125/309212 events | Elapsed time: 2670.7s [2025-02-28T16:07:42.278Z]
### Progress: 46215/309212 events | Elapsed time: 2675.7s [2025-02-28T16:07:47.235Z]
### Progress: 46294/309212 events | Elapsed time: 2680.8s [2025-02-28T16:07:52.309Z]
### Progress: 46383/309212 events | Elapsed time: 2685.7s [2025-02-28T16:07:57.239Z]
### Progress: 46466/309212 events | Elapsed time: 2690.8s [2025-02-28T16:08:02.344Z]
### Progress: 46556/309212 events | Elapsed time: 2695.7s [2025-02-28T16:08:07.239Z]
### Progress: 46635/309212 events | Elapsed time: 2700.7s [2025-02-28T16:08:12.278Z]
### Progress: 46721/309212 events | Elapsed time: 2705.8s [2025-02-28T16:08:17.296Z]
### Progress: 46807/309212 events | Elapsed time: 2710.7s [2025-02-28T16:08:22.244Z]
### Progress: 46897/309212 events | Elapsed time: 2715.7s [2025-02-28T16:08:27.293Z]
### Progress: 46980/309212 events | Elapsed time: 2720.8s [2025-02-28T16:08:32.349Z]
### Progress: 47069/309212 events | Elapsed time: 2725.7s [2025-02-28T16:08:37.264Z]
### Progress: 47159/309212 events | Elapsed time: 2730.7s [2025-02-28T16:08:42.283Z]
### Progress: 47246/309212 events | Elapsed time: 2735.7s [2025-02-28T16:08:47.243Z]
### Progress: 47334/309212 events | Elapsed time: 2740.7s [2025-02-28T16:08:52.247Z]
### Progress: 47424/309212 events | Elapsed time: 2745.7s [2025-02-28T16:08:57.245Z]
### Progress: 47503/309212 events | Elapsed time: 2750.7s [2025-02-28T16:09:02.267Z]
### Progress: 47587/309212 events | Elapsed time: 2755.7s [2025-02-28T16:09:07.247Z]
### Progress: 47673/309212 events | Elapsed time: 2760.7s [2025-02-28T16:09:12.289Z]
### Progress: 47755/309212 events | Elapsed time: 2765.7s [2025-02-28T16:09:17.248Z]
### Progress: 47840/309212 events | Elapsed time: 2770.8s [2025-02-28T16:09:22.325Z]
### Progress: 47932/309212 events | Elapsed time: 2775.7s [2025-02-28T16:09:27.246Z]
### Progress: 48025/309212 events | Elapsed time: 2780.7s [2025-02-28T16:09:32.248Z]
### Progress: 48107/309212 events | Elapsed time: 2785.7s [2025-02-28T16:09:37.275Z]
### Progress: 48196/309212 events | Elapsed time: 2790.7s [2025-02-28T16:09:42.252Z]
### Progress: 48279/309212 events | Elapsed time: 2795.7s [2025-02-28T16:09:47.253Z]
### Progress: 48366/309212 events | Elapsed time: 2800.8s [2025-02-28T16:09:52.330Z]
### Progress: 48455/309212 events | Elapsed time: 2805.8s [2025-02-28T16:09:57.347Z]
### Progress: 48548/309212 events | Elapsed time: 2810.7s [2025-02-28T16:10:02.264Z]
### Progress: 48631/309212 events | Elapsed time: 2815.7s [2025-02-28T16:10:07.259Z]
### Progress: 48719/309212 events | Elapsed time: 2820.8s [2025-02-28T16:10:12.299Z]
### Progress: 48802/309212 events | Elapsed time: 2825.7s [2025-02-28T16:10:17.259Z]
### Progress: 48893/309212 events | Elapsed time: 2830.8s [2025-02-28T16:10:22.337Z]
### Progress: 48982/309212 events | Elapsed time: 2835.7s [2025-02-28T16:10:27.293Z]
### Progress: 49064/309212 events | Elapsed time: 2840.8s [2025-02-28T16:10:32.368Z]
### Progress: 49147/309212 events | Elapsed time: 2845.7s [2025-02-28T16:10:37.263Z]
### Progress: 49237/309212 events | Elapsed time: 2850.8s [2025-02-28T16:10:42.301Z]
### Progress: 49327/309212 events | Elapsed time: 2855.7s [2025-02-28T16:10:47.264Z]
### Progress: 49416/309212 events | Elapsed time: 2860.8s [2025-02-28T16:10:52.335Z]
### Progress: 49502/309212 events | Elapsed time: 2865.7s [2025-02-28T16:10:57.266Z]
### Progress: 49581/309212 events | Elapsed time: 2870.8s [2025-02-28T16:11:02.372Z]
### Progress: 49670/309212 events | Elapsed time: 2875.7s [2025-02-28T16:11:07.268Z]
### Progress: 49761/309212 events | Elapsed time: 2880.7s [2025-02-28T16:11:12.268Z]
### Progress: 49850/309212 events | Elapsed time: 2885.8s [2025-02-28T16:11:17.321Z]
### Progress: 49936/309212 events | Elapsed time: 2890.7s [2025-02-28T16:11:22.271Z]
### Progress: 50015/309212 events | Elapsed time: 2895.8s [2025-02-28T16:11:27.359Z]
### Progress: 50104/309212 events | Elapsed time: 2900.7s [2025-02-28T16:11:32.290Z]
### Progress: 50191/309212 events | Elapsed time: 2905.7s [2025-02-28T16:11:37.289Z]
### Progress: 50273/309212 events | Elapsed time: 2910.8s [2025-02-28T16:11:42.297Z]
### Progress: 50356/309212 events | Elapsed time: 2915.7s [2025-02-28T16:11:47.275Z]
### Progress: 50445/309212 events | Elapsed time: 2920.8s [2025-02-28T16:11:52.344Z]
### Progress: 50536/309212 events | Elapsed time: 2925.7s [2025-02-28T16:11:57.277Z]
### Progress: 50625/309212 events | Elapsed time: 2930.8s [2025-02-28T16:12:02.380Z]
### Progress: 50705/309212 events | Elapsed time: 2935.8s [2025-02-28T16:12:07.295Z]
### Progress: 50784/309212 events | Elapsed time: 2940.7s [2025-02-28T16:12:12.279Z]
### Progress: 50873/309212 events | Elapsed time: 2945.7s [2025-02-28T16:12:17.279Z]
### Progress: 50959/309212 events | Elapsed time: 2950.8s [2025-02-28T16:12:22.348Z]
### Progress: 51048/309212 events | Elapsed time: 2955.7s [2025-02-28T16:12:27.290Z]
### Progress: 51131/309212 events | Elapsed time: 2960.8s [2025-02-28T16:12:32.383Z]
### Progress: 51220/309212 events | Elapsed time: 2965.7s [2025-02-28T16:12:37.279Z]
### Progress: 51307/309212 events | Elapsed time: 2970.8s [2025-02-28T16:12:42.316Z]
### Progress: 51393/309212 events | Elapsed time: 2975.7s [2025-02-28T16:12:47.285Z]
### Progress: 51482/309212 events | Elapsed time: 2980.8s [2025-02-28T16:12:52.350Z]
### Progress: 51561/309212 events | Elapsed time: 2985.8s [2025-02-28T16:12:57.295Z]
### Progress: 51654/309212 events | Elapsed time: 2990.7s [2025-02-28T16:13:02.287Z]
### Progress: 51741/309212 events | Elapsed time: 2995.8s [2025-02-28T16:13:07.303Z]
### Progress: 51823/309212 events | Elapsed time: 3000.8s [2025-02-28T16:13:12.319Z]
### Progress: 51906/309212 events | Elapsed time: 3005.8s [2025-02-28T16:13:17.336Z]
### Progress: 51995/309212 events | Elapsed time: 3010.7s [2025-02-28T16:13:22.291Z]
### Progress: 52086/309212 events | Elapsed time: 3015.7s [2025-02-28T16:13:27.293Z]
### Progress: 52168/309212 events | Elapsed time: 3020.8s [2025-02-28T16:13:32.390Z]
### Progress: 52257/309212 events | Elapsed time: 3025.8s [2025-02-28T16:13:37.297Z]
### Progress: 52337/309212 events | Elapsed time: 3030.8s [2025-02-28T16:13:42.324Z]
### Progress: 52427/309212 events | Elapsed time: 3035.8s [2025-02-28T16:13:47.340Z]
### Progress: 52520/309212 events | Elapsed time: 3040.8s [2025-02-28T16:13:52.298Z]
### Progress: 52602/309212 events | Elapsed time: 3045.8s [2025-02-28T16:13:57.377Z]
### Progress: 52681/309212 events | Elapsed time: 3050.9s [2025-02-28T16:14:02.396Z]
### Progress: 52771/309212 events | Elapsed time: 3055.8s [2025-02-28T16:14:07.315Z]
### Progress: 52861/309212 events | Elapsed time: 3060.8s [2025-02-28T16:14:12.330Z]
### Progress: 52943/309212 events | Elapsed time: 3065.8s [2025-02-28T16:14:17.304Z]
### Progress: 53032/309212 events | Elapsed time: 3070.8s [2025-02-28T16:14:22.364Z]
### Progress: 53115/309212 events | Elapsed time: 3075.8s [2025-02-28T16:14:27.381Z]
### Progress: 53201/309212 events | Elapsed time: 3080.9s [2025-02-28T16:14:32.410Z]
### Progress: 53284/309212 events | Elapsed time: 3085.9s [2025-02-28T16:14:37.417Z]
### Progress: 53375/309212 events | Elapsed time: 3090.8s [2025-02-28T16:14:42.334Z]
### Progress: 53460/309212 events | Elapsed time: 3095.8s [2025-02-28T16:14:47.309Z]
### Progress: 53545/309212 events | Elapsed time: 3100.8s [2025-02-28T16:14:52.368Z]
### Progress: 53623/309212 events | Elapsed time: 3105.8s [2025-02-28T16:14:57.387Z]
### Progress: 53708/309212 events | Elapsed time: 3110.9s [2025-02-28T16:15:02.417Z]
### Progress: 53793/309212 events | Elapsed time: 3115.9s [2025-02-28T16:15:07.422Z]
### Progress: 53886/309212 events | Elapsed time: 3120.8s [2025-02-28T16:15:12.339Z]
### Progress: 53966/309212 events | Elapsed time: 3125.8s [2025-02-28T16:15:17.354Z]
### Progress: 54057/309212 events | Elapsed time: 3130.8s [2025-02-28T16:15:22.372Z]
### Progress: 54137/309212 events | Elapsed time: 3135.8s [2025-02-28T16:15:27.391Z]
### Progress: 54227/309212 events | Elapsed time: 3140.9s [2025-02-28T16:15:32.420Z]
### Progress: 54314/309212 events | Elapsed time: 3145.9s [2025-02-28T16:15:37.426Z]
### Progress: 54400/309212 events | Elapsed time: 3150.8s [2025-02-28T16:15:42.341Z]
### Progress: 54491/309212 events | Elapsed time: 3155.8s [2025-02-28T16:15:47.359Z]
### Progress: 54576/309212 events | Elapsed time: 3160.8s [2025-02-28T16:15:52.384Z]
### Progress: 54661/309212 events | Elapsed time: 3166.0s [2025-02-28T16:15:57.497Z]
### Progress: 54745/309212 events | Elapsed time: 3170.9s [2025-02-28T16:16:02.414Z]
### Progress: 54829/309212 events | Elapsed time: 3175.9s [2025-02-28T16:16:07.431Z]
### Progress: 54920/309212 events | Elapsed time: 3180.8s [2025-02-28T16:16:12.356Z]
### Progress: 55005/309212 events | Elapsed time: 3185.8s [2025-02-28T16:16:17.364Z]
### Progress: 55091/309212 events | Elapsed time: 3190.8s [2025-02-28T16:16:22.326Z]
### Progress: 55176/309212 events | Elapsed time: 3195.9s [2025-02-28T16:16:27.399Z]
### Progress: 55261/309212 events | Elapsed time: 3200.9s [2025-02-28T16:16:32.419Z]
### Progress: 55339/309212 events | Elapsed time: 3205.9s [2025-02-28T16:16:37.435Z]
### Progress: 55432/309212 events | Elapsed time: 3210.8s [2025-02-28T16:16:42.352Z]
### Progress: 55517/309212 events | Elapsed time: 3215.8s [2025-02-28T16:16:47.382Z]
### Progress: 55600/309212 events | Elapsed time: 3220.8s [2025-02-28T16:16:52.386Z]
### Progress: 55687/309212 events | Elapsed time: 3225.9s [2025-02-28T16:16:57.404Z]
### Progress: 55773/309212 events | Elapsed time: 3230.9s [2025-02-28T16:17:02.422Z]
### Progress: 55859/309212 events | Elapsed time: 3235.9s [2025-02-28T16:17:07.441Z]
### Progress: 55945/309212 events | Elapsed time: 3240.8s [2025-02-28T16:17:12.357Z]
### Progress: 56021/309212 events | Elapsed time: 3245.8s [2025-02-28T16:17:17.372Z]
### Progress: 56111/309212 events | Elapsed time: 3251.4s [2025-02-28T16:17:22.903Z]
### Progress: 56190/309212 events | Elapsed time: 3255.9s [2025-02-28T16:17:27.409Z]
### Progress: 56277/309212 events | Elapsed time: 3260.9s [2025-02-28T16:17:32.428Z]
### Progress: 56370/309212 events | Elapsed time: 3265.8s [2025-02-28T16:17:37.338Z]
### Progress: 56458/309212 events | Elapsed time: 3270.8s [2025-02-28T16:17:42.362Z]
### Progress: 56545/309212 events | Elapsed time: 3275.8s [2025-02-28T16:17:47.377Z]
### Progress: 56636/309212 events | Elapsed time: 3280.8s [2025-02-28T16:17:52.343Z]
### Progress: 56706/309212 events | Elapsed time: 3285.9s [2025-02-28T16:17:57.414Z]
### Progress: 56794/309212 events | Elapsed time: 3290.9s [2025-02-28T16:18:02.432Z]
### Progress: 56878/309212 events | Elapsed time: 3296.0s [2025-02-28T16:18:07.558Z]
### Progress: 56959/309212 events | Elapsed time: 3300.8s [2025-02-28T16:18:12.365Z]
### Progress: 57047/309212 events | Elapsed time: 3305.8s [2025-02-28T16:18:17.382Z]
### Progress: 57134/309212 events | Elapsed time: 3310.9s [2025-02-28T16:18:22.400Z]
### Progress: 57225/309212 events | Elapsed time: 3315.8s [2025-02-28T16:18:27.352Z]
### Progress: 57309/309212 events | Elapsed time: 3320.9s [2025-02-28T16:18:32.440Z]
### Progress: 57388/309212 events | Elapsed time: 3326.0s [2025-02-28T16:18:37.562Z]
### Progress: 57475/309212 events | Elapsed time: 3330.8s [2025-02-28T16:18:42.370Z]
### Progress: 57560/309212 events | Elapsed time: 3335.8s [2025-02-28T16:18:47.386Z]
### Progress: 57641/309212 events | Elapsed time: 3340.9s [2025-02-28T16:18:52.406Z]
### Progress: 57723/309212 events | Elapsed time: 3345.9s [2025-02-28T16:18:57.424Z]
### Progress: 57814/309212 events | Elapsed time: 3350.9s [2025-02-28T16:19:02.441Z]
### Progress: 57897/309212 events | Elapsed time: 3355.9s [2025-02-28T16:19:07.459Z]
### Progress: 57982/309212 events | Elapsed time: 3360.8s [2025-02-28T16:19:12.376Z]
### Progress: 58066/309212 events | Elapsed time: 3365.9s [2025-02-28T16:19:17.410Z]
### Progress: 58157/309212 events | Elapsed time: 3370.9s [2025-02-28T16:19:22.410Z]
### Progress: 58242/309212 events | Elapsed time: 3375.9s [2025-02-28T16:19:27.427Z]
### Progress: 58332/309212 events | Elapsed time: 3380.9s [2025-02-28T16:19:32.446Z]
### Progress: 58416/309212 events | Elapsed time: 3385.9s [2025-02-28T16:19:37.464Z]
### Progress: 58504/309212 events | Elapsed time: 3390.8s [2025-02-28T16:19:42.380Z]
### Progress: 58589/309212 events | Elapsed time: 3395.9s [2025-02-28T16:19:47.398Z]
### Progress: 58676/309212 events | Elapsed time: 3400.9s [2025-02-28T16:19:52.415Z]
### Progress: 58763/309212 events | Elapsed time: 3405.9s [2025-02-28T16:19:57.432Z]
### Progress: 58850/309212 events | Elapsed time: 3410.9s [2025-02-28T16:20:02.451Z]
### Progress: 58938/309212 events | Elapsed time: 3415.9s [2025-02-28T16:20:07.467Z]
### Progress: 59031/309212 events | Elapsed time: 3420.9s [2025-02-28T16:20:12.486Z]
### Progress: 59118/309212 events | Elapsed time: 3425.9s [2025-02-28T16:20:17.403Z]
### Progress: 59203/309212 events | Elapsed time: 3430.9s [2025-02-28T16:20:22.419Z]
### Progress: 59296/309212 events | Elapsed time: 3435.9s [2025-02-28T16:20:27.438Z]
### Progress: 59377/309212 events | Elapsed time: 3440.9s [2025-02-28T16:20:32.457Z]
### Progress: 59465/309212 events | Elapsed time: 3445.9s [2025-02-28T16:20:37.475Z]
### Progress: 59552/309212 events | Elapsed time: 3450.8s [2025-02-28T16:20:42.391Z]
### Progress: 59637/309212 events | Elapsed time: 3455.9s [2025-02-28T16:20:47.408Z]
### Progress: 59730/309212 events | Elapsed time: 3460.8s [2025-02-28T16:20:52.381Z]
### Progress: 59817/309212 events | Elapsed time: 3465.9s [2025-02-28T16:20:57.444Z]
### Progress: 59904/309212 events | Elapsed time: 3470.8s [2025-02-28T16:21:02.382Z]
### Progress: 59987/309212 events | Elapsed time: 3475.9s [2025-02-28T16:21:07.480Z]
### Progress: 60077/309212 events | Elapsed time: 3481.0s [2025-02-28T16:21:12.496Z]
### Progress: 60164/309212 events | Elapsed time: 3485.9s [2025-02-28T16:21:17.414Z]
### Progress: 60251/309212 events | Elapsed time: 3490.9s [2025-02-28T16:21:22.432Z]
### Progress: 60333/309212 events | Elapsed time: 3495.9s [2025-02-28T16:21:27.451Z]
### Progress: 60426/309212 events | Elapsed time: 3500.9s [2025-02-28T16:21:32.467Z]
### Progress: 60511/309212 events | Elapsed time: 3505.8s [2025-02-28T16:21:37.390Z]
### Progress: 60598/309212 events | Elapsed time: 3511.0s [2025-02-28T16:21:42.501Z]
### Progress: 60685/309212 events | Elapsed time: 3515.9s [2025-02-28T16:21:47.419Z]
### Progress: 60778/309212 events | Elapsed time: 3520.9s [2025-02-28T16:21:52.436Z]
### Progress: 60860/309212 events | Elapsed time: 3525.9s [2025-02-28T16:21:57.452Z]
### Progress: 60947/309212 events | Elapsed time: 3530.9s [2025-02-28T16:22:02.471Z]
### Progress: 61038/309212 events | Elapsed time: 3535.9s [2025-02-28T16:22:07.396Z]
### Progress: 61121/309212 events | Elapsed time: 3540.9s [2025-02-28T16:22:12.404Z]
### Progress: 61206/309212 events | Elapsed time: 3545.9s [2025-02-28T16:22:17.422Z]
### Progress: 61299/309212 events | Elapsed time: 3550.9s [2025-02-28T16:22:22.442Z]
### Progress: 61381/309212 events | Elapsed time: 3555.9s [2025-02-28T16:22:27.457Z]
### Progress: 61472/309212 events | Elapsed time: 3560.9s [2025-02-28T16:22:32.399Z]
### Progress: 61556/309212 events | Elapsed time: 3565.9s [2025-02-28T16:22:37.494Z]
### Progress: 61640/309212 events | Elapsed time: 3571.0s [2025-02-28T16:22:42.511Z]
### Progress: 61728/309212 events | Elapsed time: 3575.9s [2025-02-28T16:22:47.428Z]
### Progress: 61815/309212 events | Elapsed time: 3580.9s [2025-02-28T16:22:52.401Z]
### Progress: 61906/309212 events | Elapsed time: 3585.9s [2025-02-28T16:22:57.464Z]
### Progress: 61987/309212 events | Elapsed time: 3590.9s [2025-02-28T16:23:02.406Z]
### Progress: 62072/309212 events | Elapsed time: 3596.0s [2025-02-28T16:23:07.499Z]
### Progress: 62156/309212 events | Elapsed time: 3600.9s [2025-02-28T16:23:12.415Z]
### Progress: 62241/309212 events | Elapsed time: 3605.9s [2025-02-28T16:23:17.431Z]
### Progress: 62334/309212 events | Elapsed time: 3610.9s [2025-02-28T16:23:22.451Z]
### Progress: 62415/309212 events | Elapsed time: 3615.9s [2025-02-28T16:23:27.468Z]
### Progress: 62503/309212 events | Elapsed time: 3620.9s [2025-02-28T16:23:32.407Z]
### Progress: 62588/309212 events | Elapsed time: 3626.0s [2025-02-28T16:23:37.504Z]
### Progress: 62675/309212 events | Elapsed time: 3631.0s [2025-02-28T16:23:42.521Z]
### Progress: 62762/309212 events | Elapsed time: 3635.9s [2025-02-28T16:23:47.438Z]
### Progress: 62849/309212 events | Elapsed time: 3640.9s [2025-02-28T16:23:52.456Z]
### Progress: 62931/309212 events | Elapsed time: 3645.9s [2025-02-28T16:23:57.472Z]
### Progress: 63022/309212 events | Elapsed time: 3650.9s [2025-02-28T16:24:02.490Z]
### Progress: 63104/309212 events | Elapsed time: 3656.0s [2025-02-28T16:24:07.564Z]
### Progress: 63185/309212 events | Elapsed time: 3660.9s [2025-02-28T16:24:12.423Z]
### Progress: 63272/309212 events | Elapsed time: 3665.9s [2025-02-28T16:24:17.442Z]
### Progress: 63365/309212 events | Elapsed time: 3670.9s [2025-02-28T16:24:22.413Z]
### Progress: 63455/309212 events | Elapsed time: 3675.9s [2025-02-28T16:24:27.479Z]
### Progress: 63537/309212 events | Elapsed time: 3680.9s [2025-02-28T16:24:32.412Z]
### Progress: 63619/309212 events | Elapsed time: 3686.0s [2025-02-28T16:24:37.514Z]
### Progress: 63706/309212 events | Elapsed time: 3690.9s [2025-02-28T16:24:42.428Z]
### Progress: 63797/309212 events | Elapsed time: 3695.9s [2025-02-28T16:24:47.447Z]
### Progress: 63884/309212 events | Elapsed time: 3700.9s [2025-02-28T16:24:52.418Z]
### Progress: 63966/309212 events | Elapsed time: 3705.9s [2025-02-28T16:24:57.418Z]
### Progress: 64055/309212 events | Elapsed time: 3711.0s [2025-02-28T16:25:02.503Z]
### Progress: 64136/309212 events | Elapsed time: 3715.9s [2025-02-28T16:25:07.424Z]
### Progress: 64228/309212 events | Elapsed time: 3720.9s [2025-02-28T16:25:12.434Z]
### Progress: 64313/309212 events | Elapsed time: 3725.9s [2025-02-28T16:25:17.454Z]
### Progress: 64406/309212 events | Elapsed time: 3730.9s [2025-02-28T16:25:22.472Z]
### Progress: 64491/309212 events | Elapsed time: 3735.9s [2025-02-28T16:25:27.421Z]
### Progress: 64571/309212 events | Elapsed time: 3741.0s [2025-02-28T16:25:32.507Z]
### Progress: 64662/309212 events | Elapsed time: 3746.0s [2025-02-28T16:25:37.526Z]
### Progress: 64747/309212 events | Elapsed time: 3750.9s [2025-02-28T16:25:42.441Z]
### Progress: 64834/309212 events | Elapsed time: 3755.9s [2025-02-28T16:25:47.460Z]
### Progress: 64919/309212 events | Elapsed time: 3760.9s [2025-02-28T16:25:52.430Z]
### Progress: 65003/309212 events | Elapsed time: 3765.9s [2025-02-28T16:25:57.494Z]
### Progress: 65088/309212 events | Elapsed time: 3770.9s [2025-02-28T16:26:02.431Z]
### Progress: 65174/309212 events | Elapsed time: 3775.9s [2025-02-28T16:26:07.426Z]
### Progress: 65282/309212 events | Elapsed time: 3780.9s [2025-02-28T16:26:12.427Z]
### Progress: 65396/309212 events | Elapsed time: 3785.9s [2025-02-28T16:26:17.425Z]
### Progress: 65499/309212 events | Elapsed time: 3790.9s [2025-02-28T16:26:22.426Z]
### Progress: 65614/309212 events | Elapsed time: 3795.9s [2025-02-28T16:26:27.428Z]
### Progress: 65721/309212 events | Elapsed time: 3800.9s [2025-02-28T16:26:32.426Z]
### Progress: 65830/309212 events | Elapsed time: 3805.9s [2025-02-28T16:26:37.427Z]
### Progress: 65942/309212 events | Elapsed time: 3810.9s [2025-02-28T16:26:42.429Z]
### Progress: 66050/309212 events | Elapsed time: 3815.9s [2025-02-28T16:26:47.428Z]
### Progress: 66163/309212 events | Elapsed time: 3820.9s [2025-02-28T16:26:52.428Z]
### Progress: 66270/309212 events | Elapsed time: 3825.9s [2025-02-28T16:26:57.431Z]
### Progress: 66383/309212 events | Elapsed time: 3830.9s [2025-02-28T16:27:02.431Z]
### Progress: 66490/309212 events | Elapsed time: 3835.9s [2025-02-28T16:27:07.432Z]
### Progress: 66600/309212 events | Elapsed time: 3840.9s [2025-02-28T16:27:12.432Z]
### Progress: 66710/309212 events | Elapsed time: 3845.9s [2025-02-28T16:27:17.434Z]
### Progress: 66818/309212 events | Elapsed time: 3850.9s [2025-02-28T16:27:22.433Z]
### Progress: 66930/309212 events | Elapsed time: 3855.9s [2025-02-28T16:27:27.432Z]
### Progress: 67036/309212 events | Elapsed time: 3860.9s [2025-02-28T16:27:32.434Z]
### Progress: 67147/309212 events | Elapsed time: 3865.9s [2025-02-28T16:27:37.435Z]
### Progress: 67257/309212 events | Elapsed time: 3870.9s [2025-02-28T16:27:42.435Z]
### Progress: 67369/309212 events | Elapsed time: 3875.9s [2025-02-28T16:27:47.435Z]
### Progress: 67475/309212 events | Elapsed time: 3880.9s [2025-02-28T16:27:52.435Z]
### Progress: 67589/309212 events | Elapsed time: 3885.9s [2025-02-28T16:27:57.436Z]
### Progress: 67693/309212 events | Elapsed time: 3890.9s [2025-02-28T16:28:02.458Z]
### Progress: 67807/309212 events | Elapsed time: 3895.9s [2025-02-28T16:28:07.437Z]
### Progress: 67911/309212 events | Elapsed time: 3900.9s [2025-02-28T16:28:12.437Z]
### Progress: 68025/309212 events | Elapsed time: 3905.9s [2025-02-28T16:28:17.438Z]
### Progress: 68137/309212 events | Elapsed time: 3910.9s [2025-02-28T16:28:22.437Z]
### Progress: 68243/309212 events | Elapsed time: 3915.9s [2025-02-28T16:28:27.436Z]
### Progress: 68353/309212 events | Elapsed time: 3920.9s [2025-02-28T16:28:32.436Z]
### Progress: 68464/309212 events | Elapsed time: 3925.9s [2025-02-28T16:28:37.439Z]
### Progress: 68573/309212 events | Elapsed time: 3930.9s [2025-02-28T16:28:42.441Z]
### Progress: 68685/309212 events | Elapsed time: 3935.9s [2025-02-28T16:28:47.440Z]
### Progress: 68790/309212 events | Elapsed time: 3940.9s [2025-02-28T16:28:52.441Z]
### Progress: 68885/309212 events | Elapsed time: 3945.9s [2025-02-28T16:28:57.442Z]
### Progress: 68971/309212 events | Elapsed time: 3950.9s [2025-02-28T16:29:02.464Z]
### Progress: 69059/309212 events | Elapsed time: 3955.9s [2025-02-28T16:29:07.452Z]
### Progress: 69134/309212 events | Elapsed time: 3960.9s [2025-02-28T16:29:12.469Z]
### Progress: 69226/309212 events | Elapsed time: 3965.9s [2025-02-28T16:29:17.488Z]
### Progress: 69308/309212 events | Elapsed time: 3970.9s [2025-02-28T16:29:22.443Z]
### Progress: 69397/309212 events | Elapsed time: 3976.0s [2025-02-28T16:29:27.522Z]
### Progress: 69481/309212 events | Elapsed time: 3980.9s [2025-02-28T16:29:32.443Z]
### Progress: 69561/309212 events | Elapsed time: 3985.9s [2025-02-28T16:29:37.455Z]
### Progress: 69653/309212 events | Elapsed time: 3990.9s [2025-02-28T16:29:42.474Z]
### Progress: 69742/309212 events | Elapsed time: 3995.9s [2025-02-28T16:29:47.444Z]
### Progress: 69831/309212 events | Elapsed time: 4000.9s [2025-02-28T16:29:52.444Z]
### Progress: 69915/309212 events | Elapsed time: 4006.0s [2025-02-28T16:29:57.526Z]
### Progress: 70001/309212 events | Elapsed time: 4011.0s [2025-02-28T16:30:02.542Z]
### Progress: 70087/309212 events | Elapsed time: 4015.9s [2025-02-28T16:30:07.466Z]
### Progress: 70172/309212 events | Elapsed time: 4020.9s [2025-02-28T16:30:12.447Z]
### Progress: 70265/309212 events | Elapsed time: 4025.9s [2025-02-28T16:30:17.495Z]
### Progress: 70342/309212 events | Elapsed time: 4030.9s [2025-02-28T16:30:22.446Z]
### Progress: 70424/309212 events | Elapsed time: 4036.0s [2025-02-28T16:30:27.529Z]
### Progress: 70513/309212 events | Elapsed time: 4040.9s [2025-02-28T16:30:32.448Z]
### Progress: 70606/309212 events | Elapsed time: 4045.9s [2025-02-28T16:30:37.463Z]
### Progress: 70683/309212 events | Elapsed time: 4050.9s [2025-02-28T16:30:42.447Z]
### Progress: 70776/309212 events | Elapsed time: 4055.9s [2025-02-28T16:30:47.446Z]
### Progress: 70861/309212 events | Elapsed time: 4061.0s [2025-02-28T16:30:52.515Z]
### Progress: 70947/309212 events | Elapsed time: 4065.9s [2025-02-28T16:30:57.450Z]
### Progress: 71040/309212 events | Elapsed time: 4070.9s [2025-02-28T16:31:02.451Z]
### Progress: 71120/309212 events | Elapsed time: 4075.9s [2025-02-28T16:31:07.465Z]
### Progress: 71203/309212 events | Elapsed time: 4080.9s [2025-02-28T16:31:12.453Z]
### Progress: 71292/309212 events | Elapsed time: 4085.9s [2025-02-28T16:31:17.454Z]
### Progress: 71381/309212 events | Elapsed time: 4091.1s [2025-02-28T16:31:22.621Z]
### Progress: 71465/309212 events | Elapsed time: 4095.9s [2025-02-28T16:31:27.454Z]
### Progress: 71551/309212 events | Elapsed time: 4100.9s [2025-02-28T16:31:32.454Z]
### Progress: 71633/309212 events | Elapsed time: 4105.9s [2025-02-28T16:31:37.468Z]
### Progress: 71725/309212 events | Elapsed time: 4110.9s [2025-02-28T16:31:42.486Z]
### Progress: 71815/309212 events | Elapsed time: 4116.0s [2025-02-28T16:31:47.504Z]
### Progress: 71899/309212 events | Elapsed time: 4120.9s [2025-02-28T16:31:52.456Z]
### Progress: 71985/309212 events | Elapsed time: 4125.9s [2025-02-28T16:31:57.457Z]
### Progress: 72071/309212 events | Elapsed time: 4130.9s [2025-02-28T16:32:02.458Z]
### Progress: 72160/309212 events | Elapsed time: 4135.9s [2025-02-28T16:32:07.473Z]
### Progress: 72249/309212 events | Elapsed time: 4140.9s [2025-02-28T16:32:12.490Z]
### Progress: 72326/309212 events | Elapsed time: 4145.9s [2025-02-28T16:32:17.459Z]
### Progress: 72412/309212 events | Elapsed time: 4151.0s [2025-02-28T16:32:22.526Z]
### Progress: 72497/309212 events | Elapsed time: 4155.9s [2025-02-28T16:32:27.460Z]
### Progress: 72590/309212 events | Elapsed time: 4160.9s [2025-02-28T16:32:32.461Z]
### Progress: 72674/309212 events | Elapsed time: 4165.9s [2025-02-28T16:32:37.476Z]
### Progress: 72753/309212 events | Elapsed time: 4170.9s [2025-02-28T16:32:42.493Z]
### Progress: 72842/309212 events | Elapsed time: 4175.9s [2025-02-28T16:32:47.464Z]
### Progress: 72931/309212 events | Elapsed time: 4180.9s [2025-02-28T16:32:52.464Z]
### Progress: 73024/309212 events | Elapsed time: 4185.9s [2025-02-28T16:32:57.463Z]
### Progress: 73108/309212 events | Elapsed time: 4190.9s [2025-02-28T16:33:02.464Z]
### Progress: 73187/309212 events | Elapsed time: 4195.9s [2025-02-28T16:33:07.477Z]
### Progress: 73276/309212 events | Elapsed time: 4200.9s [2025-02-28T16:33:12.469Z]
### Progress: 73365/309212 events | Elapsed time: 4205.9s [2025-02-28T16:33:17.470Z]
### Progress: 73458/309212 events | Elapsed time: 4211.0s [2025-02-28T16:33:22.533Z]
### Progress: 73533/309212 events | Elapsed time: 4215.9s [2025-02-28T16:33:27.469Z]
### Progress: 73621/309212 events | Elapsed time: 4220.9s [2025-02-28T16:33:32.468Z]
### Progress: 73709/309212 events | Elapsed time: 4225.9s [2025-02-28T16:33:37.483Z]
### Progress: 73799/309212 events | Elapsed time: 4231.0s [2025-02-28T16:33:42.499Z]
### Progress: 73883/309212 events | Elapsed time: 4235.9s [2025-02-28T16:33:47.469Z]
### Progress: 73967/309212 events | Elapsed time: 4241.0s [2025-02-28T16:33:52.535Z]
### Progress: 74055/309212 events | Elapsed time: 4245.9s [2025-02-28T16:33:57.473Z]
### Progress: 74142/309212 events | Elapsed time: 4251.0s [2025-02-28T16:34:02.572Z]
### Progress: 74233/309212 events | Elapsed time: 4255.9s [2025-02-28T16:34:07.488Z]
### Progress: 74316/309212 events | Elapsed time: 4261.0s [2025-02-28T16:34:12.507Z]
### Progress: 74396/309212 events | Elapsed time: 4265.9s [2025-02-28T16:34:17.476Z]
### Progress: 74485/309212 events | Elapsed time: 4270.9s [2025-02-28T16:34:22.478Z]
### Progress: 74574/309212 events | Elapsed time: 4275.9s [2025-02-28T16:34:27.478Z]
### Progress: 74667/309212 events | Elapsed time: 4280.9s [2025-02-28T16:34:32.479Z]
### Progress: 74742/309212 events | Elapsed time: 4285.9s [2025-02-28T16:34:37.490Z]
### Progress: 74830/309212 events | Elapsed time: 4290.9s [2025-02-28T16:34:42.479Z]
### Progress: 74919/309212 events | Elapsed time: 4295.9s [2025-02-28T16:34:47.479Z]
### Progress: 75008/309212 events | Elapsed time: 4300.9s [2025-02-28T16:34:52.480Z]
### Progress: 75101/309212 events | Elapsed time: 4305.9s [2025-02-28T16:34:57.481Z]
### Progress: 75176/309212 events | Elapsed time: 4311.0s [2025-02-28T16:35:02.579Z]
### Progress: 75264/309212 events | Elapsed time: 4316.1s [2025-02-28T16:35:07.596Z]
### Progress: 75353/309212 events | Elapsed time: 4321.0s [2025-02-28T16:35:12.515Z]
### Progress: 75442/309212 events | Elapsed time: 4325.9s [2025-02-28T16:35:17.487Z]
### Progress: 75526/309212 events | Elapsed time: 4330.9s [2025-02-28T16:35:22.487Z]
### Progress: 75610/309212 events | Elapsed time: 4335.9s [2025-02-28T16:35:27.488Z]
### Progress: 75694/309212 events | Elapsed time: 4341.0s [2025-02-28T16:35:32.589Z]
### Progress: 75783/309212 events | Elapsed time: 4346.0s [2025-02-28T16:35:37.500Z]
### Progress: 75867/309212 events | Elapsed time: 4350.9s [2025-02-28T16:35:42.492Z]
### Progress: 75951/309212 events | Elapsed time: 4355.9s [2025-02-28T16:35:47.492Z]
### Progress: 76039/309212 events | Elapsed time: 4361.0s [2025-02-28T16:35:52.552Z]
### Progress: 76132/309212 events | Elapsed time: 4365.9s [2025-02-28T16:35:57.493Z]
### Progress: 76217/309212 events | Elapsed time: 4371.0s [2025-02-28T16:36:02.588Z]
### Progress: 76310/309212 events | Elapsed time: 4376.0s [2025-02-28T16:36:07.505Z]
### Progress: 76394/309212 events | Elapsed time: 4381.0s [2025-02-28T16:36:12.522Z]
### Progress: 76473/309212 events | Elapsed time: 4385.9s [2025-02-28T16:36:17.494Z]
### Progress: 76562/309212 events | Elapsed time: 4390.9s [2025-02-28T16:36:22.495Z]
### Progress: 76651/309212 events | Elapsed time: 4396.0s [2025-02-28T16:36:27.496Z]
### Progress: 76735/309212 events | Elapsed time: 4401.0s [2025-02-28T16:36:32.592Z]
### Progress: 76819/309212 events | Elapsed time: 4406.0s [2025-02-28T16:36:37.509Z]
### Progress: 76903/309212 events | Elapsed time: 4411.0s [2025-02-28T16:36:42.499Z]
### Progress: 76992/309212 events | Elapsed time: 4416.0s [2025-02-28T16:36:47.500Z]
### Progress: 77085/309212 events | Elapsed time: 4421.0s [2025-02-28T16:36:52.499Z]
### Progress: 77162/309212 events | Elapsed time: 4426.0s [2025-02-28T16:36:57.501Z]
### Progress: 77248/309212 events | Elapsed time: 4431.1s [2025-02-28T16:37:02.596Z]
### Progress: 77337/309212 events | Elapsed time: 4436.0s [2025-02-28T16:37:07.513Z]
### Progress: 77426/309212 events | Elapsed time: 4441.0s [2025-02-28T16:37:12.528Z]
### Progress: 77510/309212 events | Elapsed time: 4446.0s [2025-02-28T16:37:17.502Z]
### Progress: 77594/309212 events | Elapsed time: 4451.0s [2025-02-28T16:37:22.565Z]
### Progress: 77678/309212 events | Elapsed time: 4456.0s [2025-02-28T16:37:27.582Z]
### Progress: 77767/309212 events | Elapsed time: 4461.0s [2025-02-28T16:37:32.502Z]
### Progress: 77860/309212 events | Elapsed time: 4466.0s [2025-02-28T16:37:37.516Z]
### Progress: 77935/309212 events | Elapsed time: 4471.0s [2025-02-28T16:37:42.504Z]
### Progress: 78023/309212 events | Elapsed time: 4476.0s [2025-02-28T16:37:47.506Z]
### Progress: 78112/309212 events | Elapsed time: 4481.0s [2025-02-28T16:37:52.506Z]
### Progress: 78201/309212 events | Elapsed time: 4486.0s [2025-02-28T16:37:57.507Z]
### Progress: 78294/309212 events | Elapsed time: 4491.0s [2025-02-28T16:38:02.508Z]
### Progress: 78369/309212 events | Elapsed time: 4496.0s [2025-02-28T16:38:07.518Z]
### Progress: 78457/309212 events | Elapsed time: 4501.0s [2025-02-28T16:38:12.514Z]
### Progress: 78546/309212 events | Elapsed time: 4506.0s [2025-02-28T16:38:17.510Z]
### Progress: 78635/309212 events | Elapsed time: 4511.0s [2025-02-28T16:38:22.574Z]
### Progress: 78719/309212 events | Elapsed time: 4516.0s [2025-02-28T16:38:27.591Z]
### Progress: 78803/309212 events | Elapsed time: 4521.0s [2025-02-28T16:38:32.511Z]
### Progress: 78891/309212 events | Elapsed time: 4526.0s [2025-02-28T16:38:37.526Z]
### Progress: 78976/309212 events | Elapsed time: 4531.0s [2025-02-28T16:38:42.540Z]
### Progress: 79069/309212 events | Elapsed time: 4536.0s [2025-02-28T16:38:47.510Z]
### Progress: 79153/309212 events | Elapsed time: 4541.0s [2025-02-28T16:38:52.513Z]
### Progress: 79237/309212 events | Elapsed time: 4546.0s [2025-02-28T16:38:57.516Z]
### Progress: 79321/309212 events | Elapsed time: 4551.0s [2025-02-28T16:39:02.519Z]
### Progress: 79410/309212 events | Elapsed time: 4556.1s [2025-02-28T16:39:07.630Z]
### Progress: 79494/309212 events | Elapsed time: 4561.0s [2025-02-28T16:39:12.545Z]
### Progress: 79573/309212 events | Elapsed time: 4566.0s [2025-02-28T16:39:17.522Z]
### Progress: 79666/309212 events | Elapsed time: 4571.0s [2025-02-28T16:39:22.522Z]
### Progress: 79751/309212 events | Elapsed time: 4576.1s [2025-02-28T16:39:27.599Z]
### Progress: 79844/309212 events | Elapsed time: 4581.0s [2025-02-28T16:39:32.523Z]
### Progress: 79919/309212 events | Elapsed time: 4586.1s [2025-02-28T16:39:37.635Z]
### Progress: 80007/309212 events | Elapsed time: 4591.0s [2025-02-28T16:39:42.549Z]
### Progress: 80096/309212 events | Elapsed time: 4596.0s [2025-02-28T16:39:47.528Z]
### Progress: 80185/309212 events | Elapsed time: 4601.0s [2025-02-28T16:39:52.530Z]
### Progress: 80269/309212 events | Elapsed time: 4606.1s [2025-02-28T16:39:57.603Z]
### Progress: 80348/309212 events | Elapsed time: 4611.1s [2025-02-28T16:40:02.623Z]
### Progress: 80437/309212 events | Elapsed time: 4616.0s [2025-02-28T16:40:07.539Z]
### Progress: 80526/309212 events | Elapsed time: 4621.0s [2025-02-28T16:40:12.555Z]
### Progress: 80610/309212 events | Elapsed time: 4626.0s [2025-02-28T16:40:17.532Z]
### Progress: 80694/309212 events | Elapsed time: 4631.0s [2025-02-28T16:40:22.589Z]
### Progress: 80782/309212 events | Elapsed time: 4636.1s [2025-02-28T16:40:27.607Z]
### Progress: 80871/309212 events | Elapsed time: 4641.0s [2025-02-28T16:40:32.534Z]
### Progress: 80960/309212 events | Elapsed time: 4646.1s [2025-02-28T16:40:37.643Z]
### Progress: 81044/309212 events | Elapsed time: 4651.0s [2025-02-28T16:40:42.538Z]
### Progress: 81130/309212 events | Elapsed time: 4656.0s [2025-02-28T16:40:47.577Z]
### Progress: 81216/309212 events | Elapsed time: 4661.0s [2025-02-28T16:40:52.594Z]
### Progress: 81309/309212 events | Elapsed time: 4666.0s [2025-02-28T16:40:57.543Z]
### Progress: 81394/309212 events | Elapsed time: 4671.1s [2025-02-28T16:41:02.630Z]
### Progress: 81487/309212 events | Elapsed time: 4676.1s [2025-02-28T16:41:07.647Z]
### Progress: 81571/309212 events | Elapsed time: 4681.0s [2025-02-28T16:41:12.562Z]
### Progress: 81655/309212 events | Elapsed time: 4686.0s [2025-02-28T16:41:17.545Z]
### Progress: 81739/309212 events | Elapsed time: 4691.1s [2025-02-28T16:41:22.600Z]
### Progress: 81828/309212 events | Elapsed time: 4696.1s [2025-02-28T16:41:27.616Z]
### Progress: 81912/309212 events | Elapsed time: 4701.1s [2025-02-28T16:41:32.635Z]
### Progress: 81996/309212 events | Elapsed time: 4706.1s [2025-02-28T16:41:37.652Z]
### Progress: 82089/309212 events | Elapsed time: 4711.0s [2025-02-28T16:41:42.569Z]
### Progress: 82173/309212 events | Elapsed time: 4716.0s [2025-02-28T16:41:47.551Z]
### Progress: 82262/309212 events | Elapsed time: 4721.0s [2025-02-28T16:41:52.559Z]
### Progress: 82346/309212 events | Elapsed time: 4726.1s [2025-02-28T16:41:57.620Z]
### Progress: 82430/309212 events | Elapsed time: 4731.0s [2025-02-28T16:42:02.555Z]
### Progress: 82514/309212 events | Elapsed time: 4736.1s [2025-02-28T16:42:07.656Z]
### Progress: 82603/309212 events | Elapsed time: 4741.0s [2025-02-28T16:42:12.571Z]
### Progress: 82696/309212 events | Elapsed time: 4746.0s [2025-02-28T16:42:17.555Z]
### Progress: 82780/309212 events | Elapsed time: 4751.1s [2025-02-28T16:42:22.610Z]
### Progress: 82859/309212 events | Elapsed time: 4756.1s [2025-02-28T16:42:27.625Z]
### Progress: 82948/309212 events | Elapsed time: 4761.1s [2025-02-28T16:42:32.644Z]
### Progress: 83037/309212 events | Elapsed time: 4766.1s [2025-02-28T16:42:37.661Z]
### Progress: 83130/309212 events | Elapsed time: 4771.0s [2025-02-28T16:42:42.575Z]
### Progress: 83214/309212 events | Elapsed time: 4776.0s [2025-02-28T16:42:47.560Z]
### Progress: 83298/309212 events | Elapsed time: 4781.0s [2025-02-28T16:42:52.561Z]
### Progress: 83382/309212 events | Elapsed time: 4786.1s [2025-02-28T16:42:57.629Z]
### Progress: 83471/309212 events | Elapsed time: 4791.1s [2025-02-28T16:43:02.649Z]
### Progress: 83564/309212 events | Elapsed time: 4796.1s [2025-02-28T16:43:07.665Z]
### Progress: 83648/309212 events | Elapsed time: 4801.0s [2025-02-28T16:43:12.581Z]
### Progress: 83732/309212 events | Elapsed time: 4806.0s [2025-02-28T16:43:17.566Z]
### Progress: 83820/309212 events | Elapsed time: 4811.0s [2025-02-28T16:43:22.567Z]
### Progress: 83909/309212 events | Elapsed time: 4816.0s [2025-02-28T16:43:27.567Z]
### Progress: 83998/309212 events | Elapsed time: 4821.1s [2025-02-28T16:43:32.653Z]
### Progress: 84082/309212 events | Elapsed time: 4826.1s [2025-02-28T16:43:37.670Z]
### Progress: 84166/309212 events | Elapsed time: 4831.0s [2025-02-28T16:43:42.573Z]
### Progress: 84254/309212 events | Elapsed time: 4836.0s [2025-02-28T16:43:47.571Z]
### Progress: 84339/309212 events | Elapsed time: 4841.1s [2025-02-28T16:43:52.622Z]
### Progress: 84432/309212 events | Elapsed time: 4846.0s [2025-02-28T16:43:57.574Z]
### Progress: 84507/309212 events | Elapsed time: 4851.1s [2025-02-28T16:44:02.658Z]
### Progress: 84595/309212 events | Elapsed time: 4856.1s [2025-02-28T16:44:07.677Z]
### Progress: 84684/309212 events | Elapsed time: 4861.0s [2025-02-28T16:44:12.589Z]
### Progress: 84773/309212 events | Elapsed time: 4866.1s [2025-02-28T16:44:17.648Z]
### Progress: 84857/309212 events | Elapsed time: 4871.1s [2025-02-28T16:44:22.628Z]
### Progress: 84936/309212 events | Elapsed time: 4876.1s [2025-02-28T16:44:27.643Z]
### Progress: 85025/309212 events | Elapsed time: 4881.1s [2025-02-28T16:44:32.662Z]
### Progress: 85114/309212 events | Elapsed time: 4886.1s [2025-02-28T16:44:37.679Z]
### Progress: 85207/309212 events | Elapsed time: 4891.1s [2025-02-28T16:44:42.595Z]
### Progress: 85291/309212 events | Elapsed time: 4896.0s [2025-02-28T16:44:47.582Z]
### Progress: 85384/309212 events | Elapsed time: 4901.1s [2025-02-28T16:44:52.632Z]
### Progress: 85463/309212 events | Elapsed time: 4906.1s [2025-02-28T16:44:57.648Z]
### Progress: 85552/309212 events | Elapsed time: 4911.1s [2025-02-28T16:45:02.666Z]
### Progress: 85641/309212 events | Elapsed time: 4916.1s [2025-02-28T16:45:07.684Z]
### Progress: 85734/309212 events | Elapsed time: 4921.1s [2025-02-28T16:45:12.601Z]
### Progress: 85818/309212 events | Elapsed time: 4926.0s [2025-02-28T16:45:17.587Z]
### Progress: 85902/309212 events | Elapsed time: 4931.1s [2025-02-28T16:45:22.638Z]
### Progress: 85990/309212 events | Elapsed time: 4936.1s [2025-02-28T16:45:27.654Z]
### Progress: 86079/309212 events | Elapsed time: 4941.1s [2025-02-28T16:45:32.671Z]
### Progress: 86168/309212 events | Elapsed time: 4946.2s [2025-02-28T16:45:37.716Z]
### Progress: 86252/309212 events | Elapsed time: 4951.1s [2025-02-28T16:45:42.606Z]
### Progress: 86336/309212 events | Elapsed time: 4956.0s [2025-02-28T16:45:47.594Z]
### Progress: 86429/309212 events | Elapsed time: 4961.1s [2025-02-28T16:45:52.642Z]
### Progress: 86513/309212 events | Elapsed time: 4966.1s [2025-02-28T16:45:57.658Z]
### Progress: 86602/309212 events | Elapsed time: 4971.1s [2025-02-28T16:46:02.677Z]
### Progress: 86685/309212 events | Elapsed time: 4976.1s [2025-02-28T16:46:07.694Z]
### Progress: 86776/309212 events | Elapsed time: 4981.1s [2025-02-28T16:46:12.611Z]
### Progress: 86865/309212 events | Elapsed time: 4986.1s [2025-02-28T16:46:17.599Z]
### Progress: 86951/309212 events | Elapsed time: 4991.1s [2025-02-28T16:46:22.599Z]
### Progress: 87035/309212 events | Elapsed time: 4996.1s [2025-02-28T16:46:27.664Z]
### Progress: 87101/309212 events | Elapsed time: 5001.1s [2025-02-28T16:46:32.601Z]
### Progress: 87155/309212 events | Elapsed time: 5006.1s [2025-02-28T16:46:37.602Z]
### Progress: 87209/309212 events | Elapsed time: 5011.5s [2025-02-28T16:46:43.082Z]
### Progress: 87250/309212 events | Elapsed time: 5016.1s [2025-02-28T16:46:47.601Z]
### Progress: 87299/309212 events | Elapsed time: 5021.5s [2025-02-28T16:46:53.074Z]
### Progress: 87345/309212 events | Elapsed time: 5026.1s [2025-02-28T16:46:57.606Z]
### Progress: 87433/309212 events | Elapsed time: 5031.1s [2025-02-28T16:47:02.610Z]
### Progress: 87534/309212 events | Elapsed time: 5036.2s [2025-02-28T16:47:07.704Z]
### Progress: 87624/309212 events | Elapsed time: 5041.1s [2025-02-28T16:47:12.620Z]
### Progress: 87717/309212 events | Elapsed time: 5046.1s [2025-02-28T16:47:17.639Z]
### Progress: 87804/309212 events | Elapsed time: 5051.1s [2025-02-28T16:47:22.610Z]
### Progress: 87885/309212 events | Elapsed time: 5056.1s [2025-02-28T16:47:27.673Z]
### Progress: 87968/309212 events | Elapsed time: 5061.1s [2025-02-28T16:47:32.691Z]
### Progress: 88058/309212 events | Elapsed time: 5066.2s [2025-02-28T16:47:37.709Z]
### Progress: 88149/309212 events | Elapsed time: 5071.1s [2025-02-28T16:47:42.624Z]
### Progress: 88236/309212 events | Elapsed time: 5076.1s [2025-02-28T16:47:47.645Z]
### Progress: 88329/309212 events | Elapsed time: 5081.1s [2025-02-28T16:47:52.664Z]
### Progress: 88402/309212 events | Elapsed time: 5086.1s [2025-02-28T16:47:57.618Z]
### Progress: 88490/309212 events | Elapsed time: 5091.2s [2025-02-28T16:48:02.706Z]
### Progress: 88583/309212 events | Elapsed time: 5096.2s [2025-02-28T16:48:07.715Z]
### Progress: 88675/309212 events | Elapsed time: 5101.1s [2025-02-28T16:48:12.632Z]
### Progress: 88758/309212 events | Elapsed time: 5106.1s [2025-02-28T16:48:17.649Z]
### Progress: 88846/309212 events | Elapsed time: 5111.1s [2025-02-28T16:48:22.666Z]
### Progress: 88929/309212 events | Elapsed time: 5116.1s [2025-02-28T16:48:27.683Z]
### Progress: 89019/309212 events | Elapsed time: 5121.2s [2025-02-28T16:48:32.701Z]
### Progress: 89110/309212 events | Elapsed time: 5126.2s [2025-02-28T16:48:37.724Z]
### Progress: 89197/309212 events | Elapsed time: 5131.2s [2025-02-28T16:48:42.738Z]
### Progress: 89284/309212 events | Elapsed time: 5136.1s [2025-02-28T16:48:47.651Z]
### Progress: 89377/309212 events | Elapsed time: 5141.1s [2025-02-28T16:48:52.671Z]
### Progress: 89456/309212 events | Elapsed time: 5146.1s [2025-02-28T16:48:57.687Z]
### Progress: 89546/309212 events | Elapsed time: 5151.2s [2025-02-28T16:49:02.705Z]
### Progress: 89637/309212 events | Elapsed time: 5156.2s [2025-02-28T16:49:07.723Z]
### Progress: 89730/309212 events | Elapsed time: 5161.1s [2025-02-28T16:49:12.639Z]
### Progress: 89812/309212 events | Elapsed time: 5166.1s [2025-02-28T16:49:17.657Z]
### Progress: 89890/309212 events | Elapsed time: 5171.1s [2025-02-28T16:49:22.640Z]
### Progress: 89983/309212 events | Elapsed time: 5176.1s [2025-02-28T16:49:27.695Z]
### Progress: 90071/309212 events | Elapsed time: 5181.2s [2025-02-28T16:49:32.710Z]
### Progress: 90158/309212 events | Elapsed time: 5186.2s [2025-02-28T16:49:37.727Z]
### Progress: 90251/309212 events | Elapsed time: 5191.2s [2025-02-28T16:49:42.745Z]
### Progress: 90338/309212 events | Elapsed time: 5196.1s [2025-02-28T16:49:47.660Z]
### Progress: 90430/309212 events | Elapsed time: 5201.1s [2025-02-28T16:49:52.680Z]
### Progress: 90510/309212 events | Elapsed time: 5206.2s [2025-02-28T16:49:57.696Z]
### Progress: 90602/309212 events | Elapsed time: 5211.2s [2025-02-28T16:50:02.715Z]
### Progress: 90691/309212 events | Elapsed time: 5216.2s [2025-02-28T16:50:07.732Z]
### Progress: 90778/309212 events | Elapsed time: 5221.2s [2025-02-28T16:50:12.751Z]
### Progress: 90865/309212 events | Elapsed time: 5226.1s [2025-02-28T16:50:17.665Z]
### Progress: 90955/309212 events | Elapsed time: 5231.1s [2025-02-28T16:50:22.684Z]
### Progress: 91037/309212 events | Elapsed time: 5236.2s [2025-02-28T16:50:27.701Z]
### Progress: 91127/309212 events | Elapsed time: 5241.2s [2025-02-28T16:50:32.718Z]
### Progress: 91218/309212 events | Elapsed time: 5246.2s [2025-02-28T16:50:37.737Z]
### Progress: 91305/309212 events | Elapsed time: 5251.2s [2025-02-28T16:50:42.755Z]
### Progress: 91369/309212 events | Elapsed time: 5256.1s [2025-02-28T16:50:47.654Z]
### Progress: 91431/309212 events | Elapsed time: 5261.1s [2025-02-28T16:50:52.656Z]
### Progress: 91488/309212 events | Elapsed time: 5266.1s [2025-02-28T16:50:57.656Z]
### Progress: 91537/309212 events | Elapsed time: 5271.1s [2025-02-28T16:51:02.658Z]
### Progress: 91589/309212 events | Elapsed time: 5276.6s [2025-02-28T16:51:08.136Z]
### Progress: 91639/309212 events | Elapsed time: 5282.6s [2025-02-28T16:51:14.098Z]
### Progress: 91705/309212 events | Elapsed time: 5286.1s [2025-02-28T16:51:17.675Z]
### Progress: 91795/309212 events | Elapsed time: 5291.1s [2025-02-28T16:51:22.659Z]
### Progress: 91885/309212 events | Elapsed time: 5296.2s [2025-02-28T16:51:27.712Z]
### Progress: 91964/309212 events | Elapsed time: 5301.2s [2025-02-28T16:51:32.728Z]
### Progress: 92054/309212 events | Elapsed time: 5306.2s [2025-02-28T16:51:37.747Z]
### Progress: 92141/309212 events | Elapsed time: 5311.1s [2025-02-28T16:51:42.664Z]
### Progress: 92230/309212 events | Elapsed time: 5316.1s [2025-02-28T16:51:47.680Z]
### Progress: 92321/309212 events | Elapsed time: 5321.2s [2025-02-28T16:51:52.698Z]
### Progress: 92404/309212 events | Elapsed time: 5326.2s [2025-02-28T16:51:57.715Z]
### Progress: 92491/309212 events | Elapsed time: 5331.2s [2025-02-28T16:52:02.733Z]
### Progress: 92581/309212 events | Elapsed time: 5336.2s [2025-02-28T16:52:07.752Z]
### Progress: 92668/309212 events | Elapsed time: 5341.2s [2025-02-28T16:52:12.769Z]
### Progress: 92756/309212 events | Elapsed time: 5346.1s [2025-02-28T16:52:17.683Z]
### Progress: 92854/309212 events | Elapsed time: 5351.1s [2025-02-28T16:52:22.677Z]
### Progress: 92947/309212 events | Elapsed time: 5356.2s [2025-02-28T16:52:27.723Z]
### Progress: 93034/309212 events | Elapsed time: 5361.2s [2025-02-28T16:52:32.739Z]
### Progress: 93117/309212 events | Elapsed time: 5366.2s [2025-02-28T16:52:37.756Z]
### Progress: 93208/309212 events | Elapsed time: 5371.2s [2025-02-28T16:52:42.774Z]
### Progress: 93293/309212 events | Elapsed time: 5376.1s [2025-02-28T16:52:47.690Z]
### Progress: 93381/309212 events | Elapsed time: 5381.2s [2025-02-28T16:52:52.708Z]
### Progress: 93466/309212 events | Elapsed time: 5386.2s [2025-02-28T16:52:57.725Z]
### Progress: 93551/309212 events | Elapsed time: 5391.1s [2025-02-28T16:53:02.677Z]
### Progress: 93634/309212 events | Elapsed time: 5396.2s [2025-02-28T16:53:07.760Z]
### Progress: 93722/309212 events | Elapsed time: 5401.2s [2025-02-28T16:53:12.777Z]
### Progress: 93810/309212 events | Elapsed time: 5406.1s [2025-02-28T16:53:17.695Z]
### Progress: 93892/309212 events | Elapsed time: 5411.2s [2025-02-28T16:53:22.712Z]
### Progress: 93979/309212 events | Elapsed time: 5416.2s [2025-02-28T16:53:27.729Z]
### Progress: 94072/309212 events | Elapsed time: 5421.2s [2025-02-28T16:53:32.748Z]
### Progress: 94158/309212 events | Elapsed time: 5426.2s [2025-02-28T16:53:37.765Z]
### Progress: 94244/309212 events | Elapsed time: 5431.1s [2025-02-28T16:53:42.684Z]
### Progress: 94332/309212 events | Elapsed time: 5436.2s [2025-02-28T16:53:47.699Z]
### Progress: 94419/309212 events | Elapsed time: 5441.1s [2025-02-28T16:53:52.685Z]
### Progress: 94512/309212 events | Elapsed time: 5446.2s [2025-02-28T16:53:57.735Z]
### Progress: 94599/309212 events | Elapsed time: 5451.2s [2025-02-28T16:54:02.753Z]
### Progress: 94685/309212 events | Elapsed time: 5456.2s [2025-02-28T16:54:07.770Z]
### Progress: 94768/309212 events | Elapsed time: 5461.2s [2025-02-28T16:54:12.787Z]
### Progress: 94853/309212 events | Elapsed time: 5466.2s [2025-02-28T16:54:17.704Z]
### Progress: 94933/309212 events | Elapsed time: 5471.3s [2025-02-28T16:54:22.835Z]
### Progress: 95016/309212 events | Elapsed time: 5476.2s [2025-02-28T16:54:27.740Z]
### Progress: 95101/309212 events | Elapsed time: 5481.2s [2025-02-28T16:54:32.757Z]
### Progress: 95185/309212 events | Elapsed time: 5486.2s [2025-02-28T16:54:37.775Z]
### Progress: 95272/309212 events | Elapsed time: 5491.2s [2025-02-28T16:54:42.792Z]
### Progress: 95360/309212 events | Elapsed time: 5496.2s [2025-02-28T16:54:47.709Z]
### Progress: 95442/309212 events | Elapsed time: 5501.2s [2025-02-28T16:54:52.726Z]
### Progress: 95529/309212 events | Elapsed time: 5506.2s [2025-02-28T16:54:57.743Z]
### Progress: 95622/309212 events | Elapsed time: 5511.2s [2025-02-28T16:55:02.764Z]
### Progress: 95706/309212 events | Elapsed time: 5516.2s [2025-02-28T16:55:07.780Z]
### Progress: 95791/309212 events | Elapsed time: 5521.3s [2025-02-28T16:55:12.797Z]
### Progress: 95876/309212 events | Elapsed time: 5526.2s [2025-02-28T16:55:17.698Z]
### Progress: 95963/309212 events | Elapsed time: 5531.2s [2025-02-28T16:55:22.731Z]
### Progress: 96052/309212 events | Elapsed time: 5536.2s [2025-02-28T16:55:27.699Z]
### Progress: 96139/309212 events | Elapsed time: 5541.2s [2025-02-28T16:55:32.767Z]
### Progress: 96225/309212 events | Elapsed time: 5546.2s [2025-02-28T16:55:37.703Z]
### Progress: 96304/309212 events | Elapsed time: 5551.3s [2025-02-28T16:55:42.802Z]
### Progress: 96397/309212 events | Elapsed time: 5556.2s [2025-02-28T16:55:47.718Z]
### Progress: 96482/309212 events | Elapsed time: 5561.2s [2025-02-28T16:55:52.735Z]
### Progress: 96574/309212 events | Elapsed time: 5566.2s [2025-02-28T16:55:57.754Z]
### Progress: 96661/309212 events | Elapsed time: 5571.2s [2025-02-28T16:56:02.772Z]
### Progress: 96744/309212 events | Elapsed time: 5576.2s [2025-02-28T16:56:07.704Z]
### Progress: 96827/309212 events | Elapsed time: 5581.2s [2025-02-28T16:56:12.706Z]
### Progress: 96919/309212 events | Elapsed time: 5586.2s [2025-02-28T16:56:17.722Z]
### Progress: 97008/309212 events | Elapsed time: 5591.2s [2025-02-28T16:56:22.741Z]
### Progress: 97094/309212 events | Elapsed time: 5596.2s [2025-02-28T16:56:27.759Z]
### Progress: 97178/309212 events | Elapsed time: 5601.2s [2025-02-28T16:56:32.775Z]
### Progress: 97265/309212 events | Elapsed time: 5606.2s [2025-02-28T16:56:37.793Z]
### Progress: 97354/309212 events | Elapsed time: 5611.2s [2025-02-28T16:56:42.710Z]
### Progress: 97438/309212 events | Elapsed time: 5616.2s [2025-02-28T16:56:47.726Z]
### Progress: 97530/309212 events | Elapsed time: 5621.2s [2025-02-28T16:56:52.712Z]
### Progress: 97620/309212 events | Elapsed time: 5626.2s [2025-02-28T16:56:57.763Z]
### Progress: 97699/309212 events | Elapsed time: 5631.2s [2025-02-28T16:57:02.717Z]
### Progress: 97784/309212 events | Elapsed time: 5636.3s [2025-02-28T16:57:07.798Z]
### Progress: 97871/309212 events | Elapsed time: 5641.2s [2025-02-28T16:57:12.715Z]
### Progress: 97953/309212 events | Elapsed time: 5646.2s [2025-02-28T16:57:17.733Z]
### Progress: 98046/309212 events | Elapsed time: 5651.2s [2025-02-28T16:57:22.752Z]
### Progress: 98133/309212 events | Elapsed time: 5656.2s [2025-02-28T16:57:27.767Z]
### Progress: 98217/309212 events | Elapsed time: 5661.2s [2025-02-28T16:57:32.720Z]
### Progress: 98303/309212 events | Elapsed time: 5666.3s [2025-02-28T16:57:37.803Z]
### Progress: 98387/309212 events | Elapsed time: 5671.2s [2025-02-28T16:57:42.721Z]
### Progress: 98470/309212 events | Elapsed time: 5676.2s [2025-02-28T16:57:47.736Z]
### Progress: 98563/309212 events | Elapsed time: 5681.2s [2025-02-28T16:57:52.758Z]
### Progress: 98651/309212 events | Elapsed time: 5686.2s [2025-02-28T16:57:57.772Z]
### Progress: 98736/309212 events | Elapsed time: 5691.2s [2025-02-28T16:58:02.723Z]
### Progress: 98821/309212 events | Elapsed time: 5696.2s [2025-02-28T16:58:07.724Z]
### Progress: 98904/309212 events | Elapsed time: 5701.3s [2025-02-28T16:58:12.824Z]
### Progress: 98993/309212 events | Elapsed time: 5706.2s [2025-02-28T16:58:17.741Z]
### Progress: 99085/309212 events | Elapsed time: 5711.2s [2025-02-28T16:58:22.759Z]
### Progress: 99170/309212 events | Elapsed time: 5716.2s [2025-02-28T16:58:27.778Z]
### Progress: 99249/309212 events | Elapsed time: 5721.2s [2025-02-28T16:58:32.726Z]
### Progress: 99334/309212 events | Elapsed time: 5726.3s [2025-02-28T16:58:37.813Z]
### Progress: 99421/309212 events | Elapsed time: 5731.3s [2025-02-28T16:58:42.829Z]
### Progress: 99511/309212 events | Elapsed time: 5736.2s [2025-02-28T16:58:47.746Z]
### Progress: 99596/309212 events | Elapsed time: 5741.2s [2025-02-28T16:58:52.730Z]
### Progress: 99683/309212 events | Elapsed time: 5746.2s [2025-02-28T16:58:57.782Z]
### Progress: 99767/309212 events | Elapsed time: 5751.2s [2025-02-28T16:59:02.732Z]
### Progress: 99853/309212 events | Elapsed time: 5756.3s [2025-02-28T16:59:07.818Z]
### Progress: 99937/309212 events | Elapsed time: 5761.2s [2025-02-28T16:59:12.734Z]
### Progress: 100024/309212 events | Elapsed time: 5766.2s [2025-02-28T16:59:17.751Z]
### Progress: 100113/309212 events | Elapsed time: 5771.2s [2025-02-28T16:59:22.737Z]
### Progress: 100206/309212 events | Elapsed time: 5776.2s [2025-02-28T16:59:27.787Z]
### Progress: 100289/309212 events | Elapsed time: 5781.2s [2025-02-28T16:59:32.738Z]
### Progress: 100377/309212 events | Elapsed time: 5786.3s [2025-02-28T16:59:37.823Z]
### Progress: 100458/309212 events | Elapsed time: 5791.2s [2025-02-28T16:59:42.741Z]
### Progress: 100547/309212 events | Elapsed time: 5796.2s [2025-02-28T16:59:47.756Z]
### Progress: 100635/309212 events | Elapsed time: 5801.2s [2025-02-28T16:59:52.773Z]
### Progress: 100720/309212 events | Elapsed time: 5806.2s [2025-02-28T16:59:57.740Z]
### Progress: 100805/309212 events | Elapsed time: 5811.3s [2025-02-28T17:00:02.809Z]
### Progress: 100888/309212 events | Elapsed time: 5816.2s [2025-02-28T17:00:07.745Z]
### Progress: 101000/309212 events | Elapsed time: 5821.2s [2025-02-28T17:00:12.744Z]
### Progress: 101110/309212 events | Elapsed time: 5826.2s [2025-02-28T17:00:17.744Z]
### Progress: 101203/309212 events | Elapsed time: 5831.2s [2025-02-28T17:00:22.766Z]
### Progress: 101292/309212 events | Elapsed time: 5836.2s [2025-02-28T17:00:27.746Z]
### Progress: 101380/309212 events | Elapsed time: 5841.2s [2025-02-28T17:00:32.747Z]
### Progress: 101464/309212 events | Elapsed time: 5846.3s [2025-02-28T17:00:37.831Z]
### Progress: 101550/309212 events | Elapsed time: 5851.3s [2025-02-28T17:00:42.848Z]
### Progress: 101643/309212 events | Elapsed time: 5856.2s [2025-02-28T17:00:47.765Z]
### Progress: 101727/309212 events | Elapsed time: 5861.2s [2025-02-28T17:00:52.783Z]
### Progress: 101814/309212 events | Elapsed time: 5866.3s [2025-02-28T17:00:57.799Z]
### Progress: 101900/309212 events | Elapsed time: 5871.2s [2025-02-28T17:01:02.752Z]
### Progress: 101984/309212 events | Elapsed time: 5876.3s [2025-02-28T17:01:07.836Z]
### Progress: 102071/309212 events | Elapsed time: 5881.3s [2025-02-28T17:01:12.853Z]
### Progress: 102160/309212 events | Elapsed time: 5886.2s [2025-02-28T17:01:17.770Z]
### Progress: 102241/309212 events | Elapsed time: 5891.2s [2025-02-28T17:01:22.759Z]
### Progress: 102331/309212 events | Elapsed time: 5896.2s [2025-02-28T17:01:27.758Z]
### Progress: 102418/309212 events | Elapsed time: 5901.2s [2025-02-28T17:01:32.759Z]
### Progress: 102501/309212 events | Elapsed time: 5906.3s [2025-02-28T17:01:37.839Z]
### Progress: 102589/309212 events | Elapsed time: 5911.2s [2025-02-28T17:01:42.760Z]
### Progress: 102675/309212 events | Elapsed time: 5916.2s [2025-02-28T17:01:47.772Z]
### Progress: 102759/309212 events | Elapsed time: 5921.2s [2025-02-28T17:01:52.786Z]
### Progress: 102852/309212 events | Elapsed time: 5926.3s [2025-02-28T17:01:57.807Z]
### Progress: 102935/309212 events | Elapsed time: 5931.2s [2025-02-28T17:02:02.764Z]
### Progress: 103020/309212 events | Elapsed time: 5936.2s [2025-02-28T17:02:07.766Z]
### Progress: 103109/309212 events | Elapsed time: 5941.2s [2025-02-28T17:02:12.764Z]
### Progress: 103193/309212 events | Elapsed time: 5946.3s [2025-02-28T17:02:17.874Z]
### Progress: 103280/309212 events | Elapsed time: 5951.4s [2025-02-28T17:02:22.993Z]
### Progress: 103367/309212 events | Elapsed time: 5956.3s [2025-02-28T17:02:27.807Z]
### Progress: 103448/309212 events | Elapsed time: 5961.3s [2025-02-28T17:02:32.825Z]
### Progress: 103540/309212 events | Elapsed time: 5966.2s [2025-02-28T17:02:37.771Z]
### Progress: 103625/309212 events | Elapsed time: 5971.2s [2025-02-28T17:02:42.771Z]
### Progress: 103713/309212 events | Elapsed time: 5976.2s [2025-02-28T17:02:47.792Z]
### Progress: 103796/309212 events | Elapsed time: 5981.2s [2025-02-28T17:02:52.789Z]
### Progress: 103881/309212 events | Elapsed time: 5986.3s [2025-02-28T17:02:57.809Z]
### Progress: 103961/309212 events | Elapsed time: 5991.2s [2025-02-28T17:03:02.775Z]
### Progress: 104048/309212 events | Elapsed time: 5996.3s [2025-02-28T17:03:07.843Z]
### Progress: 104130/309212 events | Elapsed time: 6001.3s [2025-02-28T17:03:12.808Z]
### Progress: 104214/309212 events | Elapsed time: 6006.2s [2025-02-28T17:03:17.777Z]
### Progress: 104297/309212 events | Elapsed time: 6011.2s [2025-02-28T17:03:22.791Z]
### Progress: 104385/309212 events | Elapsed time: 6016.2s [2025-02-28T17:03:27.778Z]
### Progress: 104471/309212 events | Elapsed time: 6021.2s [2025-02-28T17:03:32.781Z]
### Progress: 104563/309212 events | Elapsed time: 6026.3s [2025-02-28T17:03:37.852Z]
### Progress: 104643/309212 events | Elapsed time: 6031.2s [2025-02-28T17:03:42.782Z]
### Progress: 104726/309212 events | Elapsed time: 6036.3s [2025-02-28T17:03:47.879Z]
### Progress: 104812/309212 events | Elapsed time: 6041.3s [2025-02-28T17:03:52.795Z]
### Progress: 104896/309212 events | Elapsed time: 6046.2s [2025-02-28T17:03:57.785Z]
### Progress: 104984/309212 events | Elapsed time: 6051.2s [2025-02-28T17:04:02.785Z]
### Progress: 105072/309212 events | Elapsed time: 6056.2s [2025-02-28T17:04:07.786Z]
### Progress: 105154/309212 events | Elapsed time: 6061.3s [2025-02-28T17:04:12.864Z]
### Progress: 105245/309212 events | Elapsed time: 6066.2s [2025-02-28T17:04:17.787Z]
### Progress: 105325/309212 events | Elapsed time: 6071.4s [2025-02-28T17:04:22.897Z]
### Progress: 105413/309212 events | Elapsed time: 6076.3s [2025-02-28T17:04:27.814Z]
### Progress: 105497/309212 events | Elapsed time: 6081.3s [2025-02-28T17:04:32.833Z]
### Progress: 105586/309212 events | Elapsed time: 6086.2s [2025-02-28T17:04:37.790Z]
### Progress: 105671/309212 events | Elapsed time: 6091.3s [2025-02-28T17:04:42.864Z]
### Progress: 105759/309212 events | Elapsed time: 6096.2s [2025-02-28T17:04:47.793Z]
### Progress: 105842/309212 events | Elapsed time: 6101.4s [2025-02-28T17:04:52.899Z]
### Progress: 105928/309212 events | Elapsed time: 6106.3s [2025-02-28T17:04:57.817Z]
### Progress: 106021/309212 events | Elapsed time: 6111.3s [2025-02-28T17:05:02.833Z]
### Progress: 106105/309212 events | Elapsed time: 6116.3s [2025-02-28T17:05:07.800Z]
### Progress: 106189/309212 events | Elapsed time: 6121.3s [2025-02-28T17:05:12.872Z]
### Progress: 106276/309212 events | Elapsed time: 6126.3s [2025-02-28T17:05:17.797Z]
### Progress: 106361/309212 events | Elapsed time: 6131.4s [2025-02-28T17:05:22.901Z]
### Progress: 106446/309212 events | Elapsed time: 6136.3s [2025-02-28T17:05:27.818Z]
### Progress: 106529/309212 events | Elapsed time: 6141.3s [2025-02-28T17:05:32.799Z]
### Progress: 106617/309212 events | Elapsed time: 6146.3s [2025-02-28T17:05:37.799Z]
### Progress: 106703/309212 events | Elapsed time: 6151.3s [2025-02-28T17:05:42.801Z]
### Progress: 106787/309212 events | Elapsed time: 6156.3s [2025-02-28T17:05:47.886Z]
### Progress: 106875/309212 events | Elapsed time: 6161.3s [2025-02-28T17:05:52.802Z]
### Progress: 106958/309212 events | Elapsed time: 6166.3s [2025-02-28T17:05:57.818Z]
### Progress: 107044/309212 events | Elapsed time: 6171.3s [2025-02-28T17:06:02.806Z]
### Progress: 107136/309212 events | Elapsed time: 6176.3s [2025-02-28T17:06:07.807Z]
### Progress: 107221/309212 events | Elapsed time: 6181.3s [2025-02-28T17:06:12.808Z]
### Progress: 107309/309212 events | Elapsed time: 6186.3s [2025-02-28T17:06:17.808Z]
### Progress: 107393/309212 events | Elapsed time: 6191.4s [2025-02-28T17:06:22.907Z]
### Progress: 107478/309212 events | Elapsed time: 6196.4s [2025-02-28T17:06:27.895Z]
### Progress: 107570/309212 events | Elapsed time: 6201.3s [2025-02-28T17:06:32.840Z]
### Progress: 107650/309212 events | Elapsed time: 6206.3s [2025-02-28T17:06:37.811Z]
### Progress: 107738/309212 events | Elapsed time: 6211.3s [2025-02-28T17:06:42.812Z]
### Progress: 107826/309212 events | Elapsed time: 6216.3s [2025-02-28T17:06:47.812Z]
### Progress: 107912/309212 events | Elapsed time: 6221.4s [2025-02-28T17:06:52.909Z]
### Progress: 107996/309212 events | Elapsed time: 6226.4s [2025-02-28T17:06:57.895Z]
### Progress: 108084/309212 events | Elapsed time: 6231.3s [2025-02-28T17:07:02.840Z]
### Progress: 108177/309212 events | Elapsed time: 6236.3s [2025-02-28T17:07:07.860Z]
### Progress: 108260/309212 events | Elapsed time: 6241.3s [2025-02-28T17:07:12.878Z]
### Progress: 108346/309212 events | Elapsed time: 6246.3s [2025-02-28T17:07:17.822Z]
### Progress: 108430/309212 events | Elapsed time: 6251.4s [2025-02-28T17:07:22.911Z]
### Progress: 108518/309212 events | Elapsed time: 6256.4s [2025-02-28T17:07:27.895Z]
### Progress: 108606/309212 events | Elapsed time: 6261.3s [2025-02-28T17:07:32.842Z]
### Progress: 108694/309212 events | Elapsed time: 6266.3s [2025-02-28T17:07:37.823Z]
### Progress: 108780/309212 events | Elapsed time: 6271.3s [2025-02-28T17:07:42.824Z]
### Progress: 108864/309212 events | Elapsed time: 6276.4s [2025-02-28T17:07:47.896Z]
### Progress: 108952/309212 events | Elapsed time: 6281.3s [2025-02-28T17:07:52.829Z]
### Progress: 109035/309212 events | Elapsed time: 6286.4s [2025-02-28T17:07:57.895Z]
### Progress: 109126/309212 events | Elapsed time: 6291.3s [2025-02-28T17:08:02.847Z]
### Progress: 109213/309212 events | Elapsed time: 6296.3s [2025-02-28T17:08:07.862Z]
### Progress: 109298/309212 events | Elapsed time: 6301.3s [2025-02-28T17:08:12.831Z]
### Progress: 109386/309212 events | Elapsed time: 6306.3s [2025-02-28T17:08:17.832Z]
### Progress: 109469/309212 events | Elapsed time: 6311.4s [2025-02-28T17:08:22.916Z]
### Progress: 109555/309212 events | Elapsed time: 6316.4s [2025-02-28T17:08:27.895Z]
### Progress: 109647/309212 events | Elapsed time: 6321.3s [2025-02-28T17:08:32.852Z]
### Progress: 109732/309212 events | Elapsed time: 6326.3s [2025-02-28T17:08:37.833Z]
### Progress: 109820/309212 events | Elapsed time: 6331.3s [2025-02-28T17:08:42.835Z]
### Progress: 109903/309212 events | Elapsed time: 6336.3s [2025-02-28T17:08:47.835Z]
### Progress: 109989/309212 events | Elapsed time: 6341.4s [2025-02-28T17:08:52.920Z]
### Progress: 110073/309212 events | Elapsed time: 6346.4s [2025-02-28T17:08:57.895Z]
### Progress: 110161/309212 events | Elapsed time: 6351.3s [2025-02-28T17:09:02.850Z]
### Progress: 110249/309212 events | Elapsed time: 6356.3s [2025-02-28T17:09:07.842Z]
### Progress: 110337/309212 events | Elapsed time: 6361.3s [2025-02-28T17:09:12.888Z]
### Progress: 110422/309212 events | Elapsed time: 6366.3s [2025-02-28T17:09:17.842Z]
### Progress: 110502/309212 events | Elapsed time: 6371.4s [2025-02-28T17:09:22.921Z]
### Progress: 110590/309212 events | Elapsed time: 6376.3s [2025-02-28T17:09:27.844Z]
### Progress: 110670/309212 events | Elapsed time: 6381.4s [2025-02-28T17:09:32.957Z]
### Progress: 110755/309212 events | Elapsed time: 6386.3s [2025-02-28T17:09:37.846Z]
### Progress: 110843/309212 events | Elapsed time: 6391.3s [2025-02-28T17:09:42.847Z]
### Progress: 110926/309212 events | Elapsed time: 6396.4s [2025-02-28T17:09:47.895Z]
### Progress: 111013/309212 events | Elapsed time: 6401.4s [2025-02-28T17:09:52.926Z]
### Progress: 111104/309212 events | Elapsed time: 6406.3s [2025-02-28T17:09:57.849Z]
### Progress: 111184/309212 events | Elapsed time: 6411.4s [2025-02-28T17:10:02.960Z]
### Progress: 111272/309212 events | Elapsed time: 6416.3s [2025-02-28T17:10:07.874Z]
### Progress: 111360/309212 events | Elapsed time: 6421.3s [2025-02-28T17:10:12.892Z]
### Progress: 111446/309212 events | Elapsed time: 6426.3s [2025-02-28T17:10:17.854Z]
### Progress: 111530/309212 events | Elapsed time: 6431.4s [2025-02-28T17:10:22.927Z]
### Progress: 111618/309212 events | Elapsed time: 6436.4s [2025-02-28T17:10:27.895Z]
### Progress: 111706/309212 events | Elapsed time: 6441.4s [2025-02-28T17:10:32.962Z]
### Progress: 111794/309212 events | Elapsed time: 6446.3s [2025-02-28T17:10:37.877Z]
### Progress: 111880/309212 events | Elapsed time: 6451.3s [2025-02-28T17:10:42.859Z]
### Progress: 111964/309212 events | Elapsed time: 6456.4s [2025-02-28T17:10:47.895Z]
### Progress: 112052/309212 events | Elapsed time: 6461.3s [2025-02-28T17:10:52.862Z]
### Progress: 112135/309212 events | Elapsed time: 6466.4s [2025-02-28T17:10:57.895Z]
### Progress: 112221/309212 events | Elapsed time: 6471.4s [2025-02-28T17:11:02.966Z]
### Progress: 112313/309212 events | Elapsed time: 6476.3s [2025-02-28T17:11:07.880Z]
### Progress: 112398/309212 events | Elapsed time: 6481.3s [2025-02-28T17:11:12.867Z]
### Progress: 112486/309212 events | Elapsed time: 6486.3s [2025-02-28T17:11:17.867Z]
### Progress: 112574/309212 events | Elapsed time: 6491.3s [2025-02-28T17:11:22.868Z]
### Progress: 112655/309212 events | Elapsed time: 6496.4s [2025-02-28T17:11:27.897Z]
### Progress: 112748/309212 events | Elapsed time: 6501.4s [2025-02-28T17:11:32.970Z]
### Progress: 112832/309212 events | Elapsed time: 6506.3s [2025-02-28T17:11:37.884Z]
### Progress: 112920/309212 events | Elapsed time: 6511.3s [2025-02-28T17:11:42.870Z]
### Progress: 113008/309212 events | Elapsed time: 6516.3s [2025-02-28T17:11:47.870Z]
### Progress: 113089/309212 events | Elapsed time: 6521.4s [2025-02-28T17:11:52.937Z]
### Progress: 113181/309212 events | Elapsed time: 6526.4s [2025-02-28T17:11:57.895Z]
### Progress: 113266/309212 events | Elapsed time: 6531.4s [2025-02-28T17:12:02.972Z]
### Progress: 113354/309212 events | Elapsed time: 6536.3s [2025-02-28T17:12:07.886Z]
### Progress: 113442/309212 events | Elapsed time: 6541.3s [2025-02-28T17:12:12.875Z]
### Progress: 113535/309212 events | Elapsed time: 6546.3s [2025-02-28T17:12:17.876Z]
### Progress: 113616/309212 events | Elapsed time: 6551.4s [2025-02-28T17:12:22.941Z]
### Progress: 113708/309212 events | Elapsed time: 6556.3s [2025-02-28T17:12:27.894Z]
### Progress: 113793/309212 events | Elapsed time: 6561.4s [2025-02-28T17:12:32.977Z]
### Progress: 113886/309212 events | Elapsed time: 6566.3s [2025-02-28T17:12:37.882Z]
### Progress: 113974/309212 events | Elapsed time: 6571.4s [2025-02-28T17:12:42.908Z]
### Progress: 114062/309212 events | Elapsed time: 6576.3s [2025-02-28T17:12:47.882Z]
### Progress: 114143/309212 events | Elapsed time: 6581.4s [2025-02-28T17:12:52.943Z]
### Progress: 114235/309212 events | Elapsed time: 6586.4s [2025-02-28T17:12:57.895Z]
### Progress: 114320/309212 events | Elapsed time: 6591.4s [2025-02-28T17:13:02.979Z]
### Progress: 114408/309212 events | Elapsed time: 6596.4s [2025-02-28T17:13:07.895Z]
### Progress: 114496/309212 events | Elapsed time: 6601.3s [2025-02-28T17:13:12.886Z]
### Progress: 114584/309212 events | Elapsed time: 6606.3s [2025-02-28T17:13:17.888Z]
### Progress: 114669/309212 events | Elapsed time: 6611.4s [2025-02-28T17:13:22.947Z]
### Progress: 114754/309212 events | Elapsed time: 6616.4s [2025-02-28T17:13:27.895Z]
### Progress: 114842/309212 events | Elapsed time: 6621.4s [2025-02-28T17:13:32.982Z]
### Progress: 114930/309212 events | Elapsed time: 6626.4s [2025-02-28T17:13:37.896Z]
### Progress: 115018/309212 events | Elapsed time: 6631.4s [2025-02-28T17:13:42.915Z]
### Progress: 115104/309212 events | Elapsed time: 6636.4s [2025-02-28T17:13:47.896Z]
### Progress: 115196/309212 events | Elapsed time: 6641.4s [2025-02-28T17:13:52.897Z]
### Progress: 115281/309212 events | Elapsed time: 6646.4s [2025-02-28T17:13:57.901Z]
### Progress: 115369/309212 events | Elapsed time: 6651.4s [2025-02-28T17:14:02.986Z]
### Progress: 115457/309212 events | Elapsed time: 6656.4s [2025-02-28T17:14:07.905Z]
### Progress: 115546/309212 events | Elapsed time: 6661.4s [2025-02-28T17:14:12.919Z]
### Progress: 115631/309212 events | Elapsed time: 6666.4s [2025-02-28T17:14:17.904Z]
### Progress: 115723/309212 events | Elapsed time: 6671.4s [2025-02-28T17:14:22.904Z]
### Progress: 115808/309212 events | Elapsed time: 6676.4s [2025-02-28T17:14:27.906Z]
### Progress: 115893/309212 events | Elapsed time: 6681.4s [2025-02-28T17:14:32.991Z]
### Progress: 115979/309212 events | Elapsed time: 6686.4s [2025-02-28T17:14:37.908Z]
### Progress: 116066/309212 events | Elapsed time: 6691.4s [2025-02-28T17:14:42.923Z]
### Progress: 116158/309212 events | Elapsed time: 6696.4s [2025-02-28T17:14:47.908Z]
### Progress: 116242/309212 events | Elapsed time: 6701.4s [2025-02-28T17:14:52.958Z]
### Progress: 116335/309212 events | Elapsed time: 6706.4s [2025-02-28T17:14:57.909Z]
### Progress: 116423/309212 events | Elapsed time: 6711.4s [2025-02-28T17:15:02.992Z]
### Progress: 116511/309212 events | Elapsed time: 6716.4s [2025-02-28T17:15:07.913Z]
### Progress: 116599/309212 events | Elapsed time: 6721.4s [2025-02-28T17:15:12.925Z]
### Progress: 116685/309212 events | Elapsed time: 6726.4s [2025-02-28T17:15:17.914Z]
### Progress: 116777/309212 events | Elapsed time: 6731.4s [2025-02-28T17:15:22.916Z]
### Progress: 116862/309212 events | Elapsed time: 6736.4s [2025-02-28T17:15:27.919Z]
### Progress: 116950/309212 events | Elapsed time: 6741.5s [2025-02-28T17:15:32.996Z]
### Progress: 117038/309212 events | Elapsed time: 6746.4s [2025-02-28T17:15:37.923Z]
### Progress: 117126/309212 events | Elapsed time: 6751.5s [2025-02-28T17:15:43.032Z]
### Progress: 117212/309212 events | Elapsed time: 6756.4s [2025-02-28T17:15:47.924Z]
### Progress: 117304/309212 events | Elapsed time: 6761.4s [2025-02-28T17:15:52.966Z]
### Progress: 117389/309212 events | Elapsed time: 6766.4s [2025-02-28T17:15:57.927Z]
### Progress: 117480/309212 events | Elapsed time: 6771.5s [2025-02-28T17:16:03.002Z]
### Progress: 117569/309212 events | Elapsed time: 6776.4s [2025-02-28T17:16:07.931Z]
### Progress: 117662/309212 events | Elapsed time: 6781.4s [2025-02-28T17:16:12.934Z]
### Progress: 117747/309212 events | Elapsed time: 6786.4s [2025-02-28T17:16:17.933Z]
### Progress: 117836/309212 events | Elapsed time: 6791.4s [2025-02-28T17:16:22.970Z]
### Progress: 117920/309212 events | Elapsed time: 6796.4s [2025-02-28T17:16:27.936Z]
### Progress: 118009/309212 events | Elapsed time: 6801.5s [2025-02-28T17:16:33.004Z]
### Progress: 118097/309212 events | Elapsed time: 6806.4s [2025-02-28T17:16:37.944Z]
### Progress: 118189/309212 events | Elapsed time: 6811.5s [2025-02-28T17:16:43.040Z]
### Progress: 118274/309212 events | Elapsed time: 6816.4s [2025-02-28T17:16:47.940Z]
### Progress: 118361/309212 events | Elapsed time: 6821.4s [2025-02-28T17:16:52.939Z]
### Progress: 118447/309212 events | Elapsed time: 6826.4s [2025-02-28T17:16:57.941Z]
### Progress: 118536/309212 events | Elapsed time: 6831.5s [2025-02-28T17:17:03.008Z]
### Progress: 118624/309212 events | Elapsed time: 6836.4s [2025-02-28T17:17:07.944Z]
### Progress: 118716/309212 events | Elapsed time: 6841.5s [2025-02-28T17:17:13.043Z]
### Progress: 118802/309212 events | Elapsed time: 6846.4s [2025-02-28T17:17:17.946Z]
### Progress: 118891/309212 events | Elapsed time: 6851.4s [2025-02-28T17:17:22.978Z]
### Progress: 118981/309212 events | Elapsed time: 6856.4s [2025-02-28T17:17:27.945Z]
### Progress: 119063/309212 events | Elapsed time: 6861.5s [2025-02-28T17:17:33.011Z]
### Progress: 119151/309212 events | Elapsed time: 6866.4s [2025-02-28T17:17:37.947Z]
### Progress: 119243/309212 events | Elapsed time: 6871.5s [2025-02-28T17:17:43.046Z]
### Progress: 119328/309212 events | Elapsed time: 6876.4s [2025-02-28T17:17:47.947Z]
### Progress: 119415/309212 events | Elapsed time: 6881.4s [2025-02-28T17:17:52.980Z]
### Progress: 119508/309212 events | Elapsed time: 6886.4s [2025-02-28T17:17:57.947Z]
### Progress: 119619/309212 events | Elapsed time: 6891.4s [2025-02-28T17:18:02.946Z]
### Progress: 119727/309212 events | Elapsed time: 6896.4s [2025-02-28T17:18:07.949Z]
### Progress: 119832/309212 events | Elapsed time: 6901.4s [2025-02-28T17:18:12.949Z]
### Progress: 119944/309212 events | Elapsed time: 6906.4s [2025-02-28T17:18:17.949Z]
### Progress: 120052/309212 events | Elapsed time: 6911.4s [2025-02-28T17:18:22.948Z]
### Progress: 120164/309212 events | Elapsed time: 6916.4s [2025-02-28T17:18:27.951Z]
### Progress: 120273/309212 events | Elapsed time: 6921.4s [2025-02-28T17:18:32.951Z]
### Progress: 120384/309212 events | Elapsed time: 6926.4s [2025-02-28T17:18:37.949Z]
### Progress: 120492/309212 events | Elapsed time: 6931.4s [2025-02-28T17:18:42.969Z]
### Progress: 120603/309212 events | Elapsed time: 6936.4s [2025-02-28T17:18:47.952Z]
### Progress: 120710/309212 events | Elapsed time: 6941.4s [2025-02-28T17:18:52.952Z]
### Progress: 120820/309212 events | Elapsed time: 6946.4s [2025-02-28T17:18:57.952Z]
### Progress: 120931/309212 events | Elapsed time: 6951.4s [2025-02-28T17:19:02.954Z]
### Progress: 121040/309212 events | Elapsed time: 6956.4s [2025-02-28T17:19:07.954Z]
### Progress: 121149/309212 events | Elapsed time: 6961.4s [2025-02-28T17:19:12.955Z]
### Progress: 121260/309212 events | Elapsed time: 6966.4s [2025-02-28T17:19:17.957Z]
### Progress: 121368/309212 events | Elapsed time: 6971.4s [2025-02-28T17:19:22.959Z]
### Progress: 121477/309212 events | Elapsed time: 6976.4s [2025-02-28T17:19:27.958Z]
### Progress: 121590/309212 events | Elapsed time: 6981.4s [2025-02-28T17:19:32.957Z]
### Progress: 121683/309212 events | Elapsed time: 6986.4s [2025-02-28T17:19:37.960Z]
### Progress: 121781/309212 events | Elapsed time: 6991.4s [2025-02-28T17:19:42.961Z]
### Progress: 121860/309212 events | Elapsed time: 6996.4s [2025-02-28T17:19:47.961Z]
### Progress: 121953/309212 events | Elapsed time: 7001.4s [2025-02-28T17:19:52.963Z]
### Progress: 122040/309212 events | Elapsed time: 7006.4s [2025-02-28T17:19:57.963Z]
### Progress: 122132/309212 events | Elapsed time: 7011.5s [2025-02-28T17:20:03.032Z]
### Progress: 122219/309212 events | Elapsed time: 7016.4s [2025-02-28T17:20:07.965Z]
### Progress: 122308/309212 events | Elapsed time: 7021.5s [2025-02-28T17:20:13.065Z]
### Progress: 122396/309212 events | Elapsed time: 7026.4s [2025-02-28T17:20:17.967Z]
### Progress: 122489/309212 events | Elapsed time: 7031.5s [2025-02-28T17:20:23.000Z]
### Progress: 122567/309212 events | Elapsed time: 7036.4s [2025-02-28T17:20:27.969Z]
### Progress: 122660/309212 events | Elapsed time: 7041.5s [2025-02-28T17:20:33.035Z]
### Progress: 122749/309212 events | Elapsed time: 7046.4s [2025-02-28T17:20:37.972Z]
### Progress: 122839/309212 events | Elapsed time: 7051.4s [2025-02-28T17:20:42.971Z]
### Progress: 122924/309212 events | Elapsed time: 7056.4s [2025-02-28T17:20:47.974Z]
### Progress: 123016/309212 events | Elapsed time: 7061.4s [2025-02-28T17:20:52.973Z]
### Progress: 123109/309212 events | Elapsed time: 7066.4s [2025-02-28T17:20:57.974Z]
### Progress: 123187/309212 events | Elapsed time: 7071.5s [2025-02-28T17:21:03.038Z]
### Progress: 123276/309212 events | Elapsed time: 7076.4s [2025-02-28T17:21:07.978Z]
### Progress: 123365/309212 events | Elapsed time: 7081.5s [2025-02-28T17:21:13.075Z]
### Progress: 123453/309212 events | Elapsed time: 7086.4s [2025-02-28T17:21:17.979Z]
### Progress: 123543/309212 events | Elapsed time: 7091.5s [2025-02-28T17:21:23.007Z]
### Progress: 123627/309212 events | Elapsed time: 7096.4s [2025-02-28T17:21:27.977Z]
### Progress: 123711/309212 events | Elapsed time: 7101.5s [2025-02-28T17:21:33.041Z]
### Progress: 123800/309212 events | Elapsed time: 7106.4s [2025-02-28T17:21:37.982Z]
### Progress: 123892/309212 events | Elapsed time: 7111.5s [2025-02-28T17:21:43.078Z]
### Progress: 123977/309212 events | Elapsed time: 7116.4s [2025-02-28T17:21:47.986Z]
### Progress: 124061/309212 events | Elapsed time: 7121.5s [2025-02-28T17:21:53.009Z]
### Progress: 124149/309212 events | Elapsed time: 7126.4s [2025-02-28T17:21:57.988Z]
### Progress: 124238/309212 events | Elapsed time: 7131.5s [2025-02-28T17:22:03.045Z]
### Progress: 124328/309212 events | Elapsed time: 7136.4s [2025-02-28T17:22:07.990Z]
### Progress: 124420/309212 events | Elapsed time: 7141.4s [2025-02-28T17:22:12.990Z]
### Progress: 124504/309212 events | Elapsed time: 7146.4s [2025-02-28T17:22:17.991Z]
### Progress: 124588/309212 events | Elapsed time: 7151.9s [2025-02-28T17:22:23.428Z]
### Progress: 124668/309212 events | Elapsed time: 7156.4s [2025-02-28T17:22:27.991Z]
### Progress: 124757/309212 events | Elapsed time: 7161.5s [2025-02-28T17:22:33.052Z]
### Progress: 124836/309212 events | Elapsed time: 7166.4s [2025-02-28T17:22:37.992Z]
### Progress: 124929/309212 events | Elapsed time: 7171.4s [2025-02-28T17:22:42.990Z]
### Progress: 125014/309212 events | Elapsed time: 7176.4s [2025-02-28T17:22:47.994Z]
### Progress: 125103/309212 events | Elapsed time: 7181.5s [2025-02-28T17:22:53.019Z]
### Progress: 125195/309212 events | Elapsed time: 7186.5s [2025-02-28T17:22:57.998Z]
### Progress: 125281/309212 events | Elapsed time: 7191.5s [2025-02-28T17:23:03.054Z]
### Progress: 125363/309212 events | Elapsed time: 7196.5s [2025-02-28T17:23:08.072Z]
### Progress: 125450/309212 events | Elapsed time: 7201.5s [2025-02-28T17:23:13.001Z]
### Progress: 125540/309212 events | Elapsed time: 7206.5s [2025-02-28T17:23:18.003Z]
### Progress: 125625/309212 events | Elapsed time: 7211.5s [2025-02-28T17:23:23.022Z]
### Progress: 125715/309212 events | Elapsed time: 7216.5s [2025-02-28T17:23:28.040Z]
### Progress: 125797/309212 events | Elapsed time: 7221.5s [2025-02-28T17:23:33.057Z]
### Progress: 125884/309212 events | Elapsed time: 7226.5s [2025-02-28T17:23:38.075Z]
### Progress: 125974/309212 events | Elapsed time: 7231.5s [2025-02-28T17:23:43.004Z]
### Progress: 126063/309212 events | Elapsed time: 7236.5s [2025-02-28T17:23:48.005Z]
### Progress: 126148/309212 events | Elapsed time: 7241.5s [2025-02-28T17:23:53.027Z]
### Progress: 126231/309212 events | Elapsed time: 7246.5s [2025-02-28T17:23:58.006Z]
### Progress: 126318/309212 events | Elapsed time: 7251.5s [2025-02-28T17:24:03.062Z]
### Progress: 126409/309212 events | Elapsed time: 7256.5s [2025-02-28T17:24:08.081Z]
### Progress: 126497/309212 events | Elapsed time: 7261.6s [2025-02-28T17:24:13.106Z]
### Progress: 126586/309212 events | Elapsed time: 7266.5s [2025-02-28T17:24:18.012Z]
### Progress: 126665/309212 events | Elapsed time: 7271.5s [2025-02-28T17:24:23.031Z]
### Progress: 126752/309212 events | Elapsed time: 7276.5s [2025-02-28T17:24:28.016Z]
### Progress: 126842/309212 events | Elapsed time: 7281.5s [2025-02-28T17:24:33.066Z]
### Progress: 126931/309212 events | Elapsed time: 7286.5s [2025-02-28T17:24:38.083Z]
### Progress: 127015/309212 events | Elapsed time: 7291.6s [2025-02-28T17:24:43.101Z]
### Progress: 127099/309212 events | Elapsed time: 7296.5s [2025-02-28T17:24:48.017Z]
### Progress: 127186/309212 events | Elapsed time: 7301.5s [2025-02-28T17:24:53.033Z]
### Progress: 127278/309212 events | Elapsed time: 7306.5s [2025-02-28T17:24:58.053Z]
### Progress: 127365/309212 events | Elapsed time: 7311.5s [2025-02-28T17:25:03.025Z]
### Progress: 127453/309212 events | Elapsed time: 7316.5s [2025-02-28T17:25:08.088Z]
### Progress: 127533/309212 events | Elapsed time: 7321.5s [2025-02-28T17:25:13.021Z]
### Progress: 127617/309212 events | Elapsed time: 7326.6s [2025-02-28T17:25:18.123Z]
### Progress: 127706/309212 events | Elapsed time: 7331.5s [2025-02-28T17:25:23.040Z]
### Progress: 127795/309212 events | Elapsed time: 7336.5s [2025-02-28T17:25:28.023Z]
### Progress: 127883/309212 events | Elapsed time: 7341.5s [2025-02-28T17:25:33.075Z]
### Progress: 127965/309212 events | Elapsed time: 7346.5s [2025-02-28T17:25:38.030Z]
### Progress: 128051/309212 events | Elapsed time: 7351.6s [2025-02-28T17:25:43.116Z]
### Progress: 128140/309212 events | Elapsed time: 7356.5s [2025-02-28T17:25:48.025Z]
### Progress: 128229/309212 events | Elapsed time: 7361.5s [2025-02-28T17:25:53.044Z]
### Progress: 128308/309212 events | Elapsed time: 7366.5s [2025-02-28T17:25:58.027Z]
### Progress: 128395/309212 events | Elapsed time: 7371.5s [2025-02-28T17:26:03.027Z]
### Progress: 128482/309212 events | Elapsed time: 7376.6s [2025-02-28T17:26:08.097Z]
### Progress: 128570/309212 events | Elapsed time: 7381.5s [2025-02-28T17:26:13.030Z]
### Progress: 128654/309212 events | Elapsed time: 7386.6s [2025-02-28T17:26:18.133Z]
### Progress: 128736/309212 events | Elapsed time: 7391.5s [2025-02-28T17:26:23.046Z]
### Progress: 128827/309212 events | Elapsed time: 7396.5s [2025-02-28T17:26:28.065Z]
### Progress: 128919/309212 events | Elapsed time: 7401.5s [2025-02-28T17:26:33.085Z]
### Progress: 129004/309212 events | Elapsed time: 7406.5s [2025-02-28T17:26:38.037Z]
### Progress: 129092/309212 events | Elapsed time: 7411.5s [2025-02-28T17:26:43.037Z]
### Progress: 129172/309212 events | Elapsed time: 7416.6s [2025-02-28T17:26:48.137Z]
### Progress: 129260/309212 events | Elapsed time: 7421.5s [2025-02-28T17:26:53.054Z]
### Progress: 129349/309212 events | Elapsed time: 7426.5s [2025-02-28T17:26:58.037Z]
### Progress: 129438/309212 events | Elapsed time: 7431.5s [2025-02-28T17:27:03.090Z]
### Progress: 129517/309212 events | Elapsed time: 7436.5s [2025-02-28T17:27:08.040Z]
### Progress: 129604/309212 events | Elapsed time: 7441.5s [2025-02-28T17:27:13.041Z]
### Progress: 129693/309212 events | Elapsed time: 7446.6s [2025-02-28T17:27:18.142Z]
### Progress: 129779/309212 events | Elapsed time: 7451.5s [2025-02-28T17:27:23.055Z]
### Progress: 129872/309212 events | Elapsed time: 7456.5s [2025-02-28T17:27:28.075Z]
### Progress: 129951/309212 events | Elapsed time: 7461.5s [2025-02-28T17:27:33.092Z]
### Progress: 130038/309212 events | Elapsed time: 7466.5s [2025-02-28T17:27:38.045Z]
### Progress: 130128/309212 events | Elapsed time: 7471.5s [2025-02-28T17:27:43.045Z]
### Progress: 130213/309212 events | Elapsed time: 7476.6s [2025-02-28T17:27:48.145Z]
### Progress: 130301/309212 events | Elapsed time: 7481.5s [2025-02-28T17:27:53.073Z]
### Progress: 130380/309212 events | Elapsed time: 7486.5s [2025-02-28T17:27:58.082Z]
### Progress: 130469/309212 events | Elapsed time: 7491.5s [2025-02-28T17:28:03.052Z]
### Progress: 130558/309212 events | Elapsed time: 7496.5s [2025-02-28T17:28:08.049Z]
### Progress: 130642/309212 events | Elapsed time: 7501.6s [2025-02-28T17:28:13.133Z]
### Progress: 130726/309212 events | Elapsed time: 7506.6s [2025-02-28T17:28:18.152Z]
### Progress: 130813/309212 events | Elapsed time: 7511.5s [2025-02-28T17:28:23.068Z]
### Progress: 130902/309212 events | Elapsed time: 7516.5s [2025-02-28T17:28:28.085Z]
### Progress: 130988/309212 events | Elapsed time: 7521.5s [2025-02-28T17:28:33.055Z]
### Progress: 131076/309212 events | Elapsed time: 7526.6s [2025-02-28T17:28:38.120Z]
### Progress: 131160/309212 events | Elapsed time: 7531.6s [2025-02-28T17:28:43.137Z]
### Progress: 131247/309212 events | Elapsed time: 7536.5s [2025-02-28T17:28:48.057Z]
### Progress: 131337/309212 events | Elapsed time: 7541.5s [2025-02-28T17:28:53.073Z]
### Progress: 131422/309212 events | Elapsed time: 7546.5s [2025-02-28T17:28:58.062Z]
### Progress: 131510/309212 events | Elapsed time: 7551.5s [2025-02-28T17:29:03.060Z]
### Progress: 131594/309212 events | Elapsed time: 7556.6s [2025-02-28T17:29:08.126Z]
### Progress: 131678/309212 events | Elapsed time: 7561.5s [2025-02-28T17:29:13.062Z]
### Progress: 131767/309212 events | Elapsed time: 7566.5s [2025-02-28T17:29:18.063Z]
### Progress: 131856/309212 events | Elapsed time: 7571.5s [2025-02-28T17:29:23.075Z]
### Progress: 131944/309212 events | Elapsed time: 7576.5s [2025-02-28T17:29:28.066Z]
### Progress: 132028/309212 events | Elapsed time: 7581.5s [2025-02-28T17:29:33.066Z]
### Progress: 132115/309212 events | Elapsed time: 7586.6s [2025-02-28T17:29:38.129Z]
### Progress: 132201/309212 events | Elapsed time: 7591.5s [2025-02-28T17:29:43.065Z]
### Progress: 132290/309212 events | Elapsed time: 7596.5s [2025-02-28T17:29:48.067Z]
### Progress: 132378/309212 events | Elapsed time: 7601.5s [2025-02-28T17:29:53.082Z]
### Progress: 132456/309212 events | Elapsed time: 7606.5s [2025-02-28T17:29:58.071Z]
### Progress: 132548/309212 events | Elapsed time: 7611.6s [2025-02-28T17:30:03.115Z]
### Progress: 132635/309212 events | Elapsed time: 7616.5s [2025-02-28T17:30:08.073Z]
### Progress: 132724/309212 events | Elapsed time: 7621.5s [2025-02-28T17:30:13.074Z]
### Progress: 132812/309212 events | Elapsed time: 7626.5s [2025-02-28T17:30:18.073Z]
### Progress: 132895/309212 events | Elapsed time: 7631.5s [2025-02-28T17:30:23.084Z]
### Progress: 132980/309212 events | Elapsed time: 7636.5s [2025-02-28T17:30:28.076Z]
### Progress: 133069/309212 events | Elapsed time: 7641.5s [2025-02-28T17:30:33.077Z]
### Progress: 133158/309212 events | Elapsed time: 7646.6s [2025-02-28T17:30:38.138Z]
### Progress: 133237/309212 events | Elapsed time: 7651.5s [2025-02-28T17:30:43.078Z]
### Progress: 133324/309212 events | Elapsed time: 7656.5s [2025-02-28T17:30:48.077Z]
### Progress: 133411/309212 events | Elapsed time: 7661.5s [2025-02-28T17:30:53.089Z]
### Progress: 133499/309212 events | Elapsed time: 7666.6s [2025-02-28T17:30:58.105Z]
### Progress: 133588/309212 events | Elapsed time: 7671.6s [2025-02-28T17:31:03.126Z]
### Progress: 133671/309212 events | Elapsed time: 7676.5s [2025-02-28T17:31:08.081Z]
### Progress: 133758/309212 events | Elapsed time: 7681.5s [2025-02-28T17:31:13.081Z]
### Progress: 133848/309212 events | Elapsed time: 7686.5s [2025-02-28T17:31:18.081Z]
### Progress: 133934/309212 events | Elapsed time: 7691.5s [2025-02-28T17:31:23.093Z]
### Progress: 134021/309212 events | Elapsed time: 7696.5s [2025-02-28T17:31:28.085Z]
### Progress: 134105/309212 events | Elapsed time: 7701.5s [2025-02-28T17:31:33.084Z]
### Progress: 134189/309212 events | Elapsed time: 7706.6s [2025-02-28T17:31:38.145Z]
### Progress: 134278/309212 events | Elapsed time: 7711.5s [2025-02-28T17:31:43.086Z]
### Progress: 134363/309212 events | Elapsed time: 7716.6s [2025-02-28T17:31:48.181Z]
### Progress: 134446/309212 events | Elapsed time: 7721.6s [2025-02-28T17:31:53.098Z]
### Progress: 134530/309212 events | Elapsed time: 7726.5s [2025-02-28T17:31:58.088Z]
### Progress: 134619/309212 events | Elapsed time: 7731.5s [2025-02-28T17:32:03.088Z]
### Progress: 134703/309212 events | Elapsed time: 7736.6s [2025-02-28T17:32:08.149Z]
### Progress: 134787/309212 events | Elapsed time: 7741.5s [2025-02-28T17:32:13.090Z]
### Progress: 134874/309212 events | Elapsed time: 7746.5s [2025-02-28T17:32:18.089Z]
### Progress: 134960/309212 events | Elapsed time: 7751.7s [2025-02-28T17:32:23.202Z]
### Progress: 135049/309212 events | Elapsed time: 7756.5s [2025-02-28T17:32:28.092Z]
### Progress: 135137/309212 events | Elapsed time: 7761.5s [2025-02-28T17:32:33.093Z]
### Progress: 135221/309212 events | Elapsed time: 7766.5s [2025-02-28T17:32:38.093Z]
### Progress: 135308/309212 events | Elapsed time: 7771.6s [2025-02-28T17:32:43.095Z]
### Progress: 135398/309212 events | Elapsed time: 7776.6s [2025-02-28T17:32:48.096Z]
### Progress: 135486/309212 events | Elapsed time: 7781.6s [2025-02-28T17:32:53.106Z]
### Progress: 135576/309212 events | Elapsed time: 7786.6s [2025-02-28T17:32:58.098Z]
### Progress: 135664/309212 events | Elapsed time: 7791.6s [2025-02-28T17:33:03.098Z]
### Progress: 135757/309212 events | Elapsed time: 7796.6s [2025-02-28T17:33:08.099Z]
### Progress: 135841/309212 events | Elapsed time: 7801.6s [2025-02-28T17:33:13.102Z]
### Progress: 135926/309212 events | Elapsed time: 7806.6s [2025-02-28T17:33:18.195Z]
### Progress: 136011/309212 events | Elapsed time: 7811.6s [2025-02-28T17:33:23.112Z]
### Progress: 136096/309212 events | Elapsed time: 7816.6s [2025-02-28T17:33:28.129Z]
### Progress: 136182/309212 events | Elapsed time: 7821.6s [2025-02-28T17:33:33.106Z]
### Progress: 136267/309212 events | Elapsed time: 7826.6s [2025-02-28T17:33:38.163Z]
### Progress: 136358/309212 events | Elapsed time: 7831.6s [2025-02-28T17:33:43.180Z]
### Progress: 136448/309212 events | Elapsed time: 7836.7s [2025-02-28T17:33:48.198Z]
### Progress: 136535/309212 events | Elapsed time: 7841.7s [2025-02-28T17:33:53.216Z]
### Progress: 136608/309212 events | Elapsed time: 7846.6s [2025-02-28T17:33:58.131Z]
### Progress: 136699/309212 events | Elapsed time: 7851.6s [2025-02-28T17:34:03.112Z]
### Progress: 136789/309212 events | Elapsed time: 7856.6s [2025-02-28T17:34:08.112Z]
### Progress: 136876/309212 events | Elapsed time: 7861.6s [2025-02-28T17:34:13.120Z]
### Progress: 136957/309212 events | Elapsed time: 7866.7s [2025-02-28T17:34:18.202Z]
### Progress: 137042/309212 events | Elapsed time: 7871.6s [2025-02-28T17:34:23.120Z]
### Progress: 137130/309212 events | Elapsed time: 7876.6s [2025-02-28T17:34:28.135Z]
### Progress: 137217/309212 events | Elapsed time: 7881.6s [2025-02-28T17:34:33.118Z]
### Progress: 137310/309212 events | Elapsed time: 7886.6s [2025-02-28T17:34:38.119Z]
### Progress: 137391/309212 events | Elapsed time: 7891.6s [2025-02-28T17:34:43.189Z]
### Progress: 137484/309212 events | Elapsed time: 7896.6s [2025-02-28T17:34:48.121Z]
### Progress: 137567/309212 events | Elapsed time: 7901.7s [2025-02-28T17:34:53.225Z]
### Progress: 137657/309212 events | Elapsed time: 7906.6s [2025-02-28T17:34:58.139Z]
### Progress: 137744/309212 events | Elapsed time: 7911.6s [2025-02-28T17:35:03.157Z]
### Progress: 137832/309212 events | Elapsed time: 7916.6s [2025-02-28T17:35:08.124Z]
### Progress: 137910/309212 events | Elapsed time: 7921.6s [2025-02-28T17:35:13.193Z]
### Progress: 138001/309212 events | Elapsed time: 7926.6s [2025-02-28T17:35:18.126Z]
### Progress: 138085/309212 events | Elapsed time: 7931.7s [2025-02-28T17:35:23.229Z]
### Progress: 138173/309212 events | Elapsed time: 7936.6s [2025-02-28T17:35:28.133Z]
### Progress: 138259/309212 events | Elapsed time: 7941.6s [2025-02-28T17:35:33.129Z]
### Progress: 138344/309212 events | Elapsed time: 7946.6s [2025-02-28T17:35:38.130Z]
### Progress: 138432/309212 events | Elapsed time: 7951.7s [2025-02-28T17:35:43.198Z]
### Progress: 138519/309212 events | Elapsed time: 7956.7s [2025-02-28T17:35:48.214Z]
### Progress: 138607/309212 events | Elapsed time: 7961.6s [2025-02-28T17:35:53.130Z]
### Progress: 138693/309212 events | Elapsed time: 7966.6s [2025-02-28T17:35:58.148Z]
### Progress: 138776/309212 events | Elapsed time: 7971.6s [2025-02-28T17:36:03.163Z]
### Progress: 138869/309212 events | Elapsed time: 7976.6s [2025-02-28T17:36:08.133Z]
### Progress: 138953/309212 events | Elapsed time: 7981.7s [2025-02-28T17:36:13.207Z]
### Progress: 139041/309212 events | Elapsed time: 7986.7s [2025-02-28T17:36:18.215Z]
### Progress: 139127/309212 events | Elapsed time: 7991.6s [2025-02-28T17:36:23.136Z]
### Progress: 139212/309212 events | Elapsed time: 7996.6s [2025-02-28T17:36:28.150Z]
### Progress: 139300/309212 events | Elapsed time: 8001.6s [2025-02-28T17:36:33.138Z]
### Progress: 139387/309212 events | Elapsed time: 8006.6s [2025-02-28T17:36:38.137Z]
### Progress: 139468/309212 events | Elapsed time: 8011.7s [2025-02-28T17:36:43.202Z]
### Progress: 139553/309212 events | Elapsed time: 8016.6s [2025-02-28T17:36:48.138Z]
### Progress: 139641/309212 events | Elapsed time: 8021.7s [2025-02-28T17:36:53.236Z]
### Progress: 139728/309212 events | Elapsed time: 8026.6s [2025-02-28T17:36:58.141Z]
### Progress: 139816/309212 events | Elapsed time: 8031.6s [2025-02-28T17:37:03.140Z]
### Progress: 139902/309212 events | Elapsed time: 8036.6s [2025-02-28T17:37:08.140Z]
### Progress: 139985/309212 events | Elapsed time: 8041.7s [2025-02-28T17:37:13.202Z]
### Progress: 140075/309212 events | Elapsed time: 8046.6s [2025-02-28T17:37:18.142Z]
### Progress: 140157/309212 events | Elapsed time: 8051.7s [2025-02-28T17:37:23.239Z]
### Progress: 140243/309212 events | Elapsed time: 8056.6s [2025-02-28T17:37:28.154Z]
### Progress: 140326/309212 events | Elapsed time: 8061.6s [2025-02-28T17:37:33.169Z]
### Progress: 140416/309212 events | Elapsed time: 8066.6s [2025-02-28T17:37:38.144Z]
### Progress: 140498/309212 events | Elapsed time: 8071.7s [2025-02-28T17:37:43.204Z]
### Progress: 140584/309212 events | Elapsed time: 8076.6s [2025-02-28T17:37:48.146Z]
### Progress: 140667/309212 events | Elapsed time: 8081.7s [2025-02-28T17:37:53.239Z]
### Progress: 140757/309212 events | Elapsed time: 8086.6s [2025-02-28T17:37:58.147Z]
### Progress: 140844/309212 events | Elapsed time: 8091.6s [2025-02-28T17:38:03.171Z]
### Progress: 140932/309212 events | Elapsed time: 8096.6s [2025-02-28T17:38:08.148Z]
### Progress: 141018/309212 events | Elapsed time: 8101.7s [2025-02-28T17:38:13.209Z]
### Progress: 141101/309212 events | Elapsed time: 8106.7s [2025-02-28T17:38:18.224Z]
### Progress: 141191/309212 events | Elapsed time: 8111.6s [2025-02-28T17:38:23.150Z]
### Progress: 141273/309212 events | Elapsed time: 8116.6s [2025-02-28T17:38:28.153Z]
### Progress: 141359/309212 events | Elapsed time: 8121.6s [2025-02-28T17:38:33.173Z]
### Progress: 141444/309212 events | Elapsed time: 8126.6s [2025-02-28T17:38:38.152Z]
### Progress: 141535/309212 events | Elapsed time: 8131.6s [2025-02-28T17:38:43.155Z]
### Progress: 141625/309212 events | Elapsed time: 8136.6s [2025-02-28T17:38:48.190Z]
### Progress: 141707/309212 events | Elapsed time: 8141.7s [2025-02-28T17:38:53.244Z]
### Progress: 141793/309212 events | Elapsed time: 8146.6s [2025-02-28T17:38:58.158Z]
### Progress: 141878/309212 events | Elapsed time: 8151.6s [2025-02-28T17:39:03.176Z]
### Progress: 141971/309212 events | Elapsed time: 8156.6s [2025-02-28T17:39:08.195Z]
### Progress: 142059/309212 events | Elapsed time: 8161.6s [2025-02-28T17:39:13.160Z]
### Progress: 142141/309212 events | Elapsed time: 8166.7s [2025-02-28T17:39:18.229Z]
### Progress: 142227/309212 events | Elapsed time: 8171.6s [2025-02-28T17:39:23.161Z]
### Progress: 142312/309212 events | Elapsed time: 8176.6s [2025-02-28T17:39:28.164Z]
### Progress: 142405/309212 events | Elapsed time: 8181.6s [2025-02-28T17:39:33.180Z]
### Progress: 142493/309212 events | Elapsed time: 8186.6s [2025-02-28T17:39:38.162Z]
### Progress: 142585/309212 events | Elapsed time: 8191.8s [2025-02-28T17:39:43.317Z]
### Progress: 142661/309212 events | Elapsed time: 8196.6s [2025-02-28T17:39:48.166Z]
### Progress: 142744/309212 events | Elapsed time: 8201.7s [2025-02-28T17:39:53.248Z]
### Progress: 142837/309212 events | Elapsed time: 8206.6s [2025-02-28T17:39:58.167Z]
### Progress: 142927/309212 events | Elapsed time: 8211.6s [2025-02-28T17:40:03.181Z]
### Progress: 143014/309212 events | Elapsed time: 8216.6s [2025-02-28T17:40:08.168Z]
### Progress: 143102/309212 events | Elapsed time: 8221.6s [2025-02-28T17:40:13.171Z]
### Progress: 143180/309212 events | Elapsed time: 8226.6s [2025-02-28T17:40:18.171Z]
### Progress: 143271/309212 events | Elapsed time: 8231.7s [2025-02-28T17:40:23.251Z]
### Progress: 143361/309212 events | Elapsed time: 8236.6s [2025-02-28T17:40:28.172Z]
### Progress: 143449/309212 events | Elapsed time: 8241.6s [2025-02-28T17:40:33.184Z]
### Progress: 143536/309212 events | Elapsed time: 8246.6s [2025-02-28T17:40:38.172Z]
### Progress: 143622/309212 events | Elapsed time: 8251.6s [2025-02-28T17:40:43.174Z]
### Progress: 143705/309212 events | Elapsed time: 8256.6s [2025-02-28T17:40:48.174Z]
### Progress: 143795/309212 events | Elapsed time: 8261.7s [2025-02-28T17:40:53.256Z]
### Progress: 143882/309212 events | Elapsed time: 8266.6s [2025-02-28T17:40:58.178Z]
### Progress: 143970/309212 events | Elapsed time: 8271.7s [2025-02-28T17:41:03.290Z]
### Progress: 144056/309212 events | Elapsed time: 8276.6s [2025-02-28T17:41:08.178Z]
### Progress: 144141/309212 events | Elapsed time: 8281.6s [2025-02-28T17:41:13.178Z]
### Progress: 144232/309212 events | Elapsed time: 8286.6s [2025-02-28T17:41:18.179Z]
### Progress: 144316/309212 events | Elapsed time: 8291.7s [2025-02-28T17:41:23.258Z]
### Progress: 144404/309212 events | Elapsed time: 8296.6s [2025-02-28T17:41:28.184Z]
### Progress: 144490/309212 events | Elapsed time: 8301.7s [2025-02-28T17:41:33.293Z]
### Progress: 144575/309212 events | Elapsed time: 8306.6s [2025-02-28T17:41:38.182Z]
### Progress: 144666/309212 events | Elapsed time: 8311.6s [2025-02-28T17:41:43.182Z]
### Progress: 144750/309212 events | Elapsed time: 8316.6s [2025-02-28T17:41:48.183Z]
### Progress: 144838/309212 events | Elapsed time: 8321.7s [2025-02-28T17:41:53.259Z]
### Progress: 144924/309212 events | Elapsed time: 8326.6s [2025-02-28T17:41:58.187Z]
### Progress: 145010/309212 events | Elapsed time: 8331.6s [2025-02-28T17:42:03.192Z]
### Progress: 145100/309212 events | Elapsed time: 8336.6s [2025-02-28T17:42:08.187Z]
### Progress: 145190/309212 events | Elapsed time: 8341.6s [2025-02-28T17:42:13.188Z]
### Progress: 145272/309212 events | Elapsed time: 8346.6s [2025-02-28T17:42:18.193Z]
### Progress: 145358/309212 events | Elapsed time: 8351.7s [2025-02-28T17:42:23.263Z]
### Progress: 145443/309212 events | Elapsed time: 8356.6s [2025-02-28T17:42:28.191Z]
### Progress: 145534/309212 events | Elapsed time: 8361.8s [2025-02-28T17:42:33.298Z]
### Progress: 145624/309212 events | Elapsed time: 8366.6s [2025-02-28T17:42:38.192Z]
### Progress: 145711/309212 events | Elapsed time: 8371.7s [2025-02-28T17:42:43.236Z]
### Progress: 145792/309212 events | Elapsed time: 8376.6s [2025-02-28T17:42:48.194Z]
### Progress: 145877/309212 events | Elapsed time: 8381.7s [2025-02-28T17:42:53.266Z]
### Progress: 145970/309212 events | Elapsed time: 8386.7s [2025-02-28T17:42:58.198Z]
### Progress: 146061/309212 events | Elapsed time: 8391.7s [2025-02-28T17:43:03.200Z]
### Progress: 146151/309212 events | Elapsed time: 8396.7s [2025-02-28T17:43:08.200Z]
### Progress: 146238/309212 events | Elapsed time: 8401.7s [2025-02-28T17:43:13.201Z]
### Progress: 146326/309212 events | Elapsed time: 8406.7s [2025-02-28T17:43:18.201Z]
### Progress: 146408/309212 events | Elapsed time: 8411.7s [2025-02-28T17:43:23.269Z]
### Progress: 146495/309212 events | Elapsed time: 8416.7s [2025-02-28T17:43:28.204Z]
### Progress: 146584/309212 events | Elapsed time: 8421.8s [2025-02-28T17:43:33.302Z]
### Progress: 146671/309212 events | Elapsed time: 8426.7s [2025-02-28T17:43:38.204Z]
### Progress: 146759/309212 events | Elapsed time: 8431.7s [2025-02-28T17:43:43.239Z]
### Progress: 146838/309212 events | Elapsed time: 8436.7s [2025-02-28T17:43:48.204Z]
### Progress: 146929/309212 events | Elapsed time: 8441.7s [2025-02-28T17:43:53.271Z]
### Progress: 147018/309212 events | Elapsed time: 8446.7s [2025-02-28T17:43:58.210Z]
### Progress: 147105/309212 events | Elapsed time: 8451.8s [2025-02-28T17:44:03.307Z]
### Progress: 147193/309212 events | Elapsed time: 8456.7s [2025-02-28T17:44:08.210Z]
### Progress: 147279/309212 events | Elapsed time: 8461.7s [2025-02-28T17:44:13.212Z]
### Progress: 147365/309212 events | Elapsed time: 8466.7s [2025-02-28T17:44:18.210Z]
### Progress: 147458/309212 events | Elapsed time: 8471.7s [2025-02-28T17:44:23.276Z]
### Progress: 147545/309212 events | Elapsed time: 8476.7s [2025-02-28T17:44:28.212Z]
### Progress: 147632/309212 events | Elapsed time: 8481.8s [2025-02-28T17:44:33.309Z]
### Progress: 147720/309212 events | Elapsed time: 8486.7s [2025-02-28T17:44:38.212Z]
### Progress: 147802/309212 events | Elapsed time: 8491.7s [2025-02-28T17:44:43.243Z]
### Progress: 147880/309212 events | Elapsed time: 8496.7s [2025-02-28T17:44:48.259Z]
### Progress: 147968/309212 events | Elapsed time: 8501.7s [2025-02-28T17:44:53.215Z]
### Progress: 148054/309212 events | Elapsed time: 8506.7s [2025-02-28T17:44:58.216Z]
### Progress: 148140/309212 events | Elapsed time: 8511.8s [2025-02-28T17:45:03.312Z]
### Progress: 148231/309212 events | Elapsed time: 8516.7s [2025-02-28T17:45:08.217Z]
### Progress: 148323/309212 events | Elapsed time: 8521.7s [2025-02-28T17:45:13.246Z]
### Progress: 148408/309212 events | Elapsed time: 8526.7s [2025-02-28T17:45:18.219Z]
### Progress: 148500/309212 events | Elapsed time: 8531.7s [2025-02-28T17:45:23.281Z]
### Progress: 148581/309212 events | Elapsed time: 8536.7s [2025-02-28T17:45:28.221Z]
### Progress: 148667/309212 events | Elapsed time: 8541.8s [2025-02-28T17:45:33.314Z]
### Progress: 148754/309212 events | Elapsed time: 8546.7s [2025-02-28T17:45:38.231Z]
### Progress: 148836/309212 events | Elapsed time: 8551.7s [2025-02-28T17:45:43.246Z]
### Progress: 148922/309212 events | Elapsed time: 8556.7s [2025-02-28T17:45:48.220Z]
### Progress: 149015/309212 events | Elapsed time: 8561.7s [2025-02-28T17:45:53.223Z]
### Progress: 149099/309212 events | Elapsed time: 8566.8s [2025-02-28T17:45:58.300Z]
### Progress: 149185/309212 events | Elapsed time: 8571.7s [2025-02-28T17:46:03.233Z]
### Progress: 149268/309212 events | Elapsed time: 8576.8s [2025-02-28T17:46:08.335Z]
### Progress: 149356/309212 events | Elapsed time: 8581.7s [2025-02-28T17:46:13.247Z]
### Progress: 149444/309212 events | Elapsed time: 8586.7s [2025-02-28T17:46:18.268Z]
### Progress: 149531/309212 events | Elapsed time: 8591.7s [2025-02-28T17:46:23.227Z]
### Progress: 149620/309212 events | Elapsed time: 8596.7s [2025-02-28T17:46:28.228Z]
### Progress: 149703/309212 events | Elapsed time: 8601.8s [2025-02-28T17:46:33.321Z]
### Progress: 149790/309212 events | Elapsed time: 8606.8s [2025-02-28T17:46:38.338Z]
### Progress: 149878/309212 events | Elapsed time: 8611.7s [2025-02-28T17:46:43.255Z]
### Progress: 149963/309212 events | Elapsed time: 8616.7s [2025-02-28T17:46:48.230Z]
### Progress: 150049/309212 events | Elapsed time: 8621.7s [2025-02-28T17:46:53.288Z]
### Progress: 150142/309212 events | Elapsed time: 8626.7s [2025-02-28T17:46:58.234Z]
### Progress: 150227/309212 events | Elapsed time: 8631.8s [2025-02-28T17:47:03.325Z]
### Progress: 150312/309212 events | Elapsed time: 8636.8s [2025-02-28T17:47:08.341Z]
### Progress: 150399/309212 events | Elapsed time: 8641.7s [2025-02-28T17:47:13.258Z]
### Progress: 150485/309212 events | Elapsed time: 8646.7s [2025-02-28T17:47:18.233Z]
### Progress: 150576/309212 events | Elapsed time: 8651.7s [2025-02-28T17:47:23.293Z]
### Progress: 150658/309212 events | Elapsed time: 8656.8s [2025-02-28T17:47:28.309Z]
### Progress: 150746/309212 events | Elapsed time: 8661.8s [2025-02-28T17:47:33.327Z]
### Progress: 150833/309212 events | Elapsed time: 8666.8s [2025-02-28T17:47:38.344Z]
### Progress: 150922/309212 events | Elapsed time: 8671.7s [2025-02-28T17:47:43.261Z]
### Progress: 151005/309212 events | Elapsed time: 8676.7s [2025-02-28T17:47:48.278Z]
### Progress: 151092/309212 events | Elapsed time: 8681.7s [2025-02-28T17:47:53.239Z]
### Progress: 151180/309212 events | Elapsed time: 8686.7s [2025-02-28T17:47:58.239Z]
### Progress: 151263/309212 events | Elapsed time: 8691.8s [2025-02-28T17:48:03.330Z]
### Progress: 151351/309212 events | Elapsed time: 8696.8s [2025-02-28T17:48:08.348Z]
### Progress: 151438/309212 events | Elapsed time: 8701.7s [2025-02-28T17:48:13.262Z]
### Progress: 151527/309212 events | Elapsed time: 8706.7s [2025-02-28T17:48:18.285Z]
### Progress: 151614/309212 events | Elapsed time: 8711.7s [2025-02-28T17:48:23.244Z]
### Progress: 151697/309212 events | Elapsed time: 8716.8s [2025-02-28T17:48:28.317Z]
### Progress: 151785/309212 events | Elapsed time: 8721.8s [2025-02-28T17:48:33.334Z]
### Progress: 151872/309212 events | Elapsed time: 8726.8s [2025-02-28T17:48:38.353Z]
### Progress: 151960/309212 events | Elapsed time: 8731.7s [2025-02-28T17:48:43.269Z]
### Progress: 152046/309212 events | Elapsed time: 8736.7s [2025-02-28T17:48:48.287Z]
### Progress: 152131/309212 events | Elapsed time: 8741.8s [2025-02-28T17:48:53.303Z]
### Progress: 152208/309212 events | Elapsed time: 8746.8s [2025-02-28T17:48:58.320Z]
### Progress: 152296/309212 events | Elapsed time: 8751.7s [2025-02-28T17:49:03.251Z]
### Progress: 152379/309212 events | Elapsed time: 8756.8s [2025-02-28T17:49:08.354Z]
### Progress: 152467/309212 events | Elapsed time: 8761.7s [2025-02-28T17:49:13.272Z]
### Progress: 152554/309212 events | Elapsed time: 8766.7s [2025-02-28T17:49:18.254Z]
### Progress: 152642/309212 events | Elapsed time: 8771.8s [2025-02-28T17:49:23.306Z]
### Progress: 152724/309212 events | Elapsed time: 8776.8s [2025-02-28T17:49:28.322Z]
### Progress: 152813/309212 events | Elapsed time: 8781.7s [2025-02-28T17:49:33.254Z]
### Progress: 152901/309212 events | Elapsed time: 8786.7s [2025-02-28T17:49:38.254Z]
### Progress: 152988/309212 events | Elapsed time: 8791.7s [2025-02-28T17:49:43.257Z]
### Progress: 153079/309212 events | Elapsed time: 8796.7s [2025-02-28T17:49:48.292Z]
### Progress: 153164/309212 events | Elapsed time: 8801.8s [2025-02-28T17:49:53.310Z]
### Progress: 153247/309212 events | Elapsed time: 8806.7s [2025-02-28T17:49:58.261Z]
### Progress: 153335/309212 events | Elapsed time: 8811.8s [2025-02-28T17:50:03.344Z]
### Progress: 153428/309212 events | Elapsed time: 8816.7s [2025-02-28T17:50:08.259Z]
### Progress: 153510/309212 events | Elapsed time: 8821.7s [2025-02-28T17:50:13.277Z]
### Progress: 153602/309212 events | Elapsed time: 8826.8s [2025-02-28T17:50:18.295Z]
### Progress: 153685/309212 events | Elapsed time: 8831.7s [2025-02-28T17:50:23.266Z]
### Progress: 153769/309212 events | Elapsed time: 8836.8s [2025-02-28T17:50:28.332Z]
### Progress: 153856/309212 events | Elapsed time: 8841.7s [2025-02-28T17:50:33.265Z]
### Progress: 153939/309212 events | Elapsed time: 8846.8s [2025-02-28T17:50:38.364Z]
### Progress: 154026/309212 events | Elapsed time: 8851.7s [2025-02-28T17:50:43.279Z]
### Progress: 154116/309212 events | Elapsed time: 8856.8s [2025-02-28T17:50:48.298Z]
### Progress: 154203/309212 events | Elapsed time: 8861.8s [2025-02-28T17:50:53.339Z]
### Progress: 154290/309212 events | Elapsed time: 8866.8s [2025-02-28T17:50:58.332Z]
### Progress: 154378/309212 events | Elapsed time: 8871.8s [2025-02-28T17:51:03.350Z]
### Progress: 154471/309212 events | Elapsed time: 8876.7s [2025-02-28T17:51:08.272Z]
### Progress: 154554/309212 events | Elapsed time: 8881.7s [2025-02-28T17:51:13.284Z]
### Progress: 154643/309212 events | Elapsed time: 8886.8s [2025-02-28T17:51:18.301Z]
### Progress: 154730/309212 events | Elapsed time: 8891.7s [2025-02-28T17:51:23.273Z]
### Progress: 154812/309212 events | Elapsed time: 8896.8s [2025-02-28T17:51:28.336Z]
### Progress: 154900/309212 events | Elapsed time: 8901.8s [2025-02-28T17:51:33.353Z]
### Progress: 154993/309212 events | Elapsed time: 8906.7s [2025-02-28T17:51:38.274Z]
### Progress: 155077/309212 events | Elapsed time: 8911.7s [2025-02-28T17:51:43.287Z]
### Progress: 155164/309212 events | Elapsed time: 8916.8s [2025-02-28T17:51:48.305Z]
### Progress: 155251/309212 events | Elapsed time: 8921.7s [2025-02-28T17:51:53.277Z]
### Progress: 155334/309212 events | Elapsed time: 8926.8s [2025-02-28T17:51:58.339Z]
### Progress: 155421/309212 events | Elapsed time: 8931.7s [2025-02-28T17:52:03.278Z]
### Progress: 155510/309212 events | Elapsed time: 8936.7s [2025-02-28T17:52:08.278Z]
### Progress: 155592/309212 events | Elapsed time: 8941.7s [2025-02-28T17:52:13.289Z]
### Progress: 155680/309212 events | Elapsed time: 8946.7s [2025-02-28T17:52:18.282Z]
### Progress: 155768/309212 events | Elapsed time: 8951.7s [2025-02-28T17:52:23.279Z]
### Progress: 155851/309212 events | Elapsed time: 8956.8s [2025-02-28T17:52:28.343Z]
### Progress: 155939/309212 events | Elapsed time: 8961.8s [2025-02-28T17:52:33.361Z]
### Progress: 156026/309212 events | Elapsed time: 8966.8s [2025-02-28T17:52:38.379Z]
### Progress: 156114/309212 events | Elapsed time: 8971.8s [2025-02-28T17:52:43.296Z]
### Progress: 156200/309212 events | Elapsed time: 8976.8s [2025-02-28T17:52:48.313Z]
### Progress: 156286/309212 events | Elapsed time: 8981.8s [2025-02-28T17:52:53.330Z]
### Progress: 156373/309212 events | Elapsed time: 8986.8s [2025-02-28T17:52:58.346Z]
### Progress: 156460/309212 events | Elapsed time: 8991.7s [2025-02-28T17:53:03.287Z]
### Progress: 156543/309212 events | Elapsed time: 8996.8s [2025-02-28T17:53:08.382Z]
### Progress: 156630/309212 events | Elapsed time: 9001.8s [2025-02-28T17:53:13.299Z]
### Progress: 156717/309212 events | Elapsed time: 9006.8s [2025-02-28T17:53:18.316Z]
### Progress: 156801/309212 events | Elapsed time: 9011.7s [2025-02-28T17:53:23.291Z]
### Progress: 156884/309212 events | Elapsed time: 9016.8s [2025-02-28T17:53:28.350Z]
### Progress: 156971/309212 events | Elapsed time: 9021.8s [2025-02-28T17:53:33.296Z]
### Progress: 157058/309212 events | Elapsed time: 9026.8s [2025-02-28T17:53:38.387Z]
### Progress: 157142/309212 events | Elapsed time: 9031.8s [2025-02-28T17:53:43.302Z]
### Progress: 157225/309212 events | Elapsed time: 9036.8s [2025-02-28T17:53:48.318Z]
### Progress: 157313/309212 events | Elapsed time: 9041.8s [2025-02-28T17:53:53.337Z]
### Progress: 157401/309212 events | Elapsed time: 9046.8s [2025-02-28T17:53:58.353Z]
### Progress: 157489/309212 events | Elapsed time: 9051.8s [2025-02-28T17:54:03.295Z]
### Progress: 157571/309212 events | Elapsed time: 9056.8s [2025-02-28T17:54:08.390Z]
### Progress: 157659/309212 events | Elapsed time: 9061.8s [2025-02-28T17:54:13.305Z]
### Progress: 157742/309212 events | Elapsed time: 9066.8s [2025-02-28T17:54:18.324Z]
### Progress: 157830/309212 events | Elapsed time: 9071.8s [2025-02-28T17:54:23.340Z]
### Progress: 157917/309212 events | Elapsed time: 9076.8s [2025-02-28T17:54:28.357Z]
### Progress: 158005/309212 events | Elapsed time: 9081.8s [2025-02-28T17:54:33.298Z]
### Progress: 158088/309212 events | Elapsed time: 9086.8s [2025-02-28T17:54:38.393Z]
### Progress: 158176/309212 events | Elapsed time: 9091.9s [2025-02-28T17:54:43.410Z]
### Progress: 158264/309212 events | Elapsed time: 9096.8s [2025-02-28T17:54:48.324Z]
### Progress: 158346/309212 events | Elapsed time: 9101.8s [2025-02-28T17:54:53.344Z]
### Progress: 158434/309212 events | Elapsed time: 9106.8s [2025-02-28T17:54:58.361Z]
### Progress: 158521/309212 events | Elapsed time: 9111.8s [2025-02-28T17:55:03.305Z]
### Progress: 158605/309212 events | Elapsed time: 9116.9s [2025-02-28T17:55:08.396Z]
### Progress: 158692/309212 events | Elapsed time: 9121.8s [2025-02-28T17:55:13.317Z]
### Progress: 158775/309212 events | Elapsed time: 9126.8s [2025-02-28T17:55:18.328Z]
### Progress: 158862/309212 events | Elapsed time: 9131.8s [2025-02-28T17:55:23.310Z]
### Progress: 158955/309212 events | Elapsed time: 9136.8s [2025-02-28T17:55:28.311Z]
### Progress: 159042/309212 events | Elapsed time: 9141.8s [2025-02-28T17:55:33.385Z]
### Progress: 159126/309212 events | Elapsed time: 9146.9s [2025-02-28T17:55:38.399Z]
### Progress: 159214/309212 events | Elapsed time: 9151.8s [2025-02-28T17:55:43.318Z]
### Progress: 159297/309212 events | Elapsed time: 9156.8s [2025-02-28T17:55:48.340Z]
### Progress: 159385/309212 events | Elapsed time: 9161.8s [2025-02-28T17:55:53.313Z]
### Progress: 159478/309212 events | Elapsed time: 9166.8s [2025-02-28T17:55:58.313Z]
### Progress: 159566/309212 events | Elapsed time: 9171.8s [2025-02-28T17:56:03.316Z]
### Progress: 159648/309212 events | Elapsed time: 9176.9s [2025-02-28T17:56:08.404Z]
### Progress: 159736/309212 events | Elapsed time: 9181.8s [2025-02-28T17:56:13.321Z]
### Progress: 159820/309212 events | Elapsed time: 9186.8s [2025-02-28T17:56:18.337Z]
### Progress: 159907/309212 events | Elapsed time: 9191.8s [2025-02-28T17:56:23.317Z]
### Progress: 159989/309212 events | Elapsed time: 9196.8s [2025-02-28T17:56:28.372Z]
### Progress: 160077/309212 events | Elapsed time: 9201.8s [2025-02-28T17:56:33.321Z]
### Progress: 160160/309212 events | Elapsed time: 9206.9s [2025-02-28T17:56:38.410Z]
### Progress: 160248/309212 events | Elapsed time: 9211.8s [2025-02-28T17:56:43.324Z]
### Progress: 160330/309212 events | Elapsed time: 9216.8s [2025-02-28T17:56:48.340Z]
### Progress: 160422/309212 events | Elapsed time: 9221.8s [2025-02-28T17:56:53.358Z]
### Progress: 160511/309212 events | Elapsed time: 9226.8s [2025-02-28T17:56:58.323Z]
### Progress: 160595/309212 events | Elapsed time: 9231.8s [2025-02-28T17:57:03.394Z]
### Progress: 160682/309212 events | Elapsed time: 9236.9s [2025-02-28T17:57:08.410Z]
### Progress: 160769/309212 events | Elapsed time: 9241.8s [2025-02-28T17:57:13.327Z]
### Progress: 160852/309212 events | Elapsed time: 9246.8s [2025-02-28T17:57:18.342Z]
### Progress: 160945/309212 events | Elapsed time: 9251.8s [2025-02-28T17:57:23.363Z]
### Progress: 161032/309212 events | Elapsed time: 9256.8s [2025-02-28T17:57:28.328Z]
### Progress: 161130/309212 events | Elapsed time: 9261.8s [2025-02-28T17:57:33.328Z]
### Progress: 161213/309212 events | Elapsed time: 9266.9s [2025-02-28T17:57:38.414Z]
### Progress: 161301/309212 events | Elapsed time: 9271.8s [2025-02-28T17:57:43.331Z]
### Progress: 161383/309212 events | Elapsed time: 9276.8s [2025-02-28T17:57:48.348Z]
### Progress: 161471/309212 events | Elapsed time: 9281.8s [2025-02-28T17:57:53.331Z]
### Progress: 161564/309212 events | Elapsed time: 9286.8s [2025-02-28T17:57:58.384Z]
### Progress: 161647/309212 events | Elapsed time: 9291.8s [2025-02-28T17:58:03.332Z]
### Progress: 161733/309212 events | Elapsed time: 9296.9s [2025-02-28T17:58:08.419Z]
### Progress: 161817/309212 events | Elapsed time: 9301.8s [2025-02-28T17:58:13.334Z]
### Progress: 161904/309212 events | Elapsed time: 9306.8s [2025-02-28T17:58:18.354Z]
### Progress: 161988/309212 events | Elapsed time: 9311.8s [2025-02-28T17:58:23.369Z]
### Progress: 162076/309212 events | Elapsed time: 9316.8s [2025-02-28T17:58:28.388Z]
### Progress: 162158/309212 events | Elapsed time: 9321.9s [2025-02-28T17:58:33.403Z]
### Progress: 162246/309212 events | Elapsed time: 9326.9s [2025-02-28T17:58:38.421Z]
### Progress: 162333/309212 events | Elapsed time: 9331.8s [2025-02-28T17:58:43.338Z]
### Progress: 162420/309212 events | Elapsed time: 9336.8s [2025-02-28T17:58:48.356Z]
### Progress: 162503/309212 events | Elapsed time: 9341.8s [2025-02-28T17:58:53.339Z]
### Progress: 162596/309212 events | Elapsed time: 9346.8s [2025-02-28T17:58:58.391Z]
### Progress: 162680/309212 events | Elapsed time: 9351.9s [2025-02-28T17:59:03.407Z]
### Progress: 162767/309212 events | Elapsed time: 9356.9s [2025-02-28T17:59:08.424Z]
### Progress: 162856/309212 events | Elapsed time: 9361.8s [2025-02-28T17:59:13.346Z]
### Progress: 162944/309212 events | Elapsed time: 9366.8s [2025-02-28T17:59:18.345Z]
### Progress: 163030/309212 events | Elapsed time: 9371.8s [2025-02-28T17:59:23.378Z]
### Progress: 163114/309212 events | Elapsed time: 9376.8s [2025-02-28T17:59:28.394Z]
### Progress: 163201/309212 events | Elapsed time: 9381.8s [2025-02-28T17:59:33.348Z]
### Progress: 163285/309212 events | Elapsed time: 9386.9s [2025-02-28T17:59:38.428Z]
### Progress: 163371/309212 events | Elapsed time: 9391.8s [2025-02-28T17:59:43.351Z]
### Progress: 163460/309212 events | Elapsed time: 9396.8s [2025-02-28T17:59:48.352Z]
### Progress: 163542/309212 events | Elapsed time: 9401.9s [2025-02-28T17:59:53.456Z]
### Progress: 163645/309212 events | Elapsed time: 9406.8s [2025-02-28T17:59:58.355Z]
### Progress: 163728/309212 events | Elapsed time: 9411.9s [2025-02-28T18:00:03.415Z]
### Progress: 163816/309212 events | Elapsed time: 9416.9s [2025-02-28T18:00:08.432Z]
### Progress: 163903/309212 events | Elapsed time: 9421.8s [2025-02-28T18:00:13.358Z]
### Progress: 163990/309212 events | Elapsed time: 9426.8s [2025-02-28T18:00:18.357Z]
### Progress: 164102/309212 events | Elapsed time: 9431.8s [2025-02-28T18:00:23.357Z]
### Progress: 164211/309212 events | Elapsed time: 9436.8s [2025-02-28T18:00:28.358Z]
### Progress: 164302/309212 events | Elapsed time: 9441.9s [2025-02-28T18:00:33.420Z]
### Progress: 164384/309212 events | Elapsed time: 9446.9s [2025-02-28T18:00:38.435Z]
### Progress: 164472/309212 events | Elapsed time: 9451.8s [2025-02-28T18:00:43.360Z]
### Progress: 164560/309212 events | Elapsed time: 9456.8s [2025-02-28T18:00:48.358Z]
### Progress: 164647/309212 events | Elapsed time: 9461.8s [2025-02-28T18:00:53.388Z]
### Progress: 164736/309212 events | Elapsed time: 9466.9s [2025-02-28T18:00:58.404Z]
### Progress: 164821/309212 events | Elapsed time: 9471.9s [2025-02-28T18:01:03.422Z]
### Progress: 164911/309212 events | Elapsed time: 9476.9s [2025-02-28T18:01:08.439Z]
### Progress: 164999/309212 events | Elapsed time: 9481.8s [2025-02-28T18:01:13.362Z]
### Progress: 165087/309212 events | Elapsed time: 9486.8s [2025-02-28T18:01:18.363Z]
### Progress: 165196/309212 events | Elapsed time: 9491.8s [2025-02-28T18:01:23.363Z]
### Progress: 165307/309212 events | Elapsed time: 9496.8s [2025-02-28T18:01:28.363Z]
### Progress: 165415/309212 events | Elapsed time: 9501.8s [2025-02-28T18:01:33.365Z]
### Progress: 165524/309212 events | Elapsed time: 9506.8s [2025-02-28T18:01:38.366Z]
### Progress: 165638/309212 events | Elapsed time: 9511.8s [2025-02-28T18:01:43.368Z]
### Progress: 165744/309212 events | Elapsed time: 9516.8s [2025-02-28T18:01:48.367Z]
### Progress: 165859/309212 events | Elapsed time: 9521.8s [2025-02-28T18:01:53.367Z]
### Progress: 165963/309212 events | Elapsed time: 9526.8s [2025-02-28T18:01:58.368Z]
### Progress: 166076/309212 events | Elapsed time: 9531.8s [2025-02-28T18:02:03.367Z]
### Progress: 166183/309212 events | Elapsed time: 9536.8s [2025-02-28T18:02:08.368Z]
### Progress: 166274/309212 events | Elapsed time: 9541.9s [2025-02-28T18:02:13.465Z]
### Progress: 166362/309212 events | Elapsed time: 9546.8s [2025-02-28T18:02:18.382Z]
### Progress: 166442/309212 events | Elapsed time: 9551.8s [2025-02-28T18:02:23.369Z]
### Progress: 166530/309212 events | Elapsed time: 9556.9s [2025-02-28T18:02:28.415Z]
### Progress: 166618/309212 events | Elapsed time: 9561.9s [2025-02-28T18:02:33.433Z]
### Progress: 166710/309212 events | Elapsed time: 9566.9s [2025-02-28T18:02:38.451Z]
### Progress: 166796/309212 events | Elapsed time: 9571.9s [2025-02-28T18:02:43.468Z]
### Progress: 166884/309212 events | Elapsed time: 9576.8s [2025-02-28T18:02:48.385Z]
### Progress: 166964/309212 events | Elapsed time: 9581.8s [2025-02-28T18:02:53.372Z]
### Progress: 167052/309212 events | Elapsed time: 9586.9s [2025-02-28T18:02:58.419Z]
### Progress: 167142/309212 events | Elapsed time: 9591.8s [2025-02-28T18:03:03.374Z]
### Progress: 167230/309212 events | Elapsed time: 9596.9s [2025-02-28T18:03:08.454Z]
### Progress: 167311/309212 events | Elapsed time: 9601.9s [2025-02-28T18:03:13.473Z]
### Progress: 167398/309212 events | Elapsed time: 9606.8s [2025-02-28T18:03:18.391Z]
### Progress: 167483/309212 events | Elapsed time: 9612.3s [2025-02-28T18:03:23.867Z]
### Progress: 167581/309212 events | Elapsed time: 9616.8s [2025-02-28T18:03:28.378Z]
### Progress: 167693/309212 events | Elapsed time: 9621.8s [2025-02-28T18:03:33.377Z]
### Progress: 167800/309212 events | Elapsed time: 9626.8s [2025-02-28T18:03:38.380Z]
### Progress: 167912/309212 events | Elapsed time: 9631.8s [2025-02-28T18:03:43.380Z]
### Progress: 168021/309212 events | Elapsed time: 9636.8s [2025-02-28T18:03:48.376Z]
### Progress: 168132/309212 events | Elapsed time: 9641.8s [2025-02-28T18:03:53.377Z]
### Progress: 168234/309212 events | Elapsed time: 9646.8s [2025-02-28T18:03:58.378Z]
### Progress: 168346/309212 events | Elapsed time: 9651.8s [2025-02-28T18:04:03.379Z]
### Progress: 168452/309212 events | Elapsed time: 9656.8s [2025-02-28T18:04:08.379Z]
### Progress: 168563/309212 events | Elapsed time: 9661.8s [2025-02-28T18:04:13.381Z]
### Progress: 168672/309212 events | Elapsed time: 9666.8s [2025-02-28T18:04:18.379Z]
### Progress: 168784/309212 events | Elapsed time: 9671.8s [2025-02-28T18:04:23.381Z]
### Progress: 168893/309212 events | Elapsed time: 9676.8s [2025-02-28T18:04:28.382Z]
### Progress: 169002/309212 events | Elapsed time: 9681.8s [2025-02-28T18:04:33.381Z]
### Progress: 169111/309212 events | Elapsed time: 9686.8s [2025-02-28T18:04:38.379Z]
### Progress: 169222/309212 events | Elapsed time: 9691.8s [2025-02-28T18:04:43.380Z]
### Progress: 169335/309212 events | Elapsed time: 9696.8s [2025-02-28T18:04:48.381Z]
### Progress: 169443/309212 events | Elapsed time: 9701.8s [2025-02-28T18:04:53.384Z]
### Progress: 169527/309212 events | Elapsed time: 9706.8s [2025-02-28T18:04:58.385Z]
### Progress: 169620/309212 events | Elapsed time: 9711.9s [2025-02-28T18:05:03.453Z]
### Progress: 169705/309212 events | Elapsed time: 9716.9s [2025-02-28T18:05:08.469Z]
### Progress: 169787/309212 events | Elapsed time: 9721.8s [2025-02-28T18:05:13.387Z]
### Progress: 169879/309212 events | Elapsed time: 9726.9s [2025-02-28T18:05:18.403Z]
### Progress: 169964/309212 events | Elapsed time: 9731.8s [2025-02-28T18:05:23.388Z]
### Progress: 170054/309212 events | Elapsed time: 9736.9s [2025-02-28T18:05:28.439Z]
### Progress: 170144/309212 events | Elapsed time: 9741.9s [2025-02-28T18:05:33.455Z]
### Progress: 170232/309212 events | Elapsed time: 9746.9s [2025-02-28T18:05:38.405Z]
### Progress: 170314/309212 events | Elapsed time: 9751.9s [2025-02-28T18:05:43.490Z]
### Progress: 170405/309212 events | Elapsed time: 9756.9s [2025-02-28T18:05:48.407Z]
### Progress: 170488/309212 events | Elapsed time: 9761.8s [2025-02-28T18:05:53.391Z]
### Progress: 170581/309212 events | Elapsed time: 9766.8s [2025-02-28T18:05:58.391Z]
### Progress: 170666/309212 events | Elapsed time: 9771.9s [2025-02-28T18:06:03.459Z]
### Progress: 170748/309212 events | Elapsed time: 9776.9s [2025-02-28T18:06:08.476Z]
### Progress: 170839/309212 events | Elapsed time: 9781.9s [2025-02-28T18:06:13.397Z]
### Progress: 170925/309212 events | Elapsed time: 9786.9s [2025-02-28T18:06:18.412Z]
### Progress: 171012/309212 events | Elapsed time: 9791.9s [2025-02-28T18:06:23.427Z]
### Progress: 171105/309212 events | Elapsed time: 9796.9s [2025-02-28T18:06:28.447Z]
### Progress: 171182/309212 events | Elapsed time: 9801.9s [2025-02-28T18:06:33.400Z]
### Progress: 171273/309212 events | Elapsed time: 9806.9s [2025-02-28T18:06:38.400Z]
### Progress: 171356/309212 events | Elapsed time: 9812.0s [2025-02-28T18:06:43.498Z]
### Progress: 171446/309212 events | Elapsed time: 9816.9s [2025-02-28T18:06:48.415Z]
### Progress: 171523/309212 events | Elapsed time: 9821.9s [2025-02-28T18:06:53.405Z]
### Progress: 171616/309212 events | Elapsed time: 9826.9s [2025-02-28T18:06:58.450Z]
### Progress: 171700/309212 events | Elapsed time: 9831.9s [2025-02-28T18:07:03.406Z]
### Progress: 171790/309212 events | Elapsed time: 9836.9s [2025-02-28T18:07:08.407Z]
### Progress: 171880/309212 events | Elapsed time: 9841.9s [2025-02-28T18:07:13.408Z]
### Progress: 171968/309212 events | Elapsed time: 9846.9s [2025-02-28T18:07:18.419Z]
### Progress: 172049/309212 events | Elapsed time: 9851.9s [2025-02-28T18:07:23.436Z]
### Progress: 172141/309212 events | Elapsed time: 9856.9s [2025-02-28T18:07:28.454Z]
### Progress: 172224/309212 events | Elapsed time: 9861.9s [2025-02-28T18:07:33.409Z]
### Progress: 172314/309212 events | Elapsed time: 9866.9s [2025-02-28T18:07:38.412Z]
### Progress: 172391/309212 events | Elapsed time: 9872.0s [2025-02-28T18:07:43.506Z]
### Progress: 172482/309212 events | Elapsed time: 9876.9s [2025-02-28T18:07:48.422Z]
### Progress: 172565/309212 events | Elapsed time: 9881.9s [2025-02-28T18:07:53.438Z]
### Progress: 172658/309212 events | Elapsed time: 9886.9s [2025-02-28T18:07:58.459Z]
### Progress: 172743/309212 events | Elapsed time: 9891.9s [2025-02-28T18:08:03.474Z]
### Progress: 172825/309212 events | Elapsed time: 9896.9s [2025-02-28T18:08:08.418Z]
### Progress: 172909/309212 events | Elapsed time: 9901.9s [2025-02-28T18:08:13.420Z]
### Progress: 172998/309212 events | Elapsed time: 9906.9s [2025-02-28T18:08:18.425Z]
### Progress: 173084/309212 events | Elapsed time: 9911.9s [2025-02-28T18:08:23.442Z]
### Progress: 173177/309212 events | Elapsed time: 9916.9s [2025-02-28T18:08:28.459Z]
### Progress: 173259/309212 events | Elapsed time: 9921.9s [2025-02-28T18:08:33.420Z]
### Progress: 173350/309212 events | Elapsed time: 9926.9s [2025-02-28T18:08:38.421Z]
### Progress: 173433/309212 events | Elapsed time: 9932.0s [2025-02-28T18:08:43.514Z]
### Progress: 173523/309212 events | Elapsed time: 9936.9s [2025-02-28T18:08:48.430Z]
### Progress: 173600/309212 events | Elapsed time: 9941.9s [2025-02-28T18:08:53.446Z]
### Progress: 173693/309212 events | Elapsed time: 9946.9s [2025-02-28T18:08:58.463Z]
### Progress: 173784/309212 events | Elapsed time: 9951.9s [2025-02-28T18:09:03.427Z]
### Progress: 173867/309212 events | Elapsed time: 9956.9s [2025-02-28T18:09:08.486Z]
### Progress: 173957/309212 events | Elapsed time: 9961.9s [2025-02-28T18:09:13.428Z]
### Progress: 174035/309212 events | Elapsed time: 9966.9s [2025-02-28T18:09:18.432Z]
### Progress: 174125/309212 events | Elapsed time: 9971.9s [2025-02-28T18:09:23.449Z]
### Progress: 174218/309212 events | Elapsed time: 9976.9s [2025-02-28T18:09:28.467Z]
### Progress: 174304/309212 events | Elapsed time: 9981.9s [2025-02-28T18:09:33.430Z]
### Progress: 174394/309212 events | Elapsed time: 9986.9s [2025-02-28T18:09:38.433Z]
### Progress: 174479/309212 events | Elapsed time: 9992.0s [2025-02-28T18:09:43.521Z]
### Progress: 174561/309212 events | Elapsed time: 9996.9s [2025-02-28T18:09:48.438Z]
### Progress: 174645/309212 events | Elapsed time: 10002.0s [2025-02-28T18:09:53.559Z]
### Progress: 174735/309212 events | Elapsed time: 10006.9s [2025-02-28T18:09:58.436Z]
### Progress: 174825/309212 events | Elapsed time: 10011.9s [2025-02-28T18:10:03.490Z]
### Progress: 174913/309212 events | Elapsed time: 10016.9s [2025-02-28T18:10:08.434Z]
### Progress: 174993/309212 events | Elapsed time: 10022.0s [2025-02-28T18:10:13.527Z]
### Progress: 175079/309212 events | Elapsed time: 10026.9s [2025-02-28T18:10:18.444Z]
### Progress: 175166/309212 events | Elapsed time: 10031.9s [2025-02-28T18:10:23.459Z]
### Progress: 175259/309212 events | Elapsed time: 10036.9s [2025-02-28T18:10:28.440Z]
### Progress: 175347/309212 events | Elapsed time: 10042.0s [2025-02-28T18:10:33.496Z]
### Progress: 175429/309212 events | Elapsed time: 10046.9s [2025-02-28T18:10:38.440Z]
### Progress: 175513/309212 events | Elapsed time: 10052.0s [2025-02-28T18:10:43.532Z]
### Progress: 175604/309212 events | Elapsed time: 10056.9s [2025-02-28T18:10:48.449Z]
### Progress: 175693/309212 events | Elapsed time: 10061.9s [2025-02-28T18:10:53.465Z]
### Progress: 175786/309212 events | Elapsed time: 10066.9s [2025-02-28T18:10:58.443Z]
### Progress: 175863/309212 events | Elapsed time: 10072.0s [2025-02-28T18:11:03.509Z]
### Progress: 175954/309212 events | Elapsed time: 10076.9s [2025-02-28T18:11:08.445Z]
### Progress: 176037/309212 events | Elapsed time: 10082.0s [2025-02-28T18:11:13.537Z]
### Progress: 176127/309212 events | Elapsed time: 10086.9s [2025-02-28T18:11:18.455Z]
### Progress: 176204/309212 events | Elapsed time: 10091.9s [2025-02-28T18:11:23.446Z]
### Progress: 176297/309212 events | Elapsed time: 10096.9s [2025-02-28T18:11:28.447Z]
### Progress: 176381/309212 events | Elapsed time: 10102.0s [2025-02-28T18:11:33.506Z]
### Progress: 176471/309212 events | Elapsed time: 10107.0s [2025-02-28T18:11:38.526Z]
### Progress: 176561/309212 events | Elapsed time: 10111.9s [2025-02-28T18:11:43.449Z]
### Progress: 176641/309212 events | Elapsed time: 10116.9s [2025-02-28T18:11:48.459Z]
### Progress: 176729/309212 events | Elapsed time: 10121.9s [2025-02-28T18:11:53.449Z]
### Progress: 176822/309212 events | Elapsed time: 10126.9s [2025-02-28T18:11:58.450Z]
### Progress: 176905/309212 events | Elapsed time: 10132.0s [2025-02-28T18:12:03.512Z]
### Progress: 176995/309212 events | Elapsed time: 10136.9s [2025-02-28T18:12:08.451Z]
### Progress: 177072/309212 events | Elapsed time: 10142.0s [2025-02-28T18:12:13.548Z]
### Progress: 177164/309212 events | Elapsed time: 10146.9s [2025-02-28T18:12:18.464Z]
### Progress: 177249/309212 events | Elapsed time: 10151.9s [2025-02-28T18:12:23.482Z]
### Progress: 177342/309212 events | Elapsed time: 10156.9s [2025-02-28T18:12:28.455Z]
### Progress: 177429/309212 events | Elapsed time: 10162.0s [2025-02-28T18:12:33.517Z]
### Progress: 177516/309212 events | Elapsed time: 10166.9s [2025-02-28T18:12:38.469Z]
### Progress: 177597/309212 events | Elapsed time: 10172.0s [2025-02-28T18:12:43.553Z]
### Progress: 177684/309212 events | Elapsed time: 10176.9s [2025-02-28T18:12:48.469Z]
### Progress: 177773/309212 events | Elapsed time: 10181.9s [2025-02-28T18:12:53.458Z]
### Progress: 177863/309212 events | Elapsed time: 10186.9s [2025-02-28T18:12:58.459Z]
### Progress: 177940/309212 events | Elapsed time: 10192.0s [2025-02-28T18:13:03.523Z]
### Progress: 178031/309212 events | Elapsed time: 10196.9s [2025-02-28T18:13:08.460Z]
### Progress: 178114/309212 events | Elapsed time: 10202.0s [2025-02-28T18:13:13.558Z]
### Progress: 178207/309212 events | Elapsed time: 10206.9s [2025-02-28T18:13:18.476Z]
### Progress: 178291/309212 events | Elapsed time: 10211.9s [2025-02-28T18:13:23.493Z]
### Progress: 178384/309212 events | Elapsed time: 10217.0s [2025-02-28T18:13:28.511Z]
### Progress: 178465/309212 events | Elapsed time: 10221.9s [2025-02-28T18:13:33.464Z]
### Progress: 178551/309212 events | Elapsed time: 10226.9s [2025-02-28T18:13:38.465Z]
### Progress: 178638/309212 events | Elapsed time: 10232.0s [2025-02-28T18:13:43.563Z]
### Progress: 178725/309212 events | Elapsed time: 10236.9s [2025-02-28T18:13:48.479Z]
### Progress: 178808/309212 events | Elapsed time: 10241.9s [2025-02-28T18:13:53.466Z]
### Progress: 178899/309212 events | Elapsed time: 10246.9s [2025-02-28T18:13:58.468Z]
### Progress: 178982/309212 events | Elapsed time: 10252.0s [2025-02-28T18:14:03.534Z]
### Progress: 179075/309212 events | Elapsed time: 10256.9s [2025-02-28T18:14:08.470Z]
### Progress: 179159/309212 events | Elapsed time: 10262.0s [2025-02-28T18:14:13.572Z]
### Progress: 179250/309212 events | Elapsed time: 10267.1s [2025-02-28T18:14:18.690Z]
### Progress: 179327/309212 events | Elapsed time: 10272.0s [2025-02-28T18:14:23.503Z]
### Progress: 179419/309212 events | Elapsed time: 10277.0s [2025-02-28T18:14:28.521Z]
### Progress: 179506/309212 events | Elapsed time: 10281.9s [2025-02-28T18:14:33.473Z]
### Progress: 179593/309212 events | Elapsed time: 10286.9s [2025-02-28T18:14:38.473Z]
### Progress: 179674/309212 events | Elapsed time: 10292.0s [2025-02-28T18:14:43.573Z]
### Progress: 179760/309212 events | Elapsed time: 10296.9s [2025-02-28T18:14:48.488Z]
### Progress: 179850/309212 events | Elapsed time: 10302.0s [2025-02-28T18:14:53.508Z]
### Progress: 179943/309212 events | Elapsed time: 10307.0s [2025-02-28T18:14:58.528Z]
### Progress: 180017/309212 events | Elapsed time: 10312.0s [2025-02-28T18:15:03.543Z]
### Progress: 180108/309212 events | Elapsed time: 10316.9s [2025-02-28T18:15:08.481Z]
### Progress: 180191/309212 events | Elapsed time: 10322.0s [2025-02-28T18:15:13.578Z]
### Progress: 180281/309212 events | Elapsed time: 10326.9s [2025-02-28T18:15:18.493Z]
### Progress: 180372/309212 events | Elapsed time: 10332.0s [2025-02-28T18:15:23.513Z]
### Progress: 180451/309212 events | Elapsed time: 10336.9s [2025-02-28T18:15:28.485Z]
### Progress: 180535/309212 events | Elapsed time: 10342.0s [2025-02-28T18:15:33.547Z]
### Progress: 180628/309212 events | Elapsed time: 10346.9s [2025-02-28T18:15:38.485Z]
### Progress: 180717/309212 events | Elapsed time: 10352.0s [2025-02-28T18:15:43.584Z]
### Progress: 180802/309212 events | Elapsed time: 10357.0s [2025-02-28T18:15:48.498Z]
### Progress: 180886/309212 events | Elapsed time: 10362.0s [2025-02-28T18:15:53.517Z]
### Progress: 180976/309212 events | Elapsed time: 10366.9s [2025-02-28T18:15:58.490Z]
### Progress: 181062/309212 events | Elapsed time: 10371.9s [2025-02-28T18:16:03.491Z]
### Progress: 181153/309212 events | Elapsed time: 10376.9s [2025-02-28T18:16:08.489Z]
### Progress: 181237/309212 events | Elapsed time: 10382.0s [2025-02-28T18:16:13.588Z]
### Progress: 181325/309212 events | Elapsed time: 10387.0s [2025-02-28T18:16:18.503Z]
### Progress: 181411/309212 events | Elapsed time: 10392.0s [2025-02-28T18:16:23.522Z]
### Progress: 181499/309212 events | Elapsed time: 10396.9s [2025-02-28T18:16:28.491Z]
### Progress: 181584/309212 events | Elapsed time: 10402.0s [2025-02-28T18:16:33.557Z]
### Progress: 181671/309212 events | Elapsed time: 10406.9s [2025-02-28T18:16:38.494Z]
### Progress: 181750/309212 events | Elapsed time: 10412.0s [2025-02-28T18:16:43.593Z]
### Progress: 181840/309212 events | Elapsed time: 10417.0s [2025-02-28T18:16:48.508Z]
### Progress: 181928/309212 events | Elapsed time: 10422.0s [2025-02-28T18:16:53.527Z]
### Progress: 182018/309212 events | Elapsed time: 10427.0s [2025-02-28T18:16:58.497Z]
### Progress: 182100/309212 events | Elapsed time: 10432.0s [2025-02-28T18:17:03.562Z]
### Progress: 182184/309212 events | Elapsed time: 10437.0s [2025-02-28T18:17:08.580Z]
### Progress: 182274/309212 events | Elapsed time: 10442.1s [2025-02-28T18:17:13.598Z]
### Progress: 182362/309212 events | Elapsed time: 10447.0s [2025-02-28T18:17:18.513Z]
### Progress: 182452/309212 events | Elapsed time: 10452.0s [2025-02-28T18:17:23.532Z]
### Progress: 182539/309212 events | Elapsed time: 10457.0s [2025-02-28T18:17:28.503Z]
### Progress: 182627/309212 events | Elapsed time: 10462.0s [2025-02-28T18:17:33.501Z]
### Progress: 182708/309212 events | Elapsed time: 10467.0s [2025-02-28T18:17:38.584Z]
### Progress: 182796/309212 events | Elapsed time: 10472.1s [2025-02-28T18:17:43.602Z]
### Progress: 182889/309212 events | Elapsed time: 10477.0s [2025-02-28T18:17:48.519Z]
### Progress: 182975/309212 events | Elapsed time: 10482.0s [2025-02-28T18:17:53.536Z]
### Progress: 183061/309212 events | Elapsed time: 10487.0s [2025-02-28T18:17:58.506Z]
### Progress: 183142/309212 events | Elapsed time: 10492.0s [2025-02-28T18:18:03.571Z]
### Progress: 183230/309212 events | Elapsed time: 10497.0s [2025-02-28T18:18:08.589Z]
### Progress: 183320/309212 events | Elapsed time: 10502.0s [2025-02-28T18:18:13.508Z]
### Progress: 183402/309212 events | Elapsed time: 10507.0s [2025-02-28T18:18:18.522Z]
### Progress: 183487/309212 events | Elapsed time: 10512.0s [2025-02-28T18:18:23.541Z]
### Progress: 183576/309212 events | Elapsed time: 10517.0s [2025-02-28T18:18:28.559Z]
### Progress: 183664/309212 events | Elapsed time: 10522.0s [2025-02-28T18:18:33.510Z]
### Progress: 183748/309212 events | Elapsed time: 10527.0s [2025-02-28T18:18:38.594Z]
### Progress: 183836/309212 events | Elapsed time: 10532.0s [2025-02-28T18:18:43.513Z]
### Progress: 183917/309212 events | Elapsed time: 10537.0s [2025-02-28T18:18:48.526Z]
### Progress: 184005/309212 events | Elapsed time: 10542.0s [2025-02-28T18:18:53.545Z]
### Progress: 184098/309212 events | Elapsed time: 10547.0s [2025-02-28T18:18:58.512Z]
### Progress: 184182/309212 events | Elapsed time: 10552.0s [2025-02-28T18:19:03.580Z]
### Progress: 184262/309212 events | Elapsed time: 10557.1s [2025-02-28T18:19:08.601Z]
### Progress: 184351/309212 events | Elapsed time: 10562.0s [2025-02-28T18:19:13.515Z]
### Progress: 184436/309212 events | Elapsed time: 10567.1s [2025-02-28T18:19:18.638Z]
### Progress: 184509/309212 events | Elapsed time: 10572.0s [2025-02-28T18:19:23.516Z]
### Progress: 184611/309212 events | Elapsed time: 10577.0s [2025-02-28T18:19:28.516Z]
### Progress: 184694/309212 events | Elapsed time: 10582.0s [2025-02-28T18:19:33.587Z]
### Progress: 184780/309212 events | Elapsed time: 10587.0s [2025-02-28T18:19:38.518Z]
### Progress: 184870/309212 events | Elapsed time: 10592.0s [2025-02-28T18:19:43.520Z]
### Progress: 184952/309212 events | Elapsed time: 10597.0s [2025-02-28T18:19:48.535Z]
### Progress: 185045/309212 events | Elapsed time: 10602.0s [2025-02-28T18:19:53.555Z]
### Progress: 185129/309212 events | Elapsed time: 10607.0s [2025-02-28T18:19:58.519Z]
### Progress: 185212/309212 events | Elapsed time: 10612.0s [2025-02-28T18:20:03.591Z]
### Progress: 185298/309212 events | Elapsed time: 10617.1s [2025-02-28T18:20:08.626Z]
### Progress: 185386/309212 events | Elapsed time: 10622.0s [2025-02-28T18:20:13.532Z]
### Progress: 185469/309212 events | Elapsed time: 10627.2s [2025-02-28T18:20:18.747Z]
### Progress: 185555/309212 events | Elapsed time: 10632.0s [2025-02-28T18:20:23.561Z]
### Progress: 185639/309212 events | Elapsed time: 10637.0s [2025-02-28T18:20:28.576Z]
### Progress: 185727/309212 events | Elapsed time: 10642.0s [2025-02-28T18:20:33.527Z]
### Progress: 185808/309212 events | Elapsed time: 10647.0s [2025-02-28T18:20:38.528Z]
### Progress: 185893/309212 events | Elapsed time: 10652.1s [2025-02-28T18:20:43.630Z]
### Progress: 185986/309212 events | Elapsed time: 10657.0s [2025-02-28T18:20:48.547Z]
### Progress: 186068/309212 events | Elapsed time: 10662.0s [2025-02-28T18:20:53.579Z]
### Progress: 186149/309212 events | Elapsed time: 10667.0s [2025-02-28T18:20:58.580Z]
### Progress: 186237/309212 events | Elapsed time: 10672.0s [2025-02-28T18:21:03.532Z]
### Progress: 186327/309212 events | Elapsed time: 10677.0s [2025-02-28T18:21:08.533Z]
### Progress: 186409/309212 events | Elapsed time: 10682.1s [2025-02-28T18:21:13.634Z]
### Progress: 186494/309212 events | Elapsed time: 10687.0s [2025-02-28T18:21:18.551Z]
### Progress: 186584/309212 events | Elapsed time: 10692.0s [2025-02-28T18:21:23.568Z]
### Progress: 186676/309212 events | Elapsed time: 10697.0s [2025-02-28T18:21:28.534Z]
### Progress: 186762/309212 events | Elapsed time: 10702.1s [2025-02-28T18:21:33.605Z]
### Progress: 186848/309212 events | Elapsed time: 10707.1s [2025-02-28T18:21:38.621Z]
### Progress: 186936/309212 events | Elapsed time: 10712.0s [2025-02-28T18:21:43.540Z]
### Progress: 187012/309212 events | Elapsed time: 10717.0s [2025-02-28T18:21:48.539Z]
### Progress: 187102/309212 events | Elapsed time: 10722.0s [2025-02-28T18:21:53.573Z]
### Progress: 187184/309212 events | Elapsed time: 10727.0s [2025-02-28T18:21:58.592Z]
### Progress: 187268/309212 events | Elapsed time: 10732.0s [2025-02-28T18:22:03.550Z]
### Progress: 187353/309212 events | Elapsed time: 10737.1s [2025-02-28T18:22:08.625Z]
### Progress: 187443/309212 events | Elapsed time: 10742.0s [2025-02-28T18:22:13.543Z]
### Progress: 187531/309212 events | Elapsed time: 10747.0s [2025-02-28T18:22:18.559Z]
### Progress: 187623/309212 events | Elapsed time: 10752.0s [2025-02-28T18:22:23.544Z]
### Progress: 187711/309212 events | Elapsed time: 10757.0s [2025-02-28T18:22:28.550Z]
### Progress: 187792/309212 events | Elapsed time: 10762.1s [2025-02-28T18:22:33.611Z]
### Progress: 187880/309212 events | Elapsed time: 10767.1s [2025-02-28T18:22:38.629Z]
### Progress: 187970/309212 events | Elapsed time: 10772.0s [2025-02-28T18:22:43.550Z]
### Progress: 188057/309212 events | Elapsed time: 10777.0s [2025-02-28T18:22:48.565Z]
### Progress: 188137/309212 events | Elapsed time: 10782.0s [2025-02-28T18:22:53.584Z]
### Progress: 188229/309212 events | Elapsed time: 10787.0s [2025-02-28T18:22:58.550Z]
### Progress: 188314/309212 events | Elapsed time: 10792.1s [2025-02-28T18:23:03.618Z]
### Progress: 188404/309212 events | Elapsed time: 10797.0s [2025-02-28T18:23:08.552Z]
### Progress: 188486/309212 events | Elapsed time: 10802.1s [2025-02-28T18:23:13.652Z]
### Progress: 188570/309212 events | Elapsed time: 10807.0s [2025-02-28T18:23:18.567Z]
### Progress: 188660/309212 events | Elapsed time: 10812.0s [2025-02-28T18:23:23.553Z]
### Progress: 188748/309212 events | Elapsed time: 10817.1s [2025-02-28T18:23:28.603Z]
### Progress: 188838/309212 events | Elapsed time: 10822.0s [2025-02-28T18:23:33.556Z]
### Progress: 188920/309212 events | Elapsed time: 10827.0s [2025-02-28T18:23:38.557Z]
### Progress: 189001/309212 events | Elapsed time: 10832.1s [2025-02-28T18:23:43.656Z]
### Progress: 189094/309212 events | Elapsed time: 10837.0s [2025-02-28T18:23:48.560Z]
### Progress: 189182/309212 events | Elapsed time: 10842.0s [2025-02-28T18:23:53.559Z]
### Progress: 189272/309212 events | Elapsed time: 10847.1s [2025-02-28T18:23:58.607Z]
### Progress: 189359/309212 events | Elapsed time: 10852.0s [2025-02-28T18:24:03.561Z]
### Progress: 189438/309212 events | Elapsed time: 10857.1s [2025-02-28T18:24:08.643Z]
### Progress: 189528/309212 events | Elapsed time: 10862.0s [2025-02-28T18:24:13.564Z]
### Progress: 189613/309212 events | Elapsed time: 10867.0s [2025-02-28T18:24:18.575Z]
### Progress: 189700/309212 events | Elapsed time: 10872.0s [2025-02-28T18:24:23.564Z]
### Progress: 189788/309212 events | Elapsed time: 10877.1s [2025-02-28T18:24:28.612Z]
### Progress: 189872/309212 events | Elapsed time: 10882.0s [2025-02-28T18:24:33.565Z]
### Progress: 189957/309212 events | Elapsed time: 10887.1s [2025-02-28T18:24:38.647Z]
### Progress: 190047/309212 events | Elapsed time: 10892.1s [2025-02-28T18:24:43.665Z]
### Progress: 190136/309212 events | Elapsed time: 10897.0s [2025-02-28T18:24:48.581Z]
### Progress: 190222/309212 events | Elapsed time: 10902.1s [2025-02-28T18:24:53.599Z]
### Progress: 190315/309212 events | Elapsed time: 10907.0s [2025-02-28T18:24:58.569Z]
### Progress: 190396/309212 events | Elapsed time: 10912.0s [2025-02-28T18:25:03.586Z]
### Progress: 190481/309212 events | Elapsed time: 10917.0s [2025-02-28T18:25:08.572Z]
### Progress: 190568/309212 events | Elapsed time: 10922.0s [2025-02-28T18:25:13.572Z]
### Progress: 190653/309212 events | Elapsed time: 10927.0s [2025-02-28T18:25:18.586Z]
### Progress: 190737/309212 events | Elapsed time: 10932.0s [2025-02-28T18:25:23.573Z]
### Progress: 190830/309212 events | Elapsed time: 10937.0s [2025-02-28T18:25:28.574Z]
### Progress: 190915/309212 events | Elapsed time: 10942.1s [2025-02-28T18:25:33.638Z]
### Progress: 191002/309212 events | Elapsed time: 10947.1s [2025-02-28T18:25:38.656Z]
### Progress: 191090/309212 events | Elapsed time: 10952.0s [2025-02-28T18:25:43.576Z]
### Progress: 191171/309212 events | Elapsed time: 10957.0s [2025-02-28T18:25:48.588Z]
### Progress: 191259/309212 events | Elapsed time: 10962.0s [2025-02-28T18:25:53.578Z]
### Progress: 191349/309212 events | Elapsed time: 10967.0s [2025-02-28T18:25:58.578Z]
### Progress: 191436/309212 events | Elapsed time: 10972.0s [2025-02-28T18:26:03.578Z]
### Progress: 191521/309212 events | Elapsed time: 10977.0s [2025-02-28T18:26:08.579Z]
### Progress: 191606/309212 events | Elapsed time: 10982.0s [2025-02-28T18:26:13.579Z]
### Progress: 191697/309212 events | Elapsed time: 10987.0s [2025-02-28T18:26:18.595Z]
### Progress: 191780/309212 events | Elapsed time: 10992.1s [2025-02-28T18:26:23.611Z]
### Progress: 191868/309212 events | Elapsed time: 10997.1s [2025-02-28T18:26:28.632Z]
### Progress: 191955/309212 events | Elapsed time: 11002.0s [2025-02-28T18:26:33.583Z]
### Progress: 192040/309212 events | Elapsed time: 11007.0s [2025-02-28T18:26:38.583Z]
### Progress: 192132/309212 events | Elapsed time: 11012.0s [2025-02-28T18:26:43.584Z]
### Progress: 192215/309212 events | Elapsed time: 11017.1s [2025-02-28T18:26:48.599Z]
### Progress: 192303/309212 events | Elapsed time: 11022.1s [2025-02-28T18:26:53.617Z]
### Progress: 192394/309212 events | Elapsed time: 11027.0s [2025-02-28T18:26:58.587Z]
### Progress: 192474/309212 events | Elapsed time: 11032.1s [2025-02-28T18:27:03.651Z]
### Progress: 192567/309212 events | Elapsed time: 11037.0s [2025-02-28T18:27:08.586Z]
### Progress: 192653/309212 events | Elapsed time: 11042.1s [2025-02-28T18:27:13.686Z]
### Progress: 192735/309212 events | Elapsed time: 11047.1s [2025-02-28T18:27:18.601Z]
### Progress: 192823/309212 events | Elapsed time: 11052.0s [2025-02-28T18:27:23.590Z]
### Progress: 192908/309212 events | Elapsed time: 11057.0s [2025-02-28T18:27:28.591Z]
### Progress: 192994/309212 events | Elapsed time: 11062.1s [2025-02-28T18:27:33.655Z]
### Progress: 193087/309212 events | Elapsed time: 11067.0s [2025-02-28T18:27:38.591Z]
### Progress: 193169/309212 events | Elapsed time: 11072.1s [2025-02-28T18:27:43.691Z]
### Progress: 193257/309212 events | Elapsed time: 11077.1s [2025-02-28T18:27:48.605Z]
### Progress: 193343/309212 events | Elapsed time: 11082.1s [2025-02-28T18:27:53.625Z]
### Progress: 193435/309212 events | Elapsed time: 11087.1s [2025-02-28T18:27:58.642Z]
### Progress: 193527/309212 events | Elapsed time: 11092.1s [2025-02-28T18:28:03.596Z]
### Progress: 193614/309212 events | Elapsed time: 11097.1s [2025-02-28T18:28:08.596Z]
### Progress: 193707/309212 events | Elapsed time: 11102.1s [2025-02-28T18:28:13.599Z]
### Progress: 193793/309212 events | Elapsed time: 11107.2s [2025-02-28T18:28:18.714Z]
### Progress: 193877/309212 events | Elapsed time: 11112.1s [2025-02-28T18:28:23.630Z]
### Progress: 193961/309212 events | Elapsed time: 11117.1s [2025-02-28T18:28:28.647Z]
### Progress: 194048/309212 events | Elapsed time: 11122.1s [2025-02-28T18:28:33.601Z]
### Progress: 194136/309212 events | Elapsed time: 11127.1s [2025-02-28T18:28:38.602Z]
### Progress: 194223/309212 events | Elapsed time: 11132.1s [2025-02-28T18:28:43.603Z]
### Progress: 194308/309212 events | Elapsed time: 11137.1s [2025-02-28T18:28:48.616Z]
### Progress: 194396/309212 events | Elapsed time: 11142.1s [2025-02-28T18:28:53.634Z]
### Progress: 194482/309212 events | Elapsed time: 11147.1s [2025-02-28T18:28:58.651Z]
### Progress: 194570/309212 events | Elapsed time: 11152.1s [2025-02-28T18:29:03.615Z]
### Progress: 194653/309212 events | Elapsed time: 11157.1s [2025-02-28T18:29:08.687Z]
### Progress: 194737/309212 events | Elapsed time: 11162.1s [2025-02-28T18:29:13.609Z]
### Progress: 194828/309212 events | Elapsed time: 11167.1s [2025-02-28T18:29:18.621Z]
### Progress: 194911/309212 events | Elapsed time: 11172.1s [2025-02-28T18:29:23.611Z]
### Progress: 195000/309212 events | Elapsed time: 11177.1s [2025-02-28T18:29:28.655Z]
### Progress: 195086/309212 events | Elapsed time: 11182.1s [2025-02-28T18:29:33.611Z]
### Progress: 195170/309212 events | Elapsed time: 11187.1s [2025-02-28T18:29:38.692Z]
### Progress: 195262/309212 events | Elapsed time: 11192.2s [2025-02-28T18:29:43.709Z]
### Progress: 195345/309212 events | Elapsed time: 11197.2s [2025-02-28T18:29:48.726Z]
### Progress: 195432/309212 events | Elapsed time: 11202.1s [2025-02-28T18:29:53.643Z]
### Progress: 195513/309212 events | Elapsed time: 11207.1s [2025-02-28T18:29:58.660Z]
### Progress: 195604/309212 events | Elapsed time: 11212.1s [2025-02-28T18:30:03.676Z]
### Progress: 195686/309212 events | Elapsed time: 11217.1s [2025-02-28T18:30:08.695Z]
### Progress: 195773/309212 events | Elapsed time: 11222.1s [2025-02-28T18:30:13.618Z]
### Progress: 195861/309212 events | Elapsed time: 11227.1s [2025-02-28T18:30:18.620Z]
### Progress: 195946/309212 events | Elapsed time: 11232.1s [2025-02-28T18:30:23.644Z]
### Progress: 196039/309212 events | Elapsed time: 11237.1s [2025-02-28T18:30:28.664Z]
### Progress: 196131/309212 events | Elapsed time: 11242.1s [2025-02-28T18:30:33.620Z]
### Progress: 196214/309212 events | Elapsed time: 11247.2s [2025-02-28T18:30:38.700Z]
### Progress: 196300/309212 events | Elapsed time: 11252.1s [2025-02-28T18:30:43.623Z]
### Progress: 196380/309212 events | Elapsed time: 11257.2s [2025-02-28T18:30:48.734Z]
### Progress: 196472/309212 events | Elapsed time: 11262.1s [2025-02-28T18:30:53.649Z]
### Progress: 196565/309212 events | Elapsed time: 11267.1s [2025-02-28T18:30:58.624Z]
### Progress: 196647/309212 events | Elapsed time: 11272.1s [2025-02-28T18:31:03.625Z]
### Progress: 196729/309212 events | Elapsed time: 11277.2s [2025-02-28T18:31:08.704Z]
### Progress: 196814/309212 events | Elapsed time: 11282.1s [2025-02-28T18:31:13.626Z]
### Progress: 196900/309212 events | Elapsed time: 11287.1s [2025-02-28T18:31:18.637Z]
### Progress: 196988/309212 events | Elapsed time: 11292.1s [2025-02-28T18:31:23.626Z]
### Progress: 197081/309212 events | Elapsed time: 11297.1s [2025-02-28T18:31:28.671Z]
### Progress: 197168/309212 events | Elapsed time: 11302.1s [2025-02-28T18:31:33.690Z]
### Progress: 197256/309212 events | Elapsed time: 11307.2s [2025-02-28T18:31:38.708Z]
### Progress: 197341/309212 events | Elapsed time: 11312.1s [2025-02-28T18:31:43.630Z]
### Progress: 197431/309212 events | Elapsed time: 11317.1s [2025-02-28T18:31:48.641Z]
### Progress: 197515/309212 events | Elapsed time: 11322.1s [2025-02-28T18:31:53.633Z]
### Progress: 197608/309212 events | Elapsed time: 11327.1s [2025-02-28T18:31:58.681Z]
### Progress: 197695/309212 events | Elapsed time: 11332.1s [2025-02-28T18:32:03.634Z]
### Progress: 197775/309212 events | Elapsed time: 11337.2s [2025-02-28T18:32:08.712Z]
### Progress: 197867/309212 events | Elapsed time: 11342.1s [2025-02-28T18:32:13.635Z]
### Progress: 197951/309212 events | Elapsed time: 11347.1s [2025-02-28T18:32:18.646Z]
### Progress: 198036/309212 events | Elapsed time: 11352.1s [2025-02-28T18:32:23.637Z]
### Progress: 198129/309212 events | Elapsed time: 11357.1s [2025-02-28T18:32:28.679Z]
### Progress: 198217/309212 events | Elapsed time: 11362.1s [2025-02-28T18:32:33.637Z]
### Progress: 198302/309212 events | Elapsed time: 11367.2s [2025-02-28T18:32:38.717Z]
### Progress: 198388/309212 events | Elapsed time: 11372.1s [2025-02-28T18:32:43.639Z]
### Progress: 198476/309212 events | Elapsed time: 11377.2s [2025-02-28T18:32:48.752Z]
### Progress: 198563/309212 events | Elapsed time: 11382.1s [2025-02-28T18:32:53.641Z]
### Progress: 198656/309212 events | Elapsed time: 11387.1s [2025-02-28T18:32:58.684Z]
### Progress: 198744/309212 events | Elapsed time: 11392.1s [2025-02-28T18:33:03.645Z]
### Progress: 198829/309212 events | Elapsed time: 11397.2s [2025-02-28T18:33:08.721Z]
### Progress: 198915/309212 events | Elapsed time: 11402.1s [2025-02-28T18:33:13.643Z]
### Progress: 198999/309212 events | Elapsed time: 11407.1s [2025-02-28T18:33:18.653Z]
### Progress: 199085/309212 events | Elapsed time: 11412.1s [2025-02-28T18:33:23.670Z]
### Progress: 199178/309212 events | Elapsed time: 11417.1s [2025-02-28T18:33:28.690Z]
### Progress: 199262/309212 events | Elapsed time: 11422.1s [2025-02-28T18:33:33.650Z]
### Progress: 199346/309212 events | Elapsed time: 11427.2s [2025-02-28T18:33:38.725Z]
### Progress: 199431/309212 events | Elapsed time: 11432.1s [2025-02-28T18:33:43.649Z]
### Progress: 199516/309212 events | Elapsed time: 11437.1s [2025-02-28T18:33:48.657Z]
### Progress: 199604/309212 events | Elapsed time: 11442.1s [2025-02-28T18:33:53.676Z]
### Progress: 199696/309212 events | Elapsed time: 11447.1s [2025-02-28T18:33:58.694Z]
### Progress: 199778/309212 events | Elapsed time: 11452.1s [2025-02-28T18:34:03.654Z]
### Progress: 199860/309212 events | Elapsed time: 11457.2s [2025-02-28T18:34:08.730Z]
### Progress: 199945/309212 events | Elapsed time: 11462.1s [2025-02-28T18:34:13.657Z]
### Progress: 200031/309212 events | Elapsed time: 11467.1s [2025-02-28T18:34:18.657Z]
### Progress: 200116/309212 events | Elapsed time: 11472.1s [2025-02-28T18:34:23.680Z]
### Progress: 200209/309212 events | Elapsed time: 11477.2s [2025-02-28T18:34:28.698Z]
### Progress: 200288/309212 events | Elapsed time: 11482.2s [2025-02-28T18:34:33.714Z]
### Progress: 200378/309212 events | Elapsed time: 11487.2s [2025-02-28T18:34:38.733Z]
### Progress: 200467/309212 events | Elapsed time: 11492.2s [2025-02-28T18:34:43.751Z]
### Progress: 200556/309212 events | Elapsed time: 11497.2s [2025-02-28T18:34:48.768Z]
### Progress: 200643/309212 events | Elapsed time: 11502.1s [2025-02-28T18:34:53.685Z]
### Progress: 200732/309212 events | Elapsed time: 11507.2s [2025-02-28T18:34:58.702Z]
### Progress: 200815/309212 events | Elapsed time: 11512.1s [2025-02-28T18:35:03.665Z]
### Progress: 200901/309212 events | Elapsed time: 11517.3s [2025-02-28T18:35:08.850Z]
### Progress: 200987/309212 events | Elapsed time: 11522.2s [2025-02-28T18:35:13.755Z]
### Progress: 201073/309212 events | Elapsed time: 11527.1s [2025-02-28T18:35:18.678Z]
### Progress: 201156/309212 events | Elapsed time: 11532.2s [2025-02-28T18:35:23.790Z]
### Progress: 201246/309212 events | Elapsed time: 11537.2s [2025-02-28T18:35:28.706Z]
### Progress: 201335/309212 events | Elapsed time: 11542.1s [2025-02-28T18:35:33.679Z]
### Progress: 201423/309212 events | Elapsed time: 11547.2s [2025-02-28T18:35:38.742Z]
### Progress: 201507/309212 events | Elapsed time: 11552.2s [2025-02-28T18:35:43.758Z]
### Progress: 201590/309212 events | Elapsed time: 11557.2s [2025-02-28T18:35:48.776Z]
### Progress: 201680/309212 events | Elapsed time: 11562.1s [2025-02-28T18:35:53.693Z]
### Progress: 201765/309212 events | Elapsed time: 11567.2s [2025-02-28T18:35:58.709Z]
### Progress: 201852/309212 events | Elapsed time: 11572.2s [2025-02-28T18:36:03.729Z]
### Progress: 201938/309212 events | Elapsed time: 11577.2s [2025-02-28T18:36:08.746Z]
### Progress: 202021/309212 events | Elapsed time: 11582.1s [2025-02-28T18:36:13.686Z]
### Progress: 202110/309212 events | Elapsed time: 11587.1s [2025-02-28T18:36:18.687Z]
### Progress: 202193/309212 events | Elapsed time: 11592.3s [2025-02-28T18:36:23.798Z]
### Progress: 202282/309212 events | Elapsed time: 11597.2s [2025-02-28T18:36:28.713Z]
### Progress: 202365/309212 events | Elapsed time: 11602.7s [2025-02-28T18:36:34.215Z]
### Progress: 202451/309212 events | Elapsed time: 11607.1s [2025-02-28T18:36:38.690Z]
### Progress: 202540/309212 events | Elapsed time: 11612.2s [2025-02-28T18:36:43.767Z]
### Progress: 202627/309212 events | Elapsed time: 11617.2s [2025-02-28T18:36:48.785Z]
### Progress: 202716/309212 events | Elapsed time: 11622.3s [2025-02-28T18:36:53.802Z]
### Progress: 202799/309212 events | Elapsed time: 11627.2s [2025-02-28T18:36:58.719Z]
### Progress: 202889/309212 events | Elapsed time: 11632.1s [2025-02-28T18:37:03.693Z]
### Progress: 202975/309212 events | Elapsed time: 11637.2s [2025-02-28T18:37:08.755Z]
### Progress: 203061/309212 events | Elapsed time: 11642.1s [2025-02-28T18:37:13.695Z]
### Progress: 203140/309212 events | Elapsed time: 11647.2s [2025-02-28T18:37:18.696Z]
### Progress: 203226/309212 events | Elapsed time: 11652.3s [2025-02-28T18:37:23.806Z]
### Progress: 203315/309212 events | Elapsed time: 11657.2s [2025-02-28T18:37:28.722Z]
### Progress: 203402/309212 events | Elapsed time: 11662.2s [2025-02-28T18:37:33.699Z]
### Progress: 203490/309212 events | Elapsed time: 11667.2s [2025-02-28T18:37:38.758Z]
### Progress: 203571/309212 events | Elapsed time: 11672.2s [2025-02-28T18:37:43.702Z]
### Progress: 203658/309212 events | Elapsed time: 11677.2s [2025-02-28T18:37:48.706Z]
### Progress: 203741/309212 events | Elapsed time: 11682.2s [2025-02-28T18:37:53.710Z]
### Progress: 203823/309212 events | Elapsed time: 11687.2s [2025-02-28T18:37:58.727Z]
### Progress: 203911/309212 events | Elapsed time: 11692.1s [2025-02-28T18:38:03.693Z]
### Progress: 203996/309212 events | Elapsed time: 11697.2s [2025-02-28T18:38:08.765Z]
### Progress: 204082/309212 events | Elapsed time: 11702.1s [2025-02-28T18:38:13.695Z]
### Progress: 204173/309212 events | Elapsed time: 11707.2s [2025-02-28T18:38:18.696Z]
### Progress: 204252/309212 events | Elapsed time: 11712.2s [2025-02-28T18:38:23.697Z]
### Progress: 204340/309212 events | Elapsed time: 11717.2s [2025-02-28T18:38:28.731Z]
### Progress: 204433/309212 events | Elapsed time: 11722.2s [2025-02-28T18:38:33.750Z]
### Progress: 204520/309212 events | Elapsed time: 11727.2s [2025-02-28T18:38:38.767Z]
### Progress: 204607/309212 events | Elapsed time: 11732.2s [2025-02-28T18:38:43.699Z]
### Progress: 204689/309212 events | Elapsed time: 11737.3s [2025-02-28T18:38:48.802Z]
### Progress: 204774/309212 events | Elapsed time: 11742.2s [2025-02-28T18:38:53.718Z]
### Progress: 204861/309212 events | Elapsed time: 11747.2s [2025-02-28T18:38:58.736Z]
### Progress: 204948/309212 events | Elapsed time: 11752.2s [2025-02-28T18:39:03.701Z]
### Progress: 205031/309212 events | Elapsed time: 11757.2s [2025-02-28T18:39:08.700Z]
### Progress: 205115/309212 events | Elapsed time: 11762.2s [2025-02-28T18:39:13.787Z]
### Progress: 205203/309212 events | Elapsed time: 11767.2s [2025-02-28T18:39:18.706Z]
### Progress: 205289/309212 events | Elapsed time: 11772.2s [2025-02-28T18:39:23.723Z]
### Progress: 205379/309212 events | Elapsed time: 11777.2s [2025-02-28T18:39:28.739Z]
### Progress: 205461/309212 events | Elapsed time: 11782.2s [2025-02-28T18:39:33.706Z]
### Progress: 205549/309212 events | Elapsed time: 11787.2s [2025-02-28T18:39:38.706Z]
### Progress: 205632/309212 events | Elapsed time: 11792.2s [2025-02-28T18:39:43.707Z]
### Progress: 205714/309212 events | Elapsed time: 11797.3s [2025-02-28T18:39:48.810Z]
### Progress: 205802/309212 events | Elapsed time: 11802.2s [2025-02-28T18:39:53.724Z]
### Progress: 205890/309212 events | Elapsed time: 11807.2s [2025-02-28T18:39:58.743Z]
### Progress: 205978/309212 events | Elapsed time: 11812.2s [2025-02-28T18:40:03.712Z]
### Progress: 206066/309212 events | Elapsed time: 11817.2s [2025-02-28T18:40:08.713Z]
### Progress: 206143/309212 events | Elapsed time: 11822.2s [2025-02-28T18:40:13.713Z]
### Progress: 206231/309212 events | Elapsed time: 11827.2s [2025-02-28T18:40:18.713Z]
### Progress: 206314/309212 events | Elapsed time: 11832.2s [2025-02-28T18:40:23.728Z]
### Progress: 206407/309212 events | Elapsed time: 11837.2s [2025-02-28T18:40:28.748Z]
### Progress: 206488/309212 events | Elapsed time: 11842.2s [2025-02-28T18:40:33.715Z]
### Progress: 206577/309212 events | Elapsed time: 11847.2s [2025-02-28T18:40:38.716Z]
### Progress: 206660/309212 events | Elapsed time: 11852.3s [2025-02-28T18:40:43.800Z]
### Progress: 206748/309212 events | Elapsed time: 11857.2s [2025-02-28T18:40:48.718Z]
### Progress: 206839/309212 events | Elapsed time: 11862.2s [2025-02-28T18:40:53.736Z]
### Progress: 206918/309212 events | Elapsed time: 11867.2s [2025-02-28T18:40:58.757Z]
### Progress: 207001/309212 events | Elapsed time: 11872.2s [2025-02-28T18:41:03.719Z]
### Progress: 207089/309212 events | Elapsed time: 11877.2s [2025-02-28T18:41:08.720Z]
### Progress: 207170/309212 events | Elapsed time: 11882.2s [2025-02-28T18:41:13.720Z]
### Progress: 207258/309212 events | Elapsed time: 11887.2s [2025-02-28T18:41:18.722Z]
### Progress: 207342/309212 events | Elapsed time: 11892.2s [2025-02-28T18:41:23.736Z]
### Progress: 207435/309212 events | Elapsed time: 11897.2s [2025-02-28T18:41:28.756Z]
### Progress: 207521/309212 events | Elapsed time: 11902.2s [2025-02-28T18:41:33.763Z]
### Progress: 207604/309212 events | Elapsed time: 11907.2s [2025-02-28T18:41:38.724Z]
### Progress: 207688/309212 events | Elapsed time: 11912.3s [2025-02-28T18:41:43.809Z]
### Progress: 207778/309212 events | Elapsed time: 11917.3s [2025-02-28T18:41:48.827Z]
### Progress: 207864/309212 events | Elapsed time: 11922.2s [2025-02-28T18:41:53.743Z]
### Progress: 207955/309212 events | Elapsed time: 11927.2s [2025-02-28T18:41:58.761Z]
### Progress: 208034/309212 events | Elapsed time: 11932.2s [2025-02-28T18:42:03.727Z]
### Progress: 208122/309212 events | Elapsed time: 11937.2s [2025-02-28T18:42:08.729Z]
### Progress: 208205/309212 events | Elapsed time: 11942.3s [2025-02-28T18:42:13.812Z]
### Progress: 208296/309212 events | Elapsed time: 11947.2s [2025-02-28T18:42:18.731Z]
### Progress: 208378/309212 events | Elapsed time: 11952.2s [2025-02-28T18:42:23.746Z]
### Progress: 208468/309212 events | Elapsed time: 11957.2s [2025-02-28T18:42:28.764Z]
### Progress: 208551/309212 events | Elapsed time: 11962.2s [2025-02-28T18:42:33.731Z]
### Progress: 208639/309212 events | Elapsed time: 11967.2s [2025-02-28T18:42:38.732Z]
### Progress: 208720/309212 events | Elapsed time: 11972.3s [2025-02-28T18:42:43.816Z]
### Progress: 208809/309212 events | Elapsed time: 11977.2s [2025-02-28T18:42:48.733Z]
### Progress: 208897/309212 events | Elapsed time: 11982.2s [2025-02-28T18:42:53.753Z]
### Progress: 208986/309212 events | Elapsed time: 11987.2s [2025-02-28T18:42:58.735Z]
### Progress: 209101/309212 events | Elapsed time: 11992.2s [2025-02-28T18:43:03.735Z]
### Progress: 209205/309212 events | Elapsed time: 11997.2s [2025-02-28T18:43:08.735Z]
### Progress: 209319/309212 events | Elapsed time: 12002.2s [2025-02-28T18:43:13.736Z]
### Progress: 209423/309212 events | Elapsed time: 12007.2s [2025-02-28T18:43:18.738Z]
### Progress: 209535/309212 events | Elapsed time: 12012.2s [2025-02-28T18:43:23.737Z]
### Progress: 209643/309212 events | Elapsed time: 12017.2s [2025-02-28T18:43:28.738Z]
### Progress: 209754/309212 events | Elapsed time: 12022.2s [2025-02-28T18:43:33.738Z]
### Progress: 209861/309212 events | Elapsed time: 12027.2s [2025-02-28T18:43:38.740Z]
### Progress: 209972/309212 events | Elapsed time: 12032.2s [2025-02-28T18:43:43.739Z]
### Progress: 210081/309212 events | Elapsed time: 12037.2s [2025-02-28T18:43:48.741Z]
### Progress: 210194/309212 events | Elapsed time: 12042.2s [2025-02-28T18:43:53.741Z]
### Progress: 210303/309212 events | Elapsed time: 12047.2s [2025-02-28T18:43:58.740Z]
### Progress: 210411/309212 events | Elapsed time: 12052.2s [2025-02-28T18:44:03.742Z]
### Progress: 210519/309212 events | Elapsed time: 12057.2s [2025-02-28T18:44:08.742Z]
### Progress: 210631/309212 events | Elapsed time: 12062.2s [2025-02-28T18:44:13.742Z]
### Progress: 210737/309212 events | Elapsed time: 12067.2s [2025-02-28T18:44:18.742Z]
### Progress: 210850/309212 events | Elapsed time: 12072.2s [2025-02-28T18:44:23.743Z]
### Progress: 210958/309212 events | Elapsed time: 12077.2s [2025-02-28T18:44:28.744Z]
### Progress: 211067/309212 events | Elapsed time: 12082.2s [2025-02-28T18:44:33.757Z]
### Progress: 211178/309212 events | Elapsed time: 12087.2s [2025-02-28T18:44:38.745Z]
### Progress: 211284/309212 events | Elapsed time: 12092.2s [2025-02-28T18:44:43.746Z]
### Progress: 211397/309212 events | Elapsed time: 12097.2s [2025-02-28T18:44:48.745Z]
### Progress: 211506/309212 events | Elapsed time: 12102.2s [2025-02-28T18:44:53.745Z]
### Progress: 211613/309212 events | Elapsed time: 12107.2s [2025-02-28T18:44:58.746Z]
### Progress: 211720/309212 events | Elapsed time: 12112.2s [2025-02-28T18:45:03.749Z]
### Progress: 211829/309212 events | Elapsed time: 12117.2s [2025-02-28T18:45:08.747Z]
### Progress: 211937/309212 events | Elapsed time: 12122.3s [2025-02-28T18:45:13.823Z]
### Progress: 212026/309212 events | Elapsed time: 12127.2s [2025-02-28T18:45:18.750Z]
### Progress: 212105/309212 events | Elapsed time: 12132.2s [2025-02-28T18:45:23.763Z]
### Progress: 212196/309212 events | Elapsed time: 12137.2s [2025-02-28T18:45:28.784Z]
### Progress: 212287/309212 events | Elapsed time: 12142.3s [2025-02-28T18:45:33.800Z]
### Progress: 212371/309212 events | Elapsed time: 12147.2s [2025-02-28T18:45:38.752Z]
### Progress: 212452/309212 events | Elapsed time: 12152.3s [2025-02-28T18:45:43.833Z]
### Progress: 212539/309212 events | Elapsed time: 12157.2s [2025-02-28T18:45:48.753Z]
### Progress: 212622/309212 events | Elapsed time: 12162.2s [2025-02-28T18:45:53.765Z]
### Progress: 212712/309212 events | Elapsed time: 12167.2s [2025-02-28T18:45:58.755Z]
### Progress: 212801/309212 events | Elapsed time: 12172.3s [2025-02-28T18:46:03.802Z]
### Progress: 212886/309212 events | Elapsed time: 12177.2s [2025-02-28T18:46:08.756Z]
### Progress: 212965/309212 events | Elapsed time: 12182.3s [2025-02-28T18:46:13.836Z]
### Progress: 213063/309212 events | Elapsed time: 12187.2s [2025-02-28T18:46:18.758Z]
### Progress: 213147/309212 events | Elapsed time: 12192.2s [2025-02-28T18:46:23.769Z]
### Progress: 213237/309212 events | Elapsed time: 12197.2s [2025-02-28T18:46:28.787Z]
### Progress: 213320/309212 events | Elapsed time: 12202.2s [2025-02-28T18:46:33.759Z]
### Progress: 213404/309212 events | Elapsed time: 12207.3s [2025-02-28T18:46:38.821Z]
### Progress: 213488/309212 events | Elapsed time: 12212.2s [2025-02-28T18:46:43.761Z]
### Progress: 213578/309212 events | Elapsed time: 12217.2s [2025-02-28T18:46:48.762Z]
### Progress: 213661/309212 events | Elapsed time: 12222.3s [2025-02-28T18:46:53.874Z]
### Progress: 213745/309212 events | Elapsed time: 12227.2s [2025-02-28T18:46:58.765Z]
### Progress: 213833/309212 events | Elapsed time: 12232.3s [2025-02-28T18:47:03.810Z]
### Progress: 213926/309212 events | Elapsed time: 12237.3s [2025-02-28T18:47:08.825Z]
### Progress: 214012/309212 events | Elapsed time: 12242.3s [2025-02-28T18:47:13.843Z]
### Progress: 214102/309212 events | Elapsed time: 12247.2s [2025-02-28T18:47:18.768Z]
### Progress: 214179/309212 events | Elapsed time: 12252.3s [2025-02-28T18:47:23.875Z]
### Progress: 214272/309212 events | Elapsed time: 12257.2s [2025-02-28T18:47:28.792Z]
### Progress: 214356/309212 events | Elapsed time: 12262.2s [2025-02-28T18:47:33.771Z]
### Progress: 214446/309212 events | Elapsed time: 12267.2s [2025-02-28T18:47:38.771Z]
### Progress: 214529/309212 events | Elapsed time: 12272.3s [2025-02-28T18:47:43.843Z]
### Progress: 214613/309212 events | Elapsed time: 12277.3s [2025-02-28T18:47:48.860Z]
### Progress: 214701/309212 events | Elapsed time: 12282.2s [2025-02-28T18:47:53.778Z]
### Progress: 214790/309212 events | Elapsed time: 12287.3s [2025-02-28T18:47:58.799Z]
### Progress: 214877/309212 events | Elapsed time: 12292.2s [2025-02-28T18:48:03.781Z]
### Progress: 214963/309212 events | Elapsed time: 12297.3s [2025-02-28T18:48:08.830Z]
### Progress: 215042/309212 events | Elapsed time: 12302.2s [2025-02-28T18:48:13.776Z]
### Progress: 215131/309212 events | Elapsed time: 12307.2s [2025-02-28T18:48:18.779Z]
### Progress: 215218/309212 events | Elapsed time: 12312.3s [2025-02-28T18:48:23.891Z]
### Progress: 215304/309212 events | Elapsed time: 12317.2s [2025-02-28T18:48:28.790Z]
### Progress: 215388/309212 events | Elapsed time: 12322.3s [2025-02-28T18:48:33.824Z]
### Progress: 215472/309212 events | Elapsed time: 12327.3s [2025-02-28T18:48:38.834Z]
### Progress: 215559/309212 events | Elapsed time: 12332.2s [2025-02-28T18:48:43.789Z]
### Progress: 215645/309212 events | Elapsed time: 12337.2s [2025-02-28T18:48:48.781Z]
### Progress: 215724/309212 events | Elapsed time: 12342.3s [2025-02-28T18:48:53.883Z]
### Progress: 215817/309212 events | Elapsed time: 12347.3s [2025-02-28T18:48:58.802Z]
### Progress: 215903/309212 events | Elapsed time: 12352.2s [2025-02-28T18:49:03.785Z]
### Progress: 215993/309212 events | Elapsed time: 12357.2s [2025-02-28T18:49:08.787Z]
### Progress: 216070/309212 events | Elapsed time: 12362.3s [2025-02-28T18:49:13.851Z]
### Progress: 216158/309212 events | Elapsed time: 12367.2s [2025-02-28T18:49:18.788Z]
### Progress: 216234/309212 events | Elapsed time: 12372.3s [2025-02-28T18:49:23.853Z]
### Progress: 216318/309212 events | Elapsed time: 12377.3s [2025-02-28T18:49:28.802Z]
### Progress: 216402/309212 events | Elapsed time: 12382.2s [2025-02-28T18:49:33.789Z]
### Progress: 216492/309212 events | Elapsed time: 12387.2s [2025-02-28T18:49:38.790Z]
### Progress: 216582/309212 events | Elapsed time: 12392.2s [2025-02-28T18:49:43.790Z]
### Progress: 216668/309212 events | Elapsed time: 12397.2s [2025-02-28T18:49:48.792Z]
### Progress: 216747/309212 events | Elapsed time: 12402.3s [2025-02-28T18:49:53.888Z]
### Progress: 216836/309212 events | Elapsed time: 12407.3s [2025-02-28T18:49:58.806Z]
### Progress: 216923/309212 events | Elapsed time: 12412.3s [2025-02-28T18:50:03.822Z]
### Progress: 217010/309212 events | Elapsed time: 12417.3s [2025-02-28T18:50:08.840Z]
### Progress: 217087/309212 events | Elapsed time: 12422.3s [2025-02-28T18:50:13.799Z]
### Progress: 217173/309212 events | Elapsed time: 12427.3s [2025-02-28T18:50:18.798Z]
### Progress: 217262/309212 events | Elapsed time: 12432.3s [2025-02-28T18:50:23.891Z]
### Progress: 217351/309212 events | Elapsed time: 12437.4s [2025-02-28T18:50:28.910Z]
### Progress: 217436/309212 events | Elapsed time: 12442.3s [2025-02-28T18:50:33.825Z]
### Progress: 217518/309212 events | Elapsed time: 12447.3s [2025-02-28T18:50:38.800Z]
### Progress: 217603/309212 events | Elapsed time: 12452.3s [2025-02-28T18:50:43.859Z]
### Progress: 217696/309212 events | Elapsed time: 12457.3s [2025-02-28T18:50:48.802Z]
### Progress: 217777/309212 events | Elapsed time: 12462.4s [2025-02-28T18:50:53.895Z]
### Progress: 217870/309212 events | Elapsed time: 12467.3s [2025-02-28T18:50:58.812Z]
### Progress: 217952/309212 events | Elapsed time: 12472.3s [2025-02-28T18:51:03.807Z]
### Progress: 218045/309212 events | Elapsed time: 12477.3s [2025-02-28T18:51:08.847Z]
### Progress: 218130/309212 events | Elapsed time: 12482.3s [2025-02-28T18:51:13.808Z]
### Progress: 218219/309212 events | Elapsed time: 12487.3s [2025-02-28T18:51:18.812Z]
### Progress: 218304/309212 events | Elapsed time: 12492.3s [2025-02-28T18:51:23.809Z]
### Progress: 218389/309212 events | Elapsed time: 12497.3s [2025-02-28T18:51:28.815Z]
### Progress: 218476/309212 events | Elapsed time: 12502.3s [2025-02-28T18:51:33.832Z]
### Progress: 218564/309212 events | Elapsed time: 12507.3s [2025-02-28T18:51:38.811Z]
### Progress: 218653/309212 events | Elapsed time: 12512.3s [2025-02-28T18:51:43.811Z]
### Progress: 218738/309212 events | Elapsed time: 12517.3s [2025-02-28T18:51:48.811Z]
### Progress: 218820/309212 events | Elapsed time: 12522.4s [2025-02-28T18:51:53.901Z]
### Progress: 218909/309212 events | Elapsed time: 12527.3s [2025-02-28T18:51:58.818Z]
### Progress: 218994/309212 events | Elapsed time: 12532.3s [2025-02-28T18:52:03.833Z]
### Progress: 219079/309212 events | Elapsed time: 12537.3s [2025-02-28T18:52:08.853Z]
### Progress: 219161/309212 events | Elapsed time: 12542.3s [2025-02-28T18:52:13.815Z]
### Progress: 219254/309212 events | Elapsed time: 12547.3s [2025-02-28T18:52:18.818Z]
### Progress: 219343/309212 events | Elapsed time: 12552.3s [2025-02-28T18:52:23.816Z]
### Progress: 219432/309212 events | Elapsed time: 12557.4s [2025-02-28T18:52:28.922Z]
### Progress: 219521/309212 events | Elapsed time: 12562.3s [2025-02-28T18:52:33.839Z]
### Progress: 219598/309212 events | Elapsed time: 12567.3s [2025-02-28T18:52:38.856Z]
### Progress: 219684/309212 events | Elapsed time: 12572.3s [2025-02-28T18:52:43.820Z]
### Progress: 219769/309212 events | Elapsed time: 12577.3s [2025-02-28T18:52:48.890Z]
### Progress: 219853/309212 events | Elapsed time: 12582.4s [2025-02-28T18:52:53.907Z]
### Progress: 219946/309212 events | Elapsed time: 12587.3s [2025-02-28T18:52:58.824Z]
### Progress: 220032/309212 events | Elapsed time: 12592.3s [2025-02-28T18:53:03.841Z]
### Progress: 220118/309212 events | Elapsed time: 12597.3s [2025-02-28T18:53:08.860Z]
### Progress: 220203/309212 events | Elapsed time: 12602.3s [2025-02-28T18:53:13.825Z]
### Progress: 220280/309212 events | Elapsed time: 12607.3s [2025-02-28T18:53:18.893Z]
### Progress: 220370/309212 events | Elapsed time: 12612.3s [2025-02-28T18:53:23.826Z]
### Progress: 220459/309212 events | Elapsed time: 12617.3s [2025-02-28T18:53:28.828Z]
### Progress: 220544/309212 events | Elapsed time: 12622.3s [2025-02-28T18:53:33.843Z]
### Progress: 220628/309212 events | Elapsed time: 12627.3s [2025-02-28T18:53:38.863Z]
### Progress: 220711/309212 events | Elapsed time: 12632.3s [2025-02-28T18:53:43.828Z]
### Progress: 220796/309212 events | Elapsed time: 12637.4s [2025-02-28T18:53:48.896Z]
### Progress: 220885/309212 events | Elapsed time: 12642.4s [2025-02-28T18:53:53.914Z]
### Progress: 220969/309212 events | Elapsed time: 12647.4s [2025-02-28T18:53:58.931Z]
### Progress: 221055/309212 events | Elapsed time: 12652.3s [2025-02-28T18:54:03.848Z]
### Progress: 221145/309212 events | Elapsed time: 12657.3s [2025-02-28T18:54:08.868Z]
### Progress: 221230/309212 events | Elapsed time: 12662.3s [2025-02-28T18:54:13.832Z]
### Progress: 221310/309212 events | Elapsed time: 12667.4s [2025-02-28T18:54:18.901Z]
### Progress: 221396/309212 events | Elapsed time: 12672.3s [2025-02-28T18:54:23.835Z]
### Progress: 221482/309212 events | Elapsed time: 12677.4s [2025-02-28T18:54:28.935Z]
### Progress: 221571/309212 events | Elapsed time: 12682.3s [2025-02-28T18:54:33.852Z]
### Progress: 221651/309212 events | Elapsed time: 12687.3s [2025-02-28T18:54:38.836Z]
### Progress: 221737/309212 events | Elapsed time: 12692.3s [2025-02-28T18:54:43.885Z]
### Progress: 221827/309212 events | Elapsed time: 12697.4s [2025-02-28T18:54:48.904Z]
### Progress: 221916/309212 events | Elapsed time: 12702.3s [2025-02-28T18:54:53.840Z]
### Progress: 222005/309212 events | Elapsed time: 12707.3s [2025-02-28T18:54:58.841Z]
### Progress: 222085/309212 events | Elapsed time: 12712.3s [2025-02-28T18:55:03.853Z]
### Progress: 222178/309212 events | Elapsed time: 12717.3s [2025-02-28T18:55:08.873Z]
### Progress: 222261/309212 events | Elapsed time: 12722.3s [2025-02-28T18:55:13.889Z]
### Progress: 222349/309212 events | Elapsed time: 12727.4s [2025-02-28T18:55:18.908Z]
### Progress: 222435/309212 events | Elapsed time: 12732.3s [2025-02-28T18:55:23.846Z]
### Progress: 222519/309212 events | Elapsed time: 12737.3s [2025-02-28T18:55:28.847Z]
### Progress: 222602/309212 events | Elapsed time: 12742.4s [2025-02-28T18:55:33.959Z]
### Progress: 222695/309212 events | Elapsed time: 12747.3s [2025-02-28T18:55:38.852Z]
### Progress: 222784/309212 events | Elapsed time: 12752.3s [2025-02-28T18:55:43.853Z]
### Progress: 222873/309212 events | Elapsed time: 12757.3s [2025-02-28T18:55:48.853Z]
### Progress: 222953/309212 events | Elapsed time: 12762.4s [2025-02-28T18:55:53.928Z]
### Progress: 223039/309212 events | Elapsed time: 12767.4s [2025-02-28T18:55:58.947Z]
### Progress: 223129/309212 events | Elapsed time: 12772.4s [2025-02-28T18:56:03.963Z]
### Progress: 223222/309212 events | Elapsed time: 12777.3s [2025-02-28T18:56:08.880Z]
### Progress: 223307/309212 events | Elapsed time: 12782.3s [2025-02-28T18:56:13.859Z]
### Progress: 223396/309212 events | Elapsed time: 12787.3s [2025-02-28T18:56:18.860Z]
### Progress: 223474/309212 events | Elapsed time: 12792.4s [2025-02-28T18:56:23.932Z]
### Progress: 223563/309212 events | Elapsed time: 12797.4s [2025-02-28T18:56:28.949Z]
### Progress: 223652/309212 events | Elapsed time: 12802.3s [2025-02-28T18:56:33.865Z]
### Progress: 223741/309212 events | Elapsed time: 12807.3s [2025-02-28T18:56:38.863Z]
### Progress: 223830/309212 events | Elapsed time: 12812.3s [2025-02-28T18:56:43.864Z]
### Progress: 223923/309212 events | Elapsed time: 12817.3s [2025-02-28T18:56:48.865Z]
### Progress: 224000/309212 events | Elapsed time: 12822.4s [2025-02-28T18:56:53.949Z]
### Progress: 224090/309212 events | Elapsed time: 12827.3s [2025-02-28T18:56:58.869Z]
### Progress: 224178/309212 events | Elapsed time: 12832.3s [2025-02-28T18:57:03.870Z]
### Progress: 224268/309212 events | Elapsed time: 12837.3s [2025-02-28T18:57:08.865Z]
### Progress: 224357/309212 events | Elapsed time: 12842.3s [2025-02-28T18:57:13.867Z]
### Progress: 224441/309212 events | Elapsed time: 12847.3s [2025-02-28T18:57:18.868Z]
### Progress: 224524/309212 events | Elapsed time: 12852.4s [2025-02-28T18:57:23.939Z]
### Progress: 224613/309212 events | Elapsed time: 12857.4s [2025-02-28T18:57:28.957Z]
### Progress: 224702/309212 events | Elapsed time: 12862.3s [2025-02-28T18:57:33.874Z]
### Progress: 224782/309212 events | Elapsed time: 12867.3s [2025-02-28T18:57:38.890Z]
### Progress: 224868/309212 events | Elapsed time: 12872.3s [2025-02-28T18:57:43.868Z]
### Progress: 224961/309212 events | Elapsed time: 12877.3s [2025-02-28T18:57:48.871Z]
### Progress: 225047/309212 events | Elapsed time: 12882.4s [2025-02-28T18:57:53.942Z]
### Progress: 225136/309212 events | Elapsed time: 12887.4s [2025-02-28T18:57:58.960Z]
### Progress: 225225/309212 events | Elapsed time: 12892.3s [2025-02-28T18:58:03.877Z]
### Progress: 225303/309212 events | Elapsed time: 12897.3s [2025-02-28T18:58:08.893Z]
### Progress: 225392/309212 events | Elapsed time: 12902.4s [2025-02-28T18:58:13.912Z]
### Progress: 225481/309212 events | Elapsed time: 12907.4s [2025-02-28T18:58:18.929Z]
### Progress: 225570/309212 events | Elapsed time: 12912.4s [2025-02-28T18:58:23.946Z]
### Progress: 225659/309212 events | Elapsed time: 12917.4s [2025-02-28T18:58:28.964Z]
### Progress: 225743/309212 events | Elapsed time: 12922.3s [2025-02-28T18:58:33.885Z]
### Progress: 225828/309212 events | Elapsed time: 12927.4s [2025-02-28T18:58:38.897Z]
### Progress: 225915/309212 events | Elapsed time: 12932.4s [2025-02-28T18:58:43.914Z]
### Progress: 226008/309212 events | Elapsed time: 12937.4s [2025-02-28T18:58:48.933Z]
### Progress: 226093/309212 events | Elapsed time: 12942.4s [2025-02-28T18:58:53.950Z]
### Progress: 226177/309212 events | Elapsed time: 12947.4s [2025-02-28T18:58:58.967Z]
### Progress: 226263/309212 events | Elapsed time: 12952.4s [2025-02-28T18:59:03.895Z]
### Progress: 226351/309212 events | Elapsed time: 12957.4s [2025-02-28T18:59:08.901Z]
### Progress: 226438/309212 events | Elapsed time: 12962.4s [2025-02-28T18:59:13.919Z]
### Progress: 226528/309212 events | Elapsed time: 12967.4s [2025-02-28T18:59:18.937Z]
### Progress: 226611/309212 events | Elapsed time: 12972.4s [2025-02-28T18:59:23.953Z]
### Progress: 226697/309212 events | Elapsed time: 12977.4s [2025-02-28T18:59:28.971Z]
### Progress: 226787/309212 events | Elapsed time: 12982.4s [2025-02-28T18:59:33.899Z]
### Progress: 226872/309212 events | Elapsed time: 12987.5s [2025-02-28T18:59:39.007Z]
### Progress: 226961/309212 events | Elapsed time: 12992.4s [2025-02-28T18:59:43.923Z]
### Progress: 227044/309212 events | Elapsed time: 12997.4s [2025-02-28T18:59:48.940Z]
### Progress: 227128/309212 events | Elapsed time: 13002.4s [2025-02-28T18:59:53.904Z]
### Progress: 227217/309212 events | Elapsed time: 13007.4s [2025-02-28T18:59:58.975Z]
### Progress: 227306/309212 events | Elapsed time: 13012.4s [2025-02-28T19:00:03.906Z]
### Progress: 227387/309212 events | Elapsed time: 13017.5s [2025-02-28T19:00:09.013Z]
### Progress: 227472/309212 events | Elapsed time: 13022.4s [2025-02-28T19:00:13.927Z]
### Progress: 227560/309212 events | Elapsed time: 13027.4s [2025-02-28T19:00:18.945Z]
### Progress: 227643/309212 events | Elapsed time: 13032.4s [2025-02-28T19:00:23.909Z]
### Progress: 227727/309212 events | Elapsed time: 13037.4s [2025-02-28T19:00:28.909Z]
### Progress: 227810/309212 events | Elapsed time: 13042.5s [2025-02-28T19:00:33.997Z]
### Progress: 227899/309212 events | Elapsed time: 13047.5s [2025-02-28T19:00:39.014Z]
### Progress: 227988/309212 events | Elapsed time: 13052.4s [2025-02-28T19:00:43.930Z]
### Progress: 228070/309212 events | Elapsed time: 13057.4s [2025-02-28T19:00:48.948Z]
### Progress: 228154/309212 events | Elapsed time: 13062.4s [2025-02-28T19:00:53.912Z]
### Progress: 228244/309212 events | Elapsed time: 13067.4s [2025-02-28T19:00:58.982Z]
### Progress: 228332/309212 events | Elapsed time: 13072.5s [2025-02-28T19:01:04.002Z]
### Progress: 228418/309212 events | Elapsed time: 13077.5s [2025-02-28T19:01:09.019Z]
### Progress: 228502/309212 events | Elapsed time: 13082.4s [2025-02-28T19:01:13.934Z]
### Progress: 228585/309212 events | Elapsed time: 13087.4s [2025-02-28T19:01:18.915Z]
### Progress: 228674/309212 events | Elapsed time: 13092.4s [2025-02-28T19:01:23.917Z]
### Progress: 228763/309212 events | Elapsed time: 13097.4s [2025-02-28T19:01:28.918Z]
### Progress: 228843/309212 events | Elapsed time: 13102.5s [2025-02-28T19:01:34.003Z]
### Progress: 228929/309212 events | Elapsed time: 13107.4s [2025-02-28T19:01:38.920Z]
### Progress: 229015/309212 events | Elapsed time: 13112.4s [2025-02-28T19:01:43.935Z]
### Progress: 229106/309212 events | Elapsed time: 13117.4s [2025-02-28T19:01:48.955Z]
### Progress: 229193/309212 events | Elapsed time: 13122.4s [2025-02-28T19:01:53.922Z]
### Progress: 229277/309212 events | Elapsed time: 13127.4s [2025-02-28T19:01:58.923Z]
### Progress: 229360/309212 events | Elapsed time: 13132.5s [2025-02-28T19:02:04.006Z]
### Progress: 229449/309212 events | Elapsed time: 13137.4s [2025-02-28T19:02:08.925Z]
### Progress: 229534/309212 events | Elapsed time: 13142.4s [2025-02-28T19:02:13.941Z]
### Progress: 229618/309212 events | Elapsed time: 13147.4s [2025-02-28T19:02:18.958Z]
### Progress: 229704/309212 events | Elapsed time: 13152.4s [2025-02-28T19:02:23.929Z]
### Progress: 229794/309212 events | Elapsed time: 13157.4s [2025-02-28T19:02:28.994Z]
### Progress: 229879/309212 events | Elapsed time: 13162.5s [2025-02-28T19:02:34.011Z]
### Progress: 229968/309212 events | Elapsed time: 13167.5s [2025-02-28T19:02:39.029Z]
### Progress: 230052/309212 events | Elapsed time: 13172.4s [2025-02-28T19:02:43.945Z]
### Progress: 230138/309212 events | Elapsed time: 13177.4s [2025-02-28T19:02:48.963Z]
### Progress: 230224/309212 events | Elapsed time: 13182.4s [2025-02-28T19:02:53.934Z]
### Progress: 230313/309212 events | Elapsed time: 13187.4s [2025-02-28T19:02:58.934Z]
### Progress: 230393/309212 events | Elapsed time: 13192.5s [2025-02-28T19:03:04.014Z]
### Progress: 230479/309212 events | Elapsed time: 13197.5s [2025-02-28T19:03:09.034Z]
### Progress: 230569/309212 events | Elapsed time: 13202.4s [2025-02-28T19:03:13.949Z]
### Progress: 230654/309212 events | Elapsed time: 13207.4s [2025-02-28T19:03:18.966Z]
### Progress: 230743/309212 events | Elapsed time: 13212.4s [2025-02-28T19:03:23.939Z]
### Progress: 230827/309212 events | Elapsed time: 13217.5s [2025-02-28T19:03:29.002Z]
### Progress: 230910/309212 events | Elapsed time: 13222.4s [2025-02-28T19:03:33.940Z]
### Progress: 230998/309212 events | Elapsed time: 13227.5s [2025-02-28T19:03:39.038Z]
### Progress: 231084/309212 events | Elapsed time: 13232.4s [2025-02-28T19:03:43.953Z]
### Progress: 231161/309212 events | Elapsed time: 13237.4s [2025-02-28T19:03:48.970Z]
### Progress: 231251/309212 events | Elapsed time: 13242.4s [2025-02-28T19:03:53.943Z]
### Progress: 231340/309212 events | Elapsed time: 13247.5s [2025-02-28T19:03:59.006Z]
### Progress: 231425/309212 events | Elapsed time: 13252.4s [2025-02-28T19:04:03.945Z]
### Progress: 231502/309212 events | Elapsed time: 13257.5s [2025-02-28T19:04:09.049Z]
### Progress: 231592/309212 events | Elapsed time: 13262.4s [2025-02-28T19:04:13.957Z]
### Progress: 231684/309212 events | Elapsed time: 13267.4s [2025-02-28T19:04:18.947Z]
### Progress: 231789/309212 events | Elapsed time: 13272.4s [2025-02-28T19:04:23.949Z]
### Progress: 231900/309212 events | Elapsed time: 13277.4s [2025-02-28T19:04:28.948Z]
### Progress: 232009/309212 events | Elapsed time: 13282.4s [2025-02-28T19:04:33.950Z]
### Progress: 232118/309212 events | Elapsed time: 13287.4s [2025-02-28T19:04:38.950Z]
### Progress: 232227/309212 events | Elapsed time: 13292.4s [2025-02-28T19:04:43.950Z]
### Progress: 232336/309212 events | Elapsed time: 13297.4s [2025-02-28T19:04:48.951Z]
### Progress: 232449/309212 events | Elapsed time: 13302.4s [2025-02-28T19:04:53.952Z]
### Progress: 232546/309212 events | Elapsed time: 13307.4s [2025-02-28T19:04:58.953Z]
### Progress: 232664/309212 events | Elapsed time: 13312.4s [2025-02-28T19:05:03.954Z]
### Progress: 232763/309212 events | Elapsed time: 13317.4s [2025-02-28T19:05:08.956Z]
### Progress: 232881/309212 events | Elapsed time: 13322.4s [2025-02-28T19:05:13.956Z]
### Progress: 232979/309212 events | Elapsed time: 13327.4s [2025-02-28T19:05:18.980Z]
### Progress: 233054/309212 events | Elapsed time: 13332.6s [2025-02-28T19:05:24.113Z]
### Progress: 233145/309212 events | Elapsed time: 13337.5s [2025-02-28T19:05:29.017Z]
### Progress: 233228/309212 events | Elapsed time: 13342.4s [2025-02-28T19:05:33.958Z]
### Progress: 233314/309212 events | Elapsed time: 13347.5s [2025-02-28T19:05:39.052Z]
### Progress: 233395/309212 events | Elapsed time: 13352.4s [2025-02-28T19:05:43.968Z]
### Progress: 233486/309212 events | Elapsed time: 13357.4s [2025-02-28T19:05:48.983Z]
### Progress: 233574/309212 events | Elapsed time: 13362.4s [2025-02-28T19:05:53.959Z]
### Progress: 233662/309212 events | Elapsed time: 13367.5s [2025-02-28T19:05:59.025Z]
### Progress: 233748/309212 events | Elapsed time: 13372.4s [2025-02-28T19:06:03.963Z]
### Progress: 233828/309212 events | Elapsed time: 13377.5s [2025-02-28T19:06:09.059Z]
### Progress: 233915/309212 events | Elapsed time: 13382.4s [2025-02-28T19:06:13.977Z]
### Progress: 234003/309212 events | Elapsed time: 13387.4s [2025-02-28T19:06:18.987Z]
### Progress: 234095/309212 events | Elapsed time: 13392.4s [2025-02-28T19:06:23.968Z]
### Progress: 234188/309212 events | Elapsed time: 13397.5s [2025-02-28T19:06:29.025Z]
### Progress: 234263/309212 events | Elapsed time: 13402.4s [2025-02-28T19:06:33.969Z]
### Progress: 234351/309212 events | Elapsed time: 13407.5s [2025-02-28T19:06:39.060Z]
### Progress: 234437/309212 events | Elapsed time: 13412.4s [2025-02-28T19:06:43.976Z]
### Progress: 234529/309212 events | Elapsed time: 13417.4s [2025-02-28T19:06:48.993Z]
### Progress: 234604/309212 events | Elapsed time: 13422.4s [2025-02-28T19:06:53.971Z]
### Progress: 234695/309212 events | Elapsed time: 13427.5s [2025-02-28T19:06:59.029Z]
### Progress: 234783/309212 events | Elapsed time: 13432.4s [2025-02-28T19:07:03.975Z]
### Progress: 234871/309212 events | Elapsed time: 13437.5s [2025-02-28T19:07:09.066Z]
### Progress: 234957/309212 events | Elapsed time: 13442.4s [2025-02-28T19:07:13.982Z]
### Progress: 235038/309212 events | Elapsed time: 13447.5s [2025-02-28T19:07:18.999Z]
### Progress: 235124/309212 events | Elapsed time: 13452.4s [2025-02-28T19:07:23.975Z]
### Progress: 235212/309212 events | Elapsed time: 13457.5s [2025-02-28T19:07:29.033Z]
### Progress: 235298/309212 events | Elapsed time: 13462.4s [2025-02-28T19:07:33.982Z]
### Progress: 235377/309212 events | Elapsed time: 13467.5s [2025-02-28T19:07:39.073Z]
### Progress: 235465/309212 events | Elapsed time: 13472.4s [2025-02-28T19:07:43.986Z]
### Progress: 235555/309212 events | Elapsed time: 13477.5s [2025-02-28T19:07:49.002Z]
### Progress: 235645/309212 events | Elapsed time: 13482.5s [2025-02-28T19:07:54.020Z]
### Progress: 235732/309212 events | Elapsed time: 13487.5s [2025-02-28T19:07:59.037Z]
### Progress: 235813/309212 events | Elapsed time: 13492.5s [2025-02-28T19:08:04.056Z]
### Progress: 235905/309212 events | Elapsed time: 13497.5s [2025-02-28T19:08:09.091Z]
### Progress: 235992/309212 events | Elapsed time: 13502.4s [2025-02-28T19:08:13.989Z]
### Progress: 236080/309212 events | Elapsed time: 13507.5s [2025-02-28T19:08:19.007Z]
### Progress: 236166/309212 events | Elapsed time: 13512.4s [2025-02-28T19:08:23.989Z]
### Progress: 236247/309212 events | Elapsed time: 13517.4s [2025-02-28T19:08:28.990Z]
### Progress: 236333/309212 events | Elapsed time: 13522.4s [2025-02-28T19:08:33.992Z]
### Progress: 236426/309212 events | Elapsed time: 13527.4s [2025-02-28T19:08:38.992Z]
### Progress: 236513/309212 events | Elapsed time: 13532.6s [2025-02-28T19:08:44.097Z]
### Progress: 236600/309212 events | Elapsed time: 13537.5s [2025-02-28T19:08:49.012Z]
### Progress: 236681/309212 events | Elapsed time: 13542.4s [2025-02-28T19:08:53.994Z]
### Progress: 236772/309212 events | Elapsed time: 13547.5s [2025-02-28T19:08:59.046Z]
### Progress: 236860/309212 events | Elapsed time: 13552.5s [2025-02-28T19:09:03.995Z]
### Progress: 236950/309212 events | Elapsed time: 13557.5s [2025-02-28T19:09:09.083Z]
### Progress: 237041/309212 events | Elapsed time: 13562.6s [2025-02-28T19:09:14.098Z]
### Progress: 237127/309212 events | Elapsed time: 13567.5s [2025-02-28T19:09:19.017Z]
### Progress: 237208/309212 events | Elapsed time: 13572.5s [2025-02-28T19:09:24.033Z]
### Progress: 237294/309212 events | Elapsed time: 13577.5s [2025-02-28T19:09:29.051Z]
### Progress: 237381/309212 events | Elapsed time: 13582.5s [2025-02-28T19:09:33.999Z]
### Progress: 237468/309212 events | Elapsed time: 13587.5s [2025-02-28T19:09:39.085Z]
### Progress: 237549/309212 events | Elapsed time: 13592.5s [2025-02-28T19:09:44.001Z]
### Progress: 237635/309212 events | Elapsed time: 13597.5s [2025-02-28T19:09:49.019Z]
### Progress: 237722/309212 events | Elapsed time: 13602.5s [2025-02-28T19:09:54.036Z]
### Progress: 237809/309212 events | Elapsed time: 13607.5s [2025-02-28T19:09:59.006Z]
### Progress: 237890/309212 events | Elapsed time: 13612.5s [2025-02-28T19:10:04.070Z]
### Progress: 237981/309212 events | Elapsed time: 13617.6s [2025-02-28T19:10:09.190Z]
### Progress: 238069/309212 events | Elapsed time: 13622.6s [2025-02-28T19:10:14.105Z]
### Progress: 238157/309212 events | Elapsed time: 13627.5s [2025-02-28T19:10:19.022Z]
### Progress: 238243/309212 events | Elapsed time: 13632.5s [2025-02-28T19:10:24.006Z]
### Progress: 238322/309212 events | Elapsed time: 13637.5s [2025-02-28T19:10:29.055Z]
### Progress: 238408/309212 events | Elapsed time: 13642.5s [2025-02-28T19:10:34.074Z]
### Progress: 238497/309212 events | Elapsed time: 13647.5s [2025-02-28T19:10:39.008Z]
### Progress: 238573/309212 events | Elapsed time: 13652.6s [2025-02-28T19:10:44.109Z]
### Progress: 238663/309212 events | Elapsed time: 13657.5s [2025-02-28T19:10:49.025Z]
### Progress: 238746/309212 events | Elapsed time: 13662.5s [2025-02-28T19:10:54.010Z]
### Progress: 238839/309212 events | Elapsed time: 13667.5s [2025-02-28T19:10:59.060Z]
### Progress: 238925/309212 events | Elapsed time: 13672.5s [2025-02-28T19:11:04.084Z]
### Progress: 239006/309212 events | Elapsed time: 13677.5s [2025-02-28T19:11:09.013Z]
### Progress: 239092/309212 events | Elapsed time: 13682.6s [2025-02-28T19:11:14.112Z]
### Progress: 239181/309212 events | Elapsed time: 13687.5s [2025-02-28T19:11:19.027Z]
### Progress: 239272/309212 events | Elapsed time: 13692.5s [2025-02-28T19:11:24.044Z]
### Progress: 239365/309212 events | Elapsed time: 13697.5s [2025-02-28T19:11:29.063Z]
### Progress: 239440/309212 events | Elapsed time: 13702.5s [2025-02-28T19:11:34.018Z]
### Progress: 239526/309212 events | Elapsed time: 13707.5s [2025-02-28T19:11:39.020Z]
### Progress: 239613/309212 events | Elapsed time: 13712.6s [2025-02-28T19:11:44.115Z]
### Progress: 239700/309212 events | Elapsed time: 13717.5s [2025-02-28T19:11:49.030Z]
### Progress: 239781/309212 events | Elapsed time: 13722.5s [2025-02-28T19:11:54.023Z]
### Progress: 239874/309212 events | Elapsed time: 13727.5s [2025-02-28T19:11:59.067Z]
### Progress: 239960/309212 events | Elapsed time: 13732.5s [2025-02-28T19:12:04.024Z]
### Progress: 240048/309212 events | Elapsed time: 13737.5s [2025-02-28T19:12:09.025Z]
### Progress: 240134/309212 events | Elapsed time: 13742.6s [2025-02-28T19:12:14.118Z]
### Progress: 240215/309212 events | Elapsed time: 13747.5s [2025-02-28T19:12:19.036Z]
### Progress: 240301/309212 events | Elapsed time: 13752.5s [2025-02-28T19:12:24.052Z]
### Progress: 240394/309212 events | Elapsed time: 13757.5s [2025-02-28T19:12:29.030Z]
### Progress: 240481/309212 events | Elapsed time: 13762.5s [2025-02-28T19:12:34.088Z]
### Progress: 240568/309212 events | Elapsed time: 13767.5s [2025-02-28T19:12:39.032Z]
### Progress: 240647/309212 events | Elapsed time: 13772.6s [2025-02-28T19:12:44.122Z]
### Progress: 240735/309212 events | Elapsed time: 13777.5s [2025-02-28T19:12:49.039Z]
### Progress: 240822/309212 events | Elapsed time: 13782.5s [2025-02-28T19:12:54.054Z]
### Progress: 240915/309212 events | Elapsed time: 13787.5s [2025-02-28T19:12:59.077Z]
### Progress: 240990/309212 events | Elapsed time: 13792.5s [2025-02-28T19:13:04.035Z]
### Progress: 241081/309212 events | Elapsed time: 13797.5s [2025-02-28T19:13:09.036Z]
### Progress: 241164/309212 events | Elapsed time: 13802.6s [2025-02-28T19:13:14.126Z]
### Progress: 241257/309212 events | Elapsed time: 13807.5s [2025-02-28T19:13:19.045Z]
### Progress: 241343/309212 events | Elapsed time: 13812.5s [2025-02-28T19:13:24.060Z]
### Progress: 241436/309212 events | Elapsed time: 13817.5s [2025-02-28T19:13:29.080Z]
### Progress: 241517/309212 events | Elapsed time: 13822.5s [2025-02-28T19:13:34.057Z]
### Progress: 241605/309212 events | Elapsed time: 13827.6s [2025-02-28T19:13:39.114Z]
### Progress: 241691/309212 events | Elapsed time: 13832.5s [2025-02-28T19:13:44.041Z]
### Progress: 241777/309212 events | Elapsed time: 13837.6s [2025-02-28T19:13:49.148Z]
### Progress: 241858/309212 events | Elapsed time: 13842.5s [2025-02-28T19:13:54.054Z]
### Progress: 241951/309212 events | Elapsed time: 13847.5s [2025-02-28T19:13:59.082Z]
### Progress: 242037/309212 events | Elapsed time: 13852.5s [2025-02-28T19:14:04.047Z]
### Progress: 242125/309212 events | Elapsed time: 13857.5s [2025-02-28T19:14:09.048Z]
### Progress: 242211/309212 events | Elapsed time: 13862.6s [2025-02-28T19:14:14.134Z]
### Progress: 242292/309212 events | Elapsed time: 13867.5s [2025-02-28T19:14:19.052Z]
### Progress: 242378/309212 events | Elapsed time: 13872.5s [2025-02-28T19:14:24.068Z]
### Progress: 242476/309212 events | Elapsed time: 13877.5s [2025-02-28T19:14:29.086Z]
### Progress: 242559/309212 events | Elapsed time: 13882.5s [2025-02-28T19:14:34.051Z]
### Progress: 242645/309212 events | Elapsed time: 13887.6s [2025-02-28T19:14:39.121Z]
### Progress: 242725/309212 events | Elapsed time: 13892.6s [2025-02-28T19:14:44.139Z]
### Progress: 242812/309212 events | Elapsed time: 13897.6s [2025-02-28T19:14:49.156Z]
### Progress: 242900/309212 events | Elapsed time: 13902.5s [2025-02-28T19:14:54.071Z]
### Progress: 242998/309212 events | Elapsed time: 13907.5s [2025-02-28T19:14:59.091Z]
### Progress: 243085/309212 events | Elapsed time: 13912.5s [2025-02-28T19:15:04.055Z]
### Progress: 243170/309212 events | Elapsed time: 13917.6s [2025-02-28T19:15:09.126Z]
### Progress: 243251/309212 events | Elapsed time: 13922.5s [2025-02-28T19:15:14.057Z]
### Progress: 243336/309212 events | Elapsed time: 13927.6s [2025-02-28T19:15:19.161Z]
### Progress: 243427/309212 events | Elapsed time: 13932.5s [2025-02-28T19:15:24.076Z]
### Progress: 243516/309212 events | Elapsed time: 13937.5s [2025-02-28T19:15:29.094Z]
### Progress: 243594/309212 events | Elapsed time: 13942.6s [2025-02-28T19:15:34.111Z]
### Progress: 243685/309212 events | Elapsed time: 13947.5s [2025-02-28T19:15:39.062Z]
### Progress: 243768/309212 events | Elapsed time: 13952.6s [2025-02-28T19:15:44.146Z]
### Progress: 243861/309212 events | Elapsed time: 13957.5s [2025-02-28T19:15:49.063Z]
### Progress: 243947/309212 events | Elapsed time: 13962.5s [2025-02-28T19:15:54.080Z]
### Progress: 244040/309212 events | Elapsed time: 13967.6s [2025-02-28T19:15:59.099Z]
### Progress: 244119/309212 events | Elapsed time: 13972.5s [2025-02-28T19:16:04.078Z]
### Progress: 244207/309212 events | Elapsed time: 13977.5s [2025-02-28T19:16:09.065Z]
### Progress: 244293/309212 events | Elapsed time: 13982.6s [2025-02-28T19:16:14.151Z]
### Progress: 244378/309212 events | Elapsed time: 13987.5s [2025-02-28T19:16:19.067Z]
### Progress: 244459/309212 events | Elapsed time: 13992.6s [2025-02-28T19:16:24.185Z]
### Progress: 244549/309212 events | Elapsed time: 13997.6s [2025-02-28T19:16:29.103Z]
### Progress: 244635/309212 events | Elapsed time: 14002.6s [2025-02-28T19:16:34.118Z]
### Progress: 244724/309212 events | Elapsed time: 14007.5s [2025-02-28T19:16:39.071Z]
### Progress: 244812/309212 events | Elapsed time: 14012.6s [2025-02-28T19:16:44.154Z]
### Progress: 244894/309212 events | Elapsed time: 14017.5s [2025-02-28T19:16:49.074Z]
### Progress: 244982/309212 events | Elapsed time: 14022.5s [2025-02-28T19:16:54.086Z]
### Progress: 245075/309212 events | Elapsed time: 14027.6s [2025-02-28T19:16:59.106Z]
### Progress: 245158/309212 events | Elapsed time: 14032.5s [2025-02-28T19:17:04.076Z]
### Progress: 245246/309212 events | Elapsed time: 14037.6s [2025-02-28T19:17:09.142Z]
### Progress: 245327/309212 events | Elapsed time: 14042.5s [2025-02-28T19:17:14.076Z]
### Progress: 245416/309212 events | Elapsed time: 14047.5s [2025-02-28T19:17:19.076Z]
### Progress: 245502/309212 events | Elapsed time: 14052.5s [2025-02-28T19:17:24.079Z]
### Progress: 245595/309212 events | Elapsed time: 14057.6s [2025-02-28T19:17:29.109Z]
### Progress: 245679/309212 events | Elapsed time: 14062.5s [2025-02-28T19:17:34.079Z]
### Progress: 245762/309212 events | Elapsed time: 14067.5s [2025-02-28T19:17:39.081Z]
### Progress: 245850/309212 events | Elapsed time: 14072.6s [2025-02-28T19:17:44.161Z]
### Progress: 245943/309212 events | Elapsed time: 14077.5s [2025-02-28T19:17:49.081Z]
### Progress: 246026/309212 events | Elapsed time: 14082.5s [2025-02-28T19:17:54.094Z]
### Progress: 246119/309212 events | Elapsed time: 14087.6s [2025-02-28T19:17:59.112Z]
### Progress: 246206/309212 events | Elapsed time: 14092.5s [2025-02-28T19:18:04.084Z]
### Progress: 246289/309212 events | Elapsed time: 14097.5s [2025-02-28T19:18:09.084Z]
### Progress: 246377/309212 events | Elapsed time: 14102.6s [2025-02-28T19:18:14.166Z]
### Progress: 246470/309212 events | Elapsed time: 14107.5s [2025-02-28T19:18:19.086Z]
### Progress: 246553/309212 events | Elapsed time: 14112.5s [2025-02-28T19:18:24.089Z]
### Progress: 246646/309212 events | Elapsed time: 14117.6s [2025-02-28T19:18:29.119Z]
### Progress: 246723/309212 events | Elapsed time: 14122.5s [2025-02-28T19:18:34.091Z]
### Progress: 246815/309212 events | Elapsed time: 14127.5s [2025-02-28T19:18:39.092Z]
### Progress: 246897/309212 events | Elapsed time: 14132.6s [2025-02-28T19:18:44.171Z]
### Progress: 246990/309212 events | Elapsed time: 14137.5s [2025-02-28T19:18:49.093Z]
### Progress: 247074/309212 events | Elapsed time: 14142.6s [2025-02-28T19:18:54.106Z]
### Progress: 247167/309212 events | Elapsed time: 14147.6s [2025-02-28T19:18:59.128Z]
### Progress: 247249/309212 events | Elapsed time: 14152.5s [2025-02-28T19:19:04.095Z]
### Progress: 247338/309212 events | Elapsed time: 14157.6s [2025-02-28T19:19:09.097Z]
### Progress: 247421/309212 events | Elapsed time: 14162.6s [2025-02-28T19:19:14.181Z]
### Progress: 247508/309212 events | Elapsed time: 14167.6s [2025-02-28T19:19:19.195Z]
### Progress: 247591/309212 events | Elapsed time: 14172.6s [2025-02-28T19:19:24.111Z]
### Progress: 247683/309212 events | Elapsed time: 14177.6s [2025-02-28T19:19:29.129Z]
### Progress: 247765/309212 events | Elapsed time: 14182.6s [2025-02-28T19:19:34.100Z]
### Progress: 247855/309212 events | Elapsed time: 14187.6s [2025-02-28T19:19:39.100Z]
### Progress: 247932/309212 events | Elapsed time: 14192.6s [2025-02-28T19:19:44.181Z]
### Progress: 248024/309212 events | Elapsed time: 14197.7s [2025-02-28T19:19:49.199Z]
### Progress: 248113/309212 events | Elapsed time: 14202.6s [2025-02-28T19:19:54.115Z]
### Progress: 248196/309212 events | Elapsed time: 14207.6s [2025-02-28T19:19:59.133Z]
### Progress: 248273/309212 events | Elapsed time: 14212.6s [2025-02-28T19:20:04.105Z]
### Progress: 248365/309212 events | Elapsed time: 14217.6s [2025-02-28T19:20:09.106Z]
### Progress: 248449/309212 events | Elapsed time: 14222.6s [2025-02-28T19:20:14.187Z]
### Progress: 248537/309212 events | Elapsed time: 14227.7s [2025-02-28T19:20:19.203Z]
### Progress: 248624/309212 events | Elapsed time: 14232.6s [2025-02-28T19:20:24.121Z]
### Progress: 248707/309212 events | Elapsed time: 14237.7s [2025-02-28T19:20:29.249Z]
### Progress: 248790/309212 events | Elapsed time: 14242.6s [2025-02-28T19:20:34.155Z]
### Progress: 248878/309212 events | Elapsed time: 14247.6s [2025-02-28T19:20:39.110Z]
### Progress: 248963/309212 events | Elapsed time: 14252.6s [2025-02-28T19:20:44.192Z]
### Progress: 249047/309212 events | Elapsed time: 14257.6s [2025-02-28T19:20:49.112Z]
### Progress: 249129/309212 events | Elapsed time: 14262.6s [2025-02-28T19:20:54.123Z]
### Progress: 249222/309212 events | Elapsed time: 14267.6s [2025-02-28T19:20:59.143Z]
### Progress: 249306/309212 events | Elapsed time: 14272.6s [2025-02-28T19:21:04.160Z]
### Progress: 249399/309212 events | Elapsed time: 14277.6s [2025-02-28T19:21:09.116Z]
### Progress: 249481/309212 events | Elapsed time: 14282.7s [2025-02-28T19:21:14.196Z]
### Progress: 249570/309212 events | Elapsed time: 14287.7s [2025-02-28T19:21:19.214Z]
### Progress: 249656/309212 events | Elapsed time: 14292.6s [2025-02-28T19:21:24.130Z]
### Progress: 249746/309212 events | Elapsed time: 14297.6s [2025-02-28T19:21:29.146Z]
### Progress: 249833/309212 events | Elapsed time: 14302.6s [2025-02-28T19:21:34.165Z]
### Progress: 249926/309212 events | Elapsed time: 14307.6s [2025-02-28T19:21:39.121Z]
### Progress: 250008/309212 events | Elapsed time: 14312.7s [2025-02-28T19:21:44.200Z]
### Progress: 250097/309212 events | Elapsed time: 14317.7s [2025-02-28T19:21:49.218Z]
### Progress: 250188/309212 events | Elapsed time: 14322.6s [2025-02-28T19:21:54.136Z]
### Progress: 250273/309212 events | Elapsed time: 14327.6s [2025-02-28T19:21:59.153Z]
### Progress: 250350/309212 events | Elapsed time: 14332.6s [2025-02-28T19:22:04.126Z]
### Progress: 250442/309212 events | Elapsed time: 14337.6s [2025-02-28T19:22:09.189Z]
### Progress: 250524/309212 events | Elapsed time: 14342.6s [2025-02-28T19:22:14.128Z]
### Progress: 250614/309212 events | Elapsed time: 14347.7s [2025-02-28T19:22:19.223Z]
### Progress: 250701/309212 events | Elapsed time: 14352.6s [2025-02-28T19:22:24.140Z]
### Progress: 250783/309212 events | Elapsed time: 14357.6s [2025-02-28T19:22:29.155Z]
### Progress: 250872/309212 events | Elapsed time: 14362.6s [2025-02-28T19:22:34.134Z]
### Progress: 250965/309212 events | Elapsed time: 14367.6s [2025-02-28T19:22:39.134Z]
### Progress: 251048/309212 events | Elapsed time: 14372.7s [2025-02-28T19:22:44.209Z]
### Progress: 251135/309212 events | Elapsed time: 14377.6s [2025-02-28T19:22:49.135Z]
### Progress: 251217/309212 events | Elapsed time: 14382.7s [2025-02-28T19:22:54.245Z]
### Progress: 251306/309212 events | Elapsed time: 14387.6s [2025-02-28T19:22:59.162Z]
### Progress: 251389/309212 events | Elapsed time: 14392.6s [2025-02-28T19:23:04.138Z]
### Progress: 251482/309212 events | Elapsed time: 14397.7s [2025-02-28T19:23:09.197Z]
### Progress: 251559/309212 events | Elapsed time: 14402.6s [2025-02-28T19:23:14.139Z]
### Progress: 251647/309212 events | Elapsed time: 14407.7s [2025-02-28T19:23:19.231Z]
### Progress: 251737/309212 events | Elapsed time: 14412.6s [2025-02-28T19:23:24.147Z]
### Progress: 251822/309212 events | Elapsed time: 14417.6s [2025-02-28T19:23:29.164Z]
### Progress: 251909/309212 events | Elapsed time: 14422.6s [2025-02-28T19:23:34.143Z]
### Progress: 251993/309212 events | Elapsed time: 14427.7s [2025-02-28T19:23:39.200Z]
### Progress: 252085/309212 events | Elapsed time: 14432.7s [2025-02-28T19:23:44.218Z]
### Progress: 252174/309212 events | Elapsed time: 14437.7s [2025-02-28T19:23:49.236Z]
### Progress: 252260/309212 events | Elapsed time: 14442.6s [2025-02-28T19:23:54.152Z]
### Progress: 252343/309212 events | Elapsed time: 14447.6s [2025-02-28T19:23:59.168Z]
### Progress: 252427/309212 events | Elapsed time: 14452.6s [2025-02-28T19:24:04.149Z]
### Progress: 252520/309212 events | Elapsed time: 14457.7s [2025-02-28T19:24:09.209Z]
### Progress: 252608/309212 events | Elapsed time: 14462.6s [2025-02-28T19:24:14.154Z]
### Progress: 252690/309212 events | Elapsed time: 14467.6s [2025-02-28T19:24:19.153Z]
### Progress: 252768/309212 events | Elapsed time: 14472.7s [2025-02-28T19:24:24.258Z]
### Progress: 252860/309212 events | Elapsed time: 14477.6s [2025-02-28T19:24:29.173Z]
### Progress: 252949/309212 events | Elapsed time: 14482.6s [2025-02-28T19:24:34.192Z]
### Progress: 253042/309212 events | Elapsed time: 14487.6s [2025-02-28T19:24:39.155Z]
### Progress: 253124/309212 events | Elapsed time: 14492.7s [2025-02-28T19:24:44.227Z]
### Progress: 253211/309212 events | Elapsed time: 14497.6s [2025-02-28T19:24:49.157Z]
### Progress: 253295/309212 events | Elapsed time: 14502.7s [2025-02-28T19:24:54.262Z]
### Progress: 253388/309212 events | Elapsed time: 14507.6s [2025-02-28T19:24:59.177Z]
### Progress: 253480/309212 events | Elapsed time: 14512.6s [2025-02-28T19:25:04.160Z]
### Progress: 253569/309212 events | Elapsed time: 14517.7s [2025-02-28T19:25:09.214Z]
### Progress: 253655/309212 events | Elapsed time: 14522.7s [2025-02-28T19:25:14.231Z]
### Progress: 253744/309212 events | Elapsed time: 14527.6s [2025-02-28T19:25:19.161Z]
### Progress: 253822/309212 events | Elapsed time: 14532.7s [2025-02-28T19:25:24.228Z]
### Progress: 253915/309212 events | Elapsed time: 14537.6s [2025-02-28T19:25:29.184Z]
### Progress: 253992/309212 events | Elapsed time: 14542.8s [2025-02-28T19:25:34.303Z]
### Progress: 254079/309212 events | Elapsed time: 14547.7s [2025-02-28T19:25:39.218Z]
### Progress: 254163/309212 events | Elapsed time: 14552.6s [2025-02-28T19:25:44.166Z]
### Progress: 254251/309212 events | Elapsed time: 14557.7s [2025-02-28T19:25:49.255Z]
### Progress: 254337/309212 events | Elapsed time: 14562.6s [2025-02-28T19:25:54.172Z]
### Progress: 254430/309212 events | Elapsed time: 14567.6s [2025-02-28T19:25:59.186Z]
### Progress: 254523/309212 events | Elapsed time: 14572.7s [2025-02-28T19:26:04.206Z]
### Progress: 254606/309212 events | Elapsed time: 14577.6s [2025-02-28T19:26:09.172Z]
### Progress: 254689/309212 events | Elapsed time: 14582.7s [2025-02-28T19:26:14.240Z]
### Progress: 254778/309212 events | Elapsed time: 14587.7s [2025-02-28T19:26:19.259Z]
### Progress: 254864/309212 events | Elapsed time: 14592.7s [2025-02-28T19:26:24.276Z]
### Progress: 254957/309212 events | Elapsed time: 14597.6s [2025-02-28T19:26:29.193Z]
### Progress: 255046/309212 events | Elapsed time: 14602.6s [2025-02-28T19:26:34.177Z]
### Progress: 255133/309212 events | Elapsed time: 14607.7s [2025-02-28T19:26:39.228Z]
### Progress: 255216/309212 events | Elapsed time: 14612.6s [2025-02-28T19:26:44.178Z]
### Progress: 255298/309212 events | Elapsed time: 14617.7s [2025-02-28T19:26:49.263Z]
### Progress: 255387/309212 events | Elapsed time: 14622.7s [2025-02-28T19:26:54.281Z]
### Progress: 255480/309212 events | Elapsed time: 14627.7s [2025-02-28T19:26:59.198Z]
### Progress: 255558/309212 events | Elapsed time: 14632.6s [2025-02-28T19:27:04.182Z]
### Progress: 255650/309212 events | Elapsed time: 14637.7s [2025-02-28T19:27:09.232Z]
### Progress: 255739/309212 events | Elapsed time: 14642.6s [2025-02-28T19:27:14.183Z]
### Progress: 255825/309212 events | Elapsed time: 14647.7s [2025-02-28T19:27:19.268Z]
### Progress: 255914/309212 events | Elapsed time: 14652.6s [2025-02-28T19:27:24.184Z]
### Progress: 255992/309212 events | Elapsed time: 14657.7s [2025-02-28T19:27:29.201Z]
### Progress: 256084/309212 events | Elapsed time: 14662.6s [2025-02-28T19:27:34.186Z]
### Progress: 256173/309212 events | Elapsed time: 14667.7s [2025-02-28T19:27:39.236Z]
### Progress: 256259/309212 events | Elapsed time: 14672.6s [2025-02-28T19:27:44.187Z]
### Progress: 256342/309212 events | Elapsed time: 14677.7s [2025-02-28T19:27:49.272Z]
### Progress: 256426/309212 events | Elapsed time: 14682.6s [2025-02-28T19:27:54.190Z]
### Progress: 256514/309212 events | Elapsed time: 14687.7s [2025-02-28T19:27:59.205Z]
### Progress: 256607/309212 events | Elapsed time: 14692.7s [2025-02-28T19:28:04.225Z]
### Progress: 256689/309212 events | Elapsed time: 14697.7s [2025-02-28T19:28:09.241Z]
### Progress: 256776/309212 events | Elapsed time: 14702.6s [2025-02-28T19:28:14.194Z]
### Progress: 256859/309212 events | Elapsed time: 14707.7s [2025-02-28T19:28:19.277Z]
### Progress: 256948/309212 events | Elapsed time: 14712.7s [2025-02-28T19:28:24.199Z]
### Progress: 257034/309212 events | Elapsed time: 14717.7s [2025-02-28T19:28:29.211Z]
### Progress: 257117/309212 events | Elapsed time: 14722.7s [2025-02-28T19:28:34.201Z]
### Progress: 257210/309212 events | Elapsed time: 14727.7s [2025-02-28T19:28:39.197Z]
### Progress: 257293/309212 events | Elapsed time: 14732.7s [2025-02-28T19:28:44.263Z]
### Progress: 257386/309212 events | Elapsed time: 14737.7s [2025-02-28T19:28:49.281Z]
### Progress: 257475/309212 events | Elapsed time: 14742.8s [2025-02-28T19:28:54.299Z]
### Progress: 257565/309212 events | Elapsed time: 14747.7s [2025-02-28T19:28:59.215Z]
### Progress: 257650/309212 events | Elapsed time: 14752.7s [2025-02-28T19:29:04.231Z]
### Progress: 257737/309212 events | Elapsed time: 14757.7s [2025-02-28T19:29:09.252Z]
### Progress: 257821/309212 events | Elapsed time: 14762.7s [2025-02-28T19:29:14.205Z]
### Progress: 257913/309212 events | Elapsed time: 14767.7s [2025-02-28T19:29:19.285Z]
### Progress: 258002/309212 events | Elapsed time: 14772.8s [2025-02-28T19:29:24.303Z]
### Progress: 258088/309212 events | Elapsed time: 14777.8s [2025-02-28T19:29:29.320Z]
### Progress: 258177/309212 events | Elapsed time: 14782.7s [2025-02-28T19:29:34.238Z]
### Progress: 258255/309212 events | Elapsed time: 14787.7s [2025-02-28T19:29:39.256Z]
### Progress: 258347/309212 events | Elapsed time: 14792.7s [2025-02-28T19:29:44.209Z]
### Progress: 258436/309212 events | Elapsed time: 14797.7s [2025-02-28T19:29:49.290Z]
### Progress: 258522/309212 events | Elapsed time: 14802.7s [2025-02-28T19:29:54.211Z]
### Progress: 258615/309212 events | Elapsed time: 14807.7s [2025-02-28T19:29:59.225Z]
### Progress: 258698/309212 events | Elapsed time: 14812.7s [2025-02-28T19:30:04.216Z]
### Progress: 258782/309212 events | Elapsed time: 14817.7s [2025-02-28T19:30:09.260Z]
### Progress: 258874/309212 events | Elapsed time: 14822.7s [2025-02-28T19:30:14.216Z]
### Progress: 258956/309212 events | Elapsed time: 14827.8s [2025-02-28T19:30:19.295Z]
### Progress: 259045/309212 events | Elapsed time: 14832.7s [2025-02-28T19:30:24.218Z]
### Progress: 259130/309212 events | Elapsed time: 14837.7s [2025-02-28T19:30:29.229Z]
### Progress: 259215/309212 events | Elapsed time: 14842.8s [2025-02-28T19:30:34.349Z]
### Progress: 259300/309212 events | Elapsed time: 14847.7s [2025-02-28T19:30:39.264Z]
### Progress: 259386/309212 events | Elapsed time: 14852.7s [2025-02-28T19:30:44.223Z]
### Progress: 259473/309212 events | Elapsed time: 14857.8s [2025-02-28T19:30:49.299Z]
### Progress: 259557/309212 events | Elapsed time: 14862.7s [2025-02-28T19:30:54.224Z]
### Progress: 259649/309212 events | Elapsed time: 14867.8s [2025-02-28T19:30:59.335Z]
### Progress: 259738/309212 events | Elapsed time: 14872.7s [2025-02-28T19:31:04.252Z]
### Progress: 259821/309212 events | Elapsed time: 14877.7s [2025-02-28T19:31:09.292Z]
### Progress: 259907/309212 events | Elapsed time: 14882.7s [2025-02-28T19:31:14.225Z]
### Progress: 259991/309212 events | Elapsed time: 14887.7s [2025-02-28T19:31:19.227Z]
### Progress: 260079/309212 events | Elapsed time: 14892.8s [2025-02-28T19:31:24.321Z]
### Progress: 260165/309212 events | Elapsed time: 14897.8s [2025-02-28T19:31:29.339Z]
### Progress: 260255/309212 events | Elapsed time: 14902.7s [2025-02-28T19:31:34.259Z]
### Progress: 260341/309212 events | Elapsed time: 14907.7s [2025-02-28T19:31:39.272Z]
### Progress: 260425/309212 events | Elapsed time: 14912.7s [2025-02-28T19:31:44.232Z]
### Progress: 260513/309212 events | Elapsed time: 14917.8s [2025-02-28T19:31:49.309Z]
### Progress: 260599/309212 events | Elapsed time: 14922.7s [2025-02-28T19:31:54.235Z]
### Progress: 260682/309212 events | Elapsed time: 14927.8s [2025-02-28T19:31:59.344Z]
### Progress: 260766/309212 events | Elapsed time: 14932.7s [2025-02-28T19:32:04.258Z]
### Progress: 260858/309212 events | Elapsed time: 14937.7s [2025-02-28T19:32:09.278Z]
### Progress: 260947/309212 events | Elapsed time: 14942.7s [2025-02-28T19:32:14.238Z]
### Progress: 261033/309212 events | Elapsed time: 14947.8s [2025-02-28T19:32:19.312Z]
### Progress: 261122/309212 events | Elapsed time: 14952.7s [2025-02-28T19:32:24.237Z]
### Progress: 261200/309212 events | Elapsed time: 14957.7s [2025-02-28T19:32:29.246Z]
### Progress: 261292/309212 events | Elapsed time: 14962.7s [2025-02-28T19:32:34.262Z]
### Progress: 261385/309212 events | Elapsed time: 14967.7s [2025-02-28T19:32:39.282Z]
### Progress: 261474/309212 events | Elapsed time: 14972.7s [2025-02-28T19:32:44.240Z]
### Progress: 261556/309212 events | Elapsed time: 14977.8s [2025-02-28T19:32:49.318Z]
### Progress: 261643/309212 events | Elapsed time: 14982.7s [2025-02-28T19:32:54.242Z]
### Progress: 261726/309212 events | Elapsed time: 14987.8s [2025-02-28T19:32:59.352Z]
### Progress: 261816/309212 events | Elapsed time: 14992.7s [2025-02-28T19:33:04.269Z]
### Progress: 261908/309212 events | Elapsed time: 14997.7s [2025-02-28T19:33:09.286Z]
### Progress: 261994/309212 events | Elapsed time: 15002.8s [2025-02-28T19:33:14.309Z]
### Progress: 262083/309212 events | Elapsed time: 15007.7s [2025-02-28T19:33:19.248Z]
### Progress: 262161/309212 events | Elapsed time: 15012.8s [2025-02-28T19:33:24.340Z]
### Progress: 262253/309212 events | Elapsed time: 15017.7s [2025-02-28T19:33:29.255Z]
### Progress: 262343/309212 events | Elapsed time: 15022.7s [2025-02-28T19:33:34.275Z]
### Progress: 262435/309212 events | Elapsed time: 15027.7s [2025-02-28T19:33:39.292Z]
### Progress: 262521/309212 events | Elapsed time: 15032.7s [2025-02-28T19:33:44.250Z]
### Progress: 262604/309212 events | Elapsed time: 15037.8s [2025-02-28T19:33:49.327Z]
### Progress: 262689/309212 events | Elapsed time: 15042.7s [2025-02-28T19:33:54.255Z]
### Progress: 262780/309212 events | Elapsed time: 15047.7s [2025-02-28T19:33:59.260Z]
### Progress: 262869/309212 events | Elapsed time: 15052.7s [2025-02-28T19:34:04.276Z]
### Progress: 262962/309212 events | Elapsed time: 15057.8s [2025-02-28T19:34:09.297Z]
### Progress: 263044/309212 events | Elapsed time: 15062.8s [2025-02-28T19:34:14.312Z]
### Progress: 263131/309212 events | Elapsed time: 15067.8s [2025-02-28T19:34:19.331Z]
### Progress: 263210/309212 events | Elapsed time: 15072.8s [2025-02-28T19:34:24.348Z]
### Progress: 263299/309212 events | Elapsed time: 15077.7s [2025-02-28T19:34:29.264Z]
### Progress: 263385/309212 events | Elapsed time: 15082.7s [2025-02-28T19:34:34.282Z]
### Progress: 263475/309212 events | Elapsed time: 15087.8s [2025-02-28T19:34:39.300Z]
### Progress: 263556/309212 events | Elapsed time: 15092.8s [2025-02-28T19:34:44.317Z]
### Progress: 263648/309212 events | Elapsed time: 15097.8s [2025-02-28T19:34:49.337Z]
### Progress: 263737/309212 events | Elapsed time: 15102.7s [2025-02-28T19:34:54.265Z]
### Progress: 263804/309212 events | Elapsed time: 15107.7s [2025-02-28T19:34:59.268Z]
### Progress: 263897/309212 events | Elapsed time: 15112.7s [2025-02-28T19:35:04.285Z]
### Progress: 263990/309212 events | Elapsed time: 15117.8s [2025-02-28T19:35:09.305Z]
### Progress: 264071/309212 events | Elapsed time: 15122.7s [2025-02-28T19:35:14.268Z]
### Progress: 264160/309212 events | Elapsed time: 15127.8s [2025-02-28T19:35:19.339Z]
### Progress: 264247/309212 events | Elapsed time: 15132.7s [2025-02-28T19:35:24.270Z]
### Progress: 264331/309212 events | Elapsed time: 15137.7s [2025-02-28T19:35:29.274Z]
### Progress: 264420/309212 events | Elapsed time: 15142.7s [2025-02-28T19:35:34.289Z]
### Progress: 264505/309212 events | Elapsed time: 15147.7s [2025-02-28T19:35:39.274Z]
### Progress: 264594/309212 events | Elapsed time: 15152.8s [2025-02-28T19:35:44.327Z]
### Progress: 264672/309212 events | Elapsed time: 15157.8s [2025-02-28T19:35:49.343Z]
### Progress: 264765/309212 events | Elapsed time: 15162.7s [2025-02-28T19:35:54.273Z]
### Progress: 264854/309212 events | Elapsed time: 15167.8s [2025-02-28T19:35:59.380Z]
### Progress: 264939/309212 events | Elapsed time: 15172.8s [2025-02-28T19:36:04.296Z]
### Progress: 265028/309212 events | Elapsed time: 15177.8s [2025-02-28T19:36:09.315Z]
### Progress: 265106/309212 events | Elapsed time: 15182.7s [2025-02-28T19:36:14.274Z]
### Progress: 265199/309212 events | Elapsed time: 15187.7s [2025-02-28T19:36:19.275Z]
### Progress: 265289/309212 events | Elapsed time: 15192.8s [2025-02-28T19:36:24.366Z]
### Progress: 265375/309212 events | Elapsed time: 15197.8s [2025-02-28T19:36:29.384Z]
### Progress: 265462/309212 events | Elapsed time: 15202.8s [2025-02-28T19:36:34.300Z]
### Progress: 265549/309212 events | Elapsed time: 15207.8s [2025-02-28T19:36:39.317Z]
### Progress: 265633/309212 events | Elapsed time: 15212.8s [2025-02-28T19:36:44.335Z]
### Progress: 265722/309212 events | Elapsed time: 15217.8s [2025-02-28T19:36:49.351Z]
### Progress: 265807/309212 events | Elapsed time: 15222.8s [2025-02-28T19:36:54.369Z]
### Progress: 265897/309212 events | Elapsed time: 15227.7s [2025-02-28T19:36:59.285Z]
### Progress: 265983/309212 events | Elapsed time: 15232.8s [2025-02-28T19:37:04.304Z]
### Progress: 266076/309212 events | Elapsed time: 15237.8s [2025-02-28T19:37:09.323Z]
### Progress: 266160/309212 events | Elapsed time: 15242.8s [2025-02-28T19:37:14.341Z]
### Progress: 266241/309212 events | Elapsed time: 15247.7s [2025-02-28T19:37:19.287Z]
### Progress: 266330/309212 events | Elapsed time: 15252.7s [2025-02-28T19:37:24.287Z]
### Progress: 266417/309212 events | Elapsed time: 15257.8s [2025-02-28T19:37:29.392Z]
### Progress: 266501/309212 events | Elapsed time: 15262.8s [2025-02-28T19:37:34.308Z]
### Progress: 266591/309212 events | Elapsed time: 15267.8s [2025-02-28T19:37:39.325Z]
### Progress: 266675/309212 events | Elapsed time: 15272.8s [2025-02-28T19:37:44.344Z]
### Progress: 266763/309212 events | Elapsed time: 15277.8s [2025-02-28T19:37:49.361Z]
### Progress: 266842/309212 events | Elapsed time: 15282.7s [2025-02-28T19:37:54.293Z]
### Progress: 266935/309212 events | Elapsed time: 15287.9s [2025-02-28T19:37:59.396Z]
### Progress: 267024/309212 events | Elapsed time: 15292.8s [2025-02-28T19:38:04.312Z]
### Progress: 267106/309212 events | Elapsed time: 15297.8s [2025-02-28T19:38:09.329Z]
### Progress: 267192/309212 events | Elapsed time: 15302.8s [2025-02-28T19:38:14.345Z]
### Progress: 267283/309212 events | Elapsed time: 15307.8s [2025-02-28T19:38:19.365Z]
### Progress: 267369/309212 events | Elapsed time: 15312.8s [2025-02-28T19:38:24.297Z]
### Progress: 267458/309212 events | Elapsed time: 15317.9s [2025-02-28T19:38:29.400Z]
### Progress: 267543/309212 events | Elapsed time: 15322.8s [2025-02-28T19:38:34.319Z]
### Progress: 267631/309212 events | Elapsed time: 15327.8s [2025-02-28T19:38:39.334Z]
### Progress: 267710/309212 events | Elapsed time: 15332.8s [2025-02-28T19:38:44.306Z]
### Progress: 267802/309212 events | Elapsed time: 15337.8s [2025-02-28T19:38:49.369Z]
### Progress: 267884/309212 events | Elapsed time: 15342.8s [2025-02-28T19:38:54.302Z]
### Progress: 267973/309212 events | Elapsed time: 15347.9s [2025-02-28T19:38:59.403Z]
### Progress: 268060/309212 events | Elapsed time: 15352.8s [2025-02-28T19:39:04.318Z]
### Progress: 268151/309212 events | Elapsed time: 15357.8s [2025-02-28T19:39:09.337Z]
### Progress: 268237/309212 events | Elapsed time: 15362.8s [2025-02-28T19:39:14.305Z]
### Progress: 268322/309212 events | Elapsed time: 15367.8s [2025-02-28T19:39:19.374Z]
### Progress: 268407/309212 events | Elapsed time: 15372.8s [2025-02-28T19:39:24.305Z]
### Progress: 268494/309212 events | Elapsed time: 15377.8s [2025-02-28T19:39:29.309Z]
### Progress: 268578/309212 events | Elapsed time: 15382.8s [2025-02-28T19:39:34.322Z]
### Progress: 268668/309212 events | Elapsed time: 15387.8s [2025-02-28T19:39:39.342Z]
### Progress: 268752/309212 events | Elapsed time: 15392.8s [2025-02-28T19:39:44.309Z]
### Progress: 268840/309212 events | Elapsed time: 15397.8s [2025-02-28T19:39:49.378Z]
### Progress: 268919/309212 events | Elapsed time: 15402.8s [2025-02-28T19:39:54.310Z]
### Progress: 269012/309212 events | Elapsed time: 15407.8s [2025-02-28T19:39:59.311Z]
### Progress: 269101/309212 events | Elapsed time: 15412.8s [2025-02-28T19:40:04.326Z]
### Progress: 269189/309212 events | Elapsed time: 15417.8s [2025-02-28T19:40:09.345Z]
### Progress: 269275/309212 events | Elapsed time: 15422.8s [2025-02-28T19:40:14.363Z]
### Progress: 269368/309212 events | Elapsed time: 15427.8s [2025-02-28T19:40:19.381Z]
### Progress: 269446/309212 events | Elapsed time: 15432.8s [2025-02-28T19:40:24.315Z]
### Progress: 269539/309212 events | Elapsed time: 15437.8s [2025-02-28T19:40:29.316Z]
### Progress: 269649/309212 events | Elapsed time: 15442.8s [2025-02-28T19:40:34.316Z]
### Progress: 269756/309212 events | Elapsed time: 15447.8s [2025-02-28T19:40:39.317Z]
### Progress: 269848/309212 events | Elapsed time: 15452.8s [2025-02-28T19:40:44.316Z]
### Progress: 269941/309212 events | Elapsed time: 15457.8s [2025-02-28T19:40:49.386Z]
### Progress: 270031/309212 events | Elapsed time: 15462.9s [2025-02-28T19:40:54.402Z]
### Progress: 270124/309212 events | Elapsed time: 15467.8s [2025-02-28T19:40:59.318Z]
### Progress: 270196/309212 events | Elapsed time: 15472.9s [2025-02-28T19:41:04.444Z]
### Progress: 270287/309212 events | Elapsed time: 15477.8s [2025-02-28T19:41:09.364Z]
### Progress: 270374/309212 events | Elapsed time: 15482.8s [2025-02-28T19:41:14.323Z]
### Progress: 270466/309212 events | Elapsed time: 15487.8s [2025-02-28T19:41:19.389Z]
### Progress: 270551/309212 events | Elapsed time: 15492.8s [2025-02-28T19:41:24.322Z]
### Progress: 270629/309212 events | Elapsed time: 15497.9s [2025-02-28T19:41:29.425Z]
### Progress: 270716/309212 events | Elapsed time: 15502.8s [2025-02-28T19:41:34.343Z]
### Progress: 270807/309212 events | Elapsed time: 15507.8s [2025-02-28T19:41:39.358Z]
### Progress: 270892/309212 events | Elapsed time: 15512.8s [2025-02-28T19:41:44.327Z]
### Progress: 270983/309212 events | Elapsed time: 15517.8s [2025-02-28T19:41:49.393Z]
### Progress: 271062/309212 events | Elapsed time: 15522.8s [2025-02-28T19:41:54.326Z]
### Progress: 271150/309212 events | Elapsed time: 15527.9s [2025-02-28T19:41:59.429Z]
### Progress: 271240/309212 events | Elapsed time: 15532.8s [2025-02-28T19:42:04.345Z]
### Progress: 271326/309212 events | Elapsed time: 15537.8s [2025-02-28T19:42:09.362Z]
### Progress: 271403/309212 events | Elapsed time: 15542.8s [2025-02-28T19:42:14.330Z]
### Progress: 271495/309212 events | Elapsed time: 15547.9s [2025-02-28T19:42:19.397Z]
### Progress: 271583/309212 events | Elapsed time: 15552.8s [2025-02-28T19:42:24.330Z]
### Progress: 271672/309212 events | Elapsed time: 15557.9s [2025-02-28T19:42:29.435Z]
### Progress: 271746/309212 events | Elapsed time: 15562.8s [2025-02-28T19:42:34.349Z]
### Progress: 271837/309212 events | Elapsed time: 15567.8s [2025-02-28T19:42:39.366Z]
### Progress: 271924/309212 events | Elapsed time: 15572.8s [2025-02-28T19:42:44.385Z]
### Progress: 272016/309212 events | Elapsed time: 15577.9s [2025-02-28T19:42:49.401Z]
### Progress: 272101/309212 events | Elapsed time: 15582.8s [2025-02-28T19:42:54.334Z]
### Progress: 272179/309212 events | Elapsed time: 15587.9s [2025-02-28T19:42:59.438Z]
### Progress: 272266/309212 events | Elapsed time: 15592.8s [2025-02-28T19:43:04.350Z]
### Progress: 272358/309212 events | Elapsed time: 15597.8s [2025-02-28T19:43:09.370Z]
### Progress: 272442/309212 events | Elapsed time: 15602.8s [2025-02-28T19:43:14.340Z]
### Progress: 272521/309212 events | Elapsed time: 15608.0s [2025-02-28T19:43:19.508Z]
### Progress: 272607/309212 events | Elapsed time: 15612.8s [2025-02-28T19:43:24.340Z]
### Progress: 272698/309212 events | Elapsed time: 15617.9s [2025-02-28T19:43:29.441Z]
### Progress: 272783/309212 events | Elapsed time: 15622.8s [2025-02-28T19:43:34.357Z]
### Progress: 272862/309212 events | Elapsed time: 15627.8s [2025-02-28T19:43:39.374Z]
### Progress: 272948/309212 events | Elapsed time: 15632.8s [2025-02-28T19:43:44.343Z]
### Progress: 273040/309212 events | Elapsed time: 15637.8s [2025-02-28T19:43:49.344Z]
### Progress: 273124/309212 events | Elapsed time: 15642.9s [2025-02-28T19:43:54.426Z]
### Progress: 273206/309212 events | Elapsed time: 15647.9s [2025-02-28T19:43:59.444Z]
### Progress: 273294/309212 events | Elapsed time: 15652.8s [2025-02-28T19:44:04.360Z]
### Progress: 273382/309212 events | Elapsed time: 15657.8s [2025-02-28T19:44:09.379Z]
### Progress: 273474/309212 events | Elapsed time: 15662.9s [2025-02-28T19:44:14.396Z]
### Progress: 273558/309212 events | Elapsed time: 15667.9s [2025-02-28T19:44:19.413Z]
### Progress: 273635/309212 events | Elapsed time: 15672.9s [2025-02-28T19:44:24.430Z]
### Progress: 273724/309212 events | Elapsed time: 15677.9s [2025-02-28T19:44:29.448Z]
### Progress: 273815/309212 events | Elapsed time: 15682.8s [2025-02-28T19:44:34.364Z]
### Progress: 273906/309212 events | Elapsed time: 15687.8s [2025-02-28T19:44:39.382Z]
### Progress: 273978/309212 events | Elapsed time: 15692.8s [2025-02-28T19:44:44.352Z]
### Progress: 274069/309212 events | Elapsed time: 15697.9s [2025-02-28T19:44:49.417Z]
### Progress: 274156/309212 events | Elapsed time: 15702.8s [2025-02-28T19:44:54.355Z]
### Progress: 274240/309212 events | Elapsed time: 15707.9s [2025-02-28T19:44:59.452Z]
### Progress: 274319/309212 events | Elapsed time: 15712.9s [2025-02-28T19:45:04.470Z]
### Progress: 274412/309212 events | Elapsed time: 15717.8s [2025-02-28T19:45:09.386Z]
### Progress: 274498/309212 events | Elapsed time: 15722.8s [2025-02-28T19:45:14.361Z]
### Progress: 274590/309212 events | Elapsed time: 15727.9s [2025-02-28T19:45:19.422Z]
### Progress: 274674/309212 events | Elapsed time: 15732.9s [2025-02-28T19:45:24.437Z]
### Progress: 274767/309212 events | Elapsed time: 15737.8s [2025-02-28T19:45:29.361Z]
### Progress: 274844/309212 events | Elapsed time: 15742.9s [2025-02-28T19:45:34.473Z]
### Progress: 274937/309212 events | Elapsed time: 15747.8s [2025-02-28T19:45:39.390Z]
### Progress: 275024/309212 events | Elapsed time: 15752.9s [2025-02-28T19:45:44.406Z]
### Progress: 275115/309212 events | Elapsed time: 15757.8s [2025-02-28T19:45:49.364Z]
### Progress: 275187/309212 events | Elapsed time: 15762.9s [2025-02-28T19:45:54.442Z]
### Progress: 275280/309212 events | Elapsed time: 15767.8s [2025-02-28T19:45:59.367Z]
### Progress: 275366/309212 events | Elapsed time: 15772.9s [2025-02-28T19:46:04.477Z]
### Progress: 275458/309212 events | Elapsed time: 15777.9s [2025-02-28T19:46:09.395Z]
### Progress: 275550/309212 events | Elapsed time: 15782.9s [2025-02-28T19:46:14.411Z]
### Progress: 275634/309212 events | Elapsed time: 15787.8s [2025-02-28T19:46:19.370Z]
### Progress: 275714/309212 events | Elapsed time: 15792.8s [2025-02-28T19:46:24.371Z]
### Progress: 275805/309212 events | Elapsed time: 15797.8s [2025-02-28T19:46:29.372Z]
### Progress: 275891/309212 events | Elapsed time: 15802.9s [2025-02-28T19:46:34.481Z]
### Progress: 275984/309212 events | Elapsed time: 15807.9s [2025-02-28T19:46:39.398Z]
### Progress: 276068/309212 events | Elapsed time: 15812.8s [2025-02-28T19:46:44.374Z]
### Progress: 276148/309212 events | Elapsed time: 15817.8s [2025-02-28T19:46:49.378Z]
### Progress: 276239/309212 events | Elapsed time: 15822.8s [2025-02-28T19:46:54.375Z]
### Progress: 276326/309212 events | Elapsed time: 15827.8s [2025-02-28T19:46:59.374Z]
### Progress: 276416/309212 events | Elapsed time: 15832.9s [2025-02-28T19:47:04.485Z]
### Progress: 276502/309212 events | Elapsed time: 15837.9s [2025-02-28T19:47:09.400Z]
### Progress: 276586/309212 events | Elapsed time: 15842.9s [2025-02-28T19:47:14.419Z]
### Progress: 276673/309212 events | Elapsed time: 15847.8s [2025-02-28T19:47:19.377Z]
### Progress: 276760/309212 events | Elapsed time: 15852.8s [2025-02-28T19:47:24.378Z]
### Progress: 276852/309212 events | Elapsed time: 15857.8s [2025-02-28T19:47:29.379Z]
### Progress: 276936/309212 events | Elapsed time: 15862.9s [2025-02-28T19:47:34.489Z]
### Progress: 277016/309212 events | Elapsed time: 15867.9s [2025-02-28T19:47:39.404Z]
### Progress: 277107/309212 events | Elapsed time: 15872.8s [2025-02-28T19:47:44.383Z]
### Progress: 277194/309212 events | Elapsed time: 15877.8s [2025-02-28T19:47:49.384Z]
### Progress: 277284/309212 events | Elapsed time: 15882.9s [2025-02-28T19:47:54.457Z]
### Progress: 277370/309212 events | Elapsed time: 15887.8s [2025-02-28T19:47:59.385Z]
### Progress: 277449/309212 events | Elapsed time: 15892.8s [2025-02-28T19:48:04.392Z]
### Progress: 277541/309212 events | Elapsed time: 15897.9s [2025-02-28T19:48:09.407Z]
### Progress: 277632/309212 events | Elapsed time: 15902.8s [2025-02-28T19:48:14.389Z]
### Progress: 277721/309212 events | Elapsed time: 15907.9s [2025-02-28T19:48:19.446Z]
### Progress: 277811/309212 events | Elapsed time: 15912.8s [2025-02-28T19:48:24.387Z]
### Progress: 277897/309212 events | Elapsed time: 15917.8s [2025-02-28T19:48:29.388Z]
### Progress: 277975/309212 events | Elapsed time: 15923.0s [2025-02-28T19:48:34.497Z]
### Progress: 278062/309212 events | Elapsed time: 15927.9s [2025-02-28T19:48:39.412Z]
### Progress: 278154/309212 events | Elapsed time: 15932.9s [2025-02-28T19:48:44.431Z]
### Progress: 278245/309212 events | Elapsed time: 15937.9s [2025-02-28T19:48:49.450Z]
### Progress: 278318/309212 events | Elapsed time: 15942.9s [2025-02-28T19:48:54.397Z]
### Progress: 278409/309212 events | Elapsed time: 15947.8s [2025-02-28T19:48:59.394Z]
### Progress: 278495/309212 events | Elapsed time: 15953.0s [2025-02-28T19:49:04.501Z]
### Progress: 278586/309212 events | Elapsed time: 15957.9s [2025-02-28T19:49:09.416Z]
### Progress: 278672/309212 events | Elapsed time: 15962.9s [2025-02-28T19:49:14.397Z]
### Progress: 278765/309212 events | Elapsed time: 15967.9s [2025-02-28T19:49:19.453Z]
### Progress: 278837/309212 events | Elapsed time: 15972.9s [2025-02-28T19:49:24.471Z]
### Progress: 278930/309212 events | Elapsed time: 15977.9s [2025-02-28T19:49:29.400Z]
### Progress: 279020/309212 events | Elapsed time: 15983.0s [2025-02-28T19:49:34.505Z]
### Progress: 279106/309212 events | Elapsed time: 15987.9s [2025-02-28T19:49:39.419Z]
### Progress: 279186/309212 events | Elapsed time: 15992.9s [2025-02-28T19:49:44.403Z]
### Progress: 279277/309212 events | Elapsed time: 15997.9s [2025-02-28T19:49:49.457Z]
### Progress: 279363/309212 events | Elapsed time: 16003.3s [2025-02-28T19:49:54.890Z]
### Progress: 279456/309212 events | Elapsed time: 16007.9s [2025-02-28T19:49:59.403Z]
### Progress: 279540/309212 events | Elapsed time: 16013.0s [2025-02-28T19:50:04.509Z]
### Progress: 279620/309212 events | Elapsed time: 16017.9s [2025-02-28T19:50:09.423Z]
### Progress: 279712/309212 events | Elapsed time: 16022.9s [2025-02-28T19:50:14.444Z]
### Progress: 279798/309212 events | Elapsed time: 16027.9s [2025-02-28T19:50:19.409Z]
### Progress: 279888/309212 events | Elapsed time: 16032.9s [2025-02-28T19:50:24.477Z]
### Progress: 279981/309212 events | Elapsed time: 16037.9s [2025-02-28T19:50:29.410Z]
### Progress: 280062/309212 events | Elapsed time: 16043.0s [2025-02-28T19:50:34.514Z]
### Progress: 280145/309212 events | Elapsed time: 16047.9s [2025-02-28T19:50:39.427Z]
### Progress: 280230/309212 events | Elapsed time: 16053.1s [2025-02-28T19:50:44.662Z]
### Progress: 280315/309212 events | Elapsed time: 16057.9s [2025-02-28T19:50:49.465Z]
### Progress: 280393/309212 events | Elapsed time: 16062.9s [2025-02-28T19:50:54.414Z]
### Progress: 280480/309212 events | Elapsed time: 16067.9s [2025-02-28T19:50:59.416Z]
### Progress: 280570/309212 events | Elapsed time: 16073.0s [2025-02-28T19:51:04.517Z]
### Progress: 280656/309212 events | Elapsed time: 16077.9s [2025-02-28T19:51:09.434Z]
### Progress: 280734/309212 events | Elapsed time: 16082.9s [2025-02-28T19:51:14.452Z]
### Progress: 280820/309212 events | Elapsed time: 16087.9s [2025-02-28T19:51:19.469Z]
### Progress: 280904/309212 events | Elapsed time: 16092.9s [2025-02-28T19:51:24.420Z]
### Progress: 280992/309212 events | Elapsed time: 16098.0s [2025-02-28T19:51:29.505Z]
### Progress: 281075/309212 events | Elapsed time: 16103.0s [2025-02-28T19:51:34.521Z]
### Progress: 281162/309212 events | Elapsed time: 16107.9s [2025-02-28T19:51:39.438Z]
### Progress: 281254/309212 events | Elapsed time: 16112.9s [2025-02-28T19:51:44.457Z]
### Progress: 281338/309212 events | Elapsed time: 16117.9s [2025-02-28T19:51:49.425Z]
### Progress: 281418/309212 events | Elapsed time: 16122.9s [2025-02-28T19:51:54.438Z]
### Progress: 281509/309212 events | Elapsed time: 16128.0s [2025-02-28T19:51:59.507Z]
### Progress: 281596/309212 events | Elapsed time: 16133.0s [2025-02-28T19:52:04.524Z]
### Progress: 281688/309212 events | Elapsed time: 16137.9s [2025-02-28T19:52:09.438Z]
### Progress: 281779/309212 events | Elapsed time: 16142.9s [2025-02-28T19:52:14.456Z]
### Progress: 281865/309212 events | Elapsed time: 16147.9s [2025-02-28T19:52:19.430Z]
### Progress: 281943/309212 events | Elapsed time: 16152.9s [2025-02-28T19:52:24.491Z]
### Progress: 282030/309212 events | Elapsed time: 16158.0s [2025-02-28T19:52:29.508Z]
### Progress: 282122/309212 events | Elapsed time: 16163.0s [2025-02-28T19:52:34.525Z]
### Progress: 282213/309212 events | Elapsed time: 16168.0s [2025-02-28T19:52:39.543Z]
### Progress: 282299/309212 events | Elapsed time: 16172.9s [2025-02-28T19:52:44.459Z]
### Progress: 282377/309212 events | Elapsed time: 16177.9s [2025-02-28T19:52:49.436Z]
### Progress: 282464/309212 events | Elapsed time: 16182.9s [2025-02-28T19:52:54.492Z]
### Progress: 282556/309212 events | Elapsed time: 16188.0s [2025-02-28T19:52:59.511Z]
### Progress: 282647/309212 events | Elapsed time: 16192.9s [2025-02-28T19:53:04.438Z]
### Progress: 282720/309212 events | Elapsed time: 16198.0s [2025-02-28T19:53:09.544Z]
### Progress: 282811/309212 events | Elapsed time: 16202.9s [2025-02-28T19:53:14.460Z]
### Progress: 282897/309212 events | Elapsed time: 16207.9s [2025-02-28T19:53:19.476Z]
### Progress: 282988/309212 events | Elapsed time: 16212.9s [2025-02-28T19:53:24.442Z]
### Progress: 283074/309212 events | Elapsed time: 16218.0s [2025-02-28T19:53:29.510Z]
### Progress: 283154/309212 events | Elapsed time: 16222.9s [2025-02-28T19:53:34.443Z]
### Progress: 283239/309212 events | Elapsed time: 16228.0s [2025-02-28T19:53:39.545Z]
### Progress: 283331/309212 events | Elapsed time: 16232.9s [2025-02-28T19:53:44.459Z]
### Progress: 283422/309212 events | Elapsed time: 16237.9s [2025-02-28T19:53:49.479Z]
### Progress: 283497/309212 events | Elapsed time: 16242.9s [2025-02-28T19:53:54.494Z]
### Progress: 283588/309212 events | Elapsed time: 16248.0s [2025-02-28T19:53:59.513Z]
### Progress: 283673/309212 events | Elapsed time: 16252.9s [2025-02-28T19:54:04.446Z]
### Progress: 283764/309212 events | Elapsed time: 16258.0s [2025-02-28T19:54:09.547Z]
### Progress: 283849/309212 events | Elapsed time: 16262.9s [2025-02-28T19:54:14.463Z]
### Progress: 283927/309212 events | Elapsed time: 16267.9s [2025-02-28T19:54:19.478Z]
### Progress: 284014/309212 events | Elapsed time: 16273.0s [2025-02-28T19:54:24.497Z]
### Progress: 284106/309212 events | Elapsed time: 16278.0s [2025-02-28T19:54:29.513Z]
### Progress: 284190/309212 events | Elapsed time: 16283.0s [2025-02-28T19:54:34.530Z]
### Progress: 284283/309212 events | Elapsed time: 16287.9s [2025-02-28T19:54:39.453Z]
### Progress: 284362/309212 events | Elapsed time: 16292.9s [2025-02-28T19:54:44.463Z]
### Progress: 284448/309212 events | Elapsed time: 16297.9s [2025-02-28T19:54:49.479Z]
### Progress: 284541/309212 events | Elapsed time: 16303.0s [2025-02-28T19:54:54.499Z]
### Progress: 284633/309212 events | Elapsed time: 16308.0s [2025-02-28T19:54:59.515Z]
### Progress: 284724/309212 events | Elapsed time: 16312.9s [2025-02-28T19:55:04.461Z]
### Progress: 284810/309212 events | Elapsed time: 16317.9s [2025-02-28T19:55:09.457Z]
### Progress: 284888/309212 events | Elapsed time: 16323.0s [2025-02-28T19:55:14.566Z]
### Progress: 284975/309212 events | Elapsed time: 16327.9s [2025-02-28T19:55:19.484Z]
### Progress: 285067/309212 events | Elapsed time: 16333.0s [2025-02-28T19:55:24.501Z]
### Progress: 285151/309212 events | Elapsed time: 16338.0s [2025-02-28T19:55:29.516Z]
### Progress: 285231/309212 events | Elapsed time: 16342.9s [2025-02-28T19:55:34.461Z]
### Progress: 285320/309212 events | Elapsed time: 16347.9s [2025-02-28T19:55:39.462Z]
### Progress: 285403/309212 events | Elapsed time: 16353.0s [2025-02-28T19:55:44.568Z]
### Progress: 285491/309212 events | Elapsed time: 16357.9s [2025-02-28T19:55:49.465Z]
### Progress: 285574/309212 events | Elapsed time: 16362.9s [2025-02-28T19:55:54.467Z]
### Progress: 285652/309212 events | Elapsed time: 16368.0s [2025-02-28T19:55:59.518Z]
### Progress: 285740/309212 events | Elapsed time: 16372.9s [2025-02-28T19:56:04.468Z]
### Progress: 285823/309212 events | Elapsed time: 16378.0s [2025-02-28T19:56:09.553Z]
### Progress: 285911/309212 events | Elapsed time: 16382.9s [2025-02-28T19:56:14.481Z]
### Progress: 285984/309212 events | Elapsed time: 16387.9s [2025-02-28T19:56:19.486Z]
### Progress: 286070/309212 events | Elapsed time: 16393.0s [2025-02-28T19:56:24.503Z]
### Progress: 286154/309212 events | Elapsed time: 16398.0s [2025-02-28T19:56:29.522Z]
### Progress: 286243/309212 events | Elapsed time: 16402.9s [2025-02-28T19:56:34.475Z]
### Progress: 286324/309212 events | Elapsed time: 16408.0s [2025-02-28T19:56:39.555Z]
### Progress: 286402/309212 events | Elapsed time: 16412.9s [2025-02-28T19:56:44.474Z]
### Progress: 286490/309212 events | Elapsed time: 16417.9s [2025-02-28T19:56:49.486Z]
### Progress: 286574/309212 events | Elapsed time: 16423.0s [2025-02-28T19:56:54.505Z]
### Progress: 286664/309212 events | Elapsed time: 16428.0s [2025-02-28T19:56:59.524Z]
### Progress: 286751/309212 events | Elapsed time: 16432.9s [2025-02-28T19:57:04.478Z]
### Progress: 286841/309212 events | Elapsed time: 16437.9s [2025-02-28T19:57:09.479Z]
### Progress: 286912/309212 events | Elapsed time: 16443.0s [2025-02-28T19:57:14.574Z]
### Progress: 287002/309212 events | Elapsed time: 16448.0s [2025-02-28T19:57:19.591Z]
### Progress: 287090/309212 events | Elapsed time: 16453.0s [2025-02-28T19:57:24.510Z]
### Progress: 287173/309212 events | Elapsed time: 16458.0s [2025-02-28T19:57:29.525Z]
### Progress: 287261/309212 events | Elapsed time: 16462.9s [2025-02-28T19:57:34.482Z]
### Progress: 287344/309212 events | Elapsed time: 16467.9s [2025-02-28T19:57:39.483Z]
### Progress: 287420/309212 events | Elapsed time: 16473.0s [2025-02-28T19:57:44.576Z]
### Progress: 287510/309212 events | Elapsed time: 16478.0s [2025-02-28T19:57:49.593Z]
### Progress: 287594/309212 events | Elapsed time: 16483.0s [2025-02-28T19:57:54.508Z]
### Progress: 287683/309212 events | Elapsed time: 16488.0s [2025-02-28T19:57:59.527Z]
### Progress: 287771/309212 events | Elapsed time: 16492.9s [2025-02-28T19:58:04.485Z]
### Progress: 287854/309212 events | Elapsed time: 16497.9s [2025-02-28T19:58:09.489Z]
### Progress: 287930/309212 events | Elapsed time: 16503.0s [2025-02-28T19:58:14.578Z]
### Progress: 288020/309212 events | Elapsed time: 16508.0s [2025-02-28T19:58:19.495Z]
### Progress: 288103/309212 events | Elapsed time: 16513.0s [2025-02-28T19:58:24.510Z]
### Progress: 288191/309212 events | Elapsed time: 16518.0s [2025-02-28T19:58:29.528Z]
### Progress: 288274/309212 events | Elapsed time: 16522.9s [2025-02-28T19:58:34.493Z]
### Progress: 288350/309212 events | Elapsed time: 16528.0s [2025-02-28T19:58:39.563Z]
### Progress: 288434/309212 events | Elapsed time: 16533.0s [2025-02-28T19:58:44.580Z]
### Progress: 288524/309212 events | Elapsed time: 16538.1s [2025-02-28T19:58:49.598Z]
### Progress: 288613/309212 events | Elapsed time: 16543.0s [2025-02-28T19:58:54.514Z]
### Progress: 288701/309212 events | Elapsed time: 16548.0s [2025-02-28T19:58:59.531Z]
### Progress: 288774/309212 events | Elapsed time: 16553.0s [2025-02-28T19:59:04.548Z]
### Progress: 288860/309212 events | Elapsed time: 16558.0s [2025-02-28T19:59:09.565Z]
### Progress: 288944/309212 events | Elapsed time: 16563.0s [2025-02-28T19:59:14.582Z]
### Progress: 289038/309212 events | Elapsed time: 16568.0s [2025-02-28T19:59:19.523Z]
### Progress: 289123/309212 events | Elapsed time: 16573.0s [2025-02-28T19:59:24.515Z]
### Progress: 289211/309212 events | Elapsed time: 16578.0s [2025-02-28T19:59:29.534Z]
### Progress: 289294/309212 events | Elapsed time: 16583.0s [2025-02-28T19:59:34.550Z]
### Progress: 289372/309212 events | Elapsed time: 16588.0s [2025-02-28T19:59:39.568Z]
### Progress: 289460/309212 events | Elapsed time: 16593.0s [2025-02-28T19:59:44.508Z]
### Progress: 289544/309212 events | Elapsed time: 16598.0s [2025-02-28T19:59:49.508Z]
### Progress: 289631/309212 events | Elapsed time: 16603.1s [2025-02-28T19:59:54.620Z]
### Progress: 289714/309212 events | Elapsed time: 16608.0s [2025-02-28T19:59:59.535Z]
### Progress: 289794/309212 events | Elapsed time: 16613.0s [2025-02-28T20:00:04.553Z]
### Progress: 289882/309212 events | Elapsed time: 16618.0s [2025-02-28T20:00:09.570Z]
### Progress: 289970/309212 events | Elapsed time: 16623.0s [2025-02-28T20:00:14.519Z]
### Progress: 290054/309212 events | Elapsed time: 16628.1s [2025-02-28T20:00:19.605Z]
### Progress: 290143/309212 events | Elapsed time: 16633.1s [2025-02-28T20:00:24.622Z]
### Progress: 290231/309212 events | Elapsed time: 16638.0s [2025-02-28T20:00:29.537Z]
### Progress: 290314/309212 events | Elapsed time: 16643.0s [2025-02-28T20:00:34.519Z]
### Progress: 290392/309212 events | Elapsed time: 16648.0s [2025-02-28T20:00:39.572Z]
### Progress: 290481/309212 events | Elapsed time: 16653.0s [2025-02-28T20:00:44.591Z]
### Progress: 290564/309212 events | Elapsed time: 16658.1s [2025-02-28T20:00:49.608Z]
### Progress: 290653/309212 events | Elapsed time: 16663.1s [2025-02-28T20:00:54.625Z]
### Progress: 290743/309212 events | Elapsed time: 16668.0s [2025-02-28T20:00:59.542Z]
### Progress: 290824/309212 events | Elapsed time: 16673.0s [2025-02-28T20:01:04.524Z]
### Progress: 290902/309212 events | Elapsed time: 16678.0s [2025-02-28T20:01:09.575Z]
### Progress: 290990/309212 events | Elapsed time: 16683.0s [2025-02-28T20:01:14.526Z]
### Progress: 291073/309212 events | Elapsed time: 16688.1s [2025-02-28T20:01:19.611Z]
### Progress: 291161/309212 events | Elapsed time: 16693.1s [2025-02-28T20:01:24.628Z]
### Progress: 291244/309212 events | Elapsed time: 16698.0s [2025-02-28T20:01:29.544Z]
### Progress: 291320/309212 events | Elapsed time: 16703.0s [2025-02-28T20:01:34.560Z]
### Progress: 291404/309212 events | Elapsed time: 16708.0s [2025-02-28T20:01:39.530Z]
### Progress: 291493/309212 events | Elapsed time: 16713.1s [2025-02-28T20:01:44.596Z]
### Progress: 291574/309212 events | Elapsed time: 16718.1s [2025-02-28T20:01:49.615Z]
### Progress: 291652/309212 events | Elapsed time: 16723.0s [2025-02-28T20:01:54.532Z]
### Progress: 291734/309212 events | Elapsed time: 16728.0s [2025-02-28T20:01:59.546Z]
### Progress: 291823/309212 events | Elapsed time: 16733.0s [2025-02-28T20:02:04.535Z]
### Progress: 291911/309212 events | Elapsed time: 16738.0s [2025-02-28T20:02:09.581Z]
### Progress: 291994/309212 events | Elapsed time: 16743.0s [2025-02-28T20:02:14.537Z]
### Progress: 292071/309212 events | Elapsed time: 16748.1s [2025-02-28T20:02:19.617Z]
### Progress: 292154/309212 events | Elapsed time: 16753.1s [2025-02-28T20:02:24.633Z]
### Progress: 292243/309212 events | Elapsed time: 16758.1s [2025-02-28T20:02:29.651Z]
### Progress: 292331/309212 events | Elapsed time: 16763.0s [2025-02-28T20:02:34.567Z]
### Progress: 292407/309212 events | Elapsed time: 16768.0s [2025-02-28T20:02:39.585Z]
### Progress: 292490/309212 events | Elapsed time: 16773.0s [2025-02-28T20:02:44.574Z]
### Progress: 292573/309212 events | Elapsed time: 16778.1s [2025-02-28T20:02:49.619Z]
### Progress: 292661/309212 events | Elapsed time: 16783.0s [2025-02-28T20:02:54.545Z]
### Progress: 292744/309212 events | Elapsed time: 16788.0s [2025-02-28T20:02:59.551Z]
### Progress: 292823/309212 events | Elapsed time: 16793.0s [2025-02-28T20:03:04.569Z]
### Progress: 292912/309212 events | Elapsed time: 16798.0s [2025-02-28T20:03:09.548Z]
### Progress: 293000/309212 events | Elapsed time: 16803.0s [2025-02-28T20:03:14.549Z]
### Progress: 293083/309212 events | Elapsed time: 16808.1s [2025-02-28T20:03:19.622Z]
### Progress: 293171/309212 events | Elapsed time: 16813.0s [2025-02-28T20:03:24.549Z]
### Progress: 293243/309212 events | Elapsed time: 16818.1s [2025-02-28T20:03:29.657Z]
### Progress: 293330/309212 events | Elapsed time: 16823.0s [2025-02-28T20:03:34.573Z]
### Progress: 293418/309212 events | Elapsed time: 16828.0s [2025-02-28T20:03:39.590Z]
### Progress: 293504/309212 events | Elapsed time: 16833.1s [2025-02-28T20:03:44.609Z]
### Progress: 293591/309212 events | Elapsed time: 16838.1s [2025-02-28T20:03:49.624Z]
### Progress: 293674/309212 events | Elapsed time: 16843.1s [2025-02-28T20:03:54.641Z]
### Progress: 293760/309212 events | Elapsed time: 16848.1s [2025-02-28T20:03:59.660Z]
### Progress: 293840/309212 events | Elapsed time: 16853.0s [2025-02-28T20:04:04.575Z]
### Progress: 293924/309212 events | Elapsed time: 16858.0s [2025-02-28T20:04:09.593Z]
### Progress: 294013/309212 events | Elapsed time: 16863.0s [2025-02-28T20:04:14.558Z]
### Progress: 294099/309212 events | Elapsed time: 16868.1s [2025-02-28T20:04:19.628Z]
### Progress: 294172/309212 events | Elapsed time: 16873.1s [2025-02-28T20:04:24.644Z]
### Progress: 294260/309212 events | Elapsed time: 16878.1s [2025-02-28T20:04:29.661Z]
### Progress: 294343/309212 events | Elapsed time: 16883.0s [2025-02-28T20:04:34.579Z]
### Progress: 294433/309212 events | Elapsed time: 16888.0s [2025-02-28T20:04:39.595Z]
### Progress: 294519/309212 events | Elapsed time: 16893.1s [2025-02-28T20:04:44.614Z]
### Progress: 294601/309212 events | Elapsed time: 16898.1s [2025-02-28T20:04:49.629Z]
### Progress: 294682/309212 events | Elapsed time: 16903.0s [2025-02-28T20:04:54.567Z]
### Progress: 294762/309212 events | Elapsed time: 16908.1s [2025-02-28T20:04:59.666Z]
### Progress: 294846/309212 events | Elapsed time: 16913.0s [2025-02-28T20:05:04.581Z]
### Progress: 294936/309212 events | Elapsed time: 16918.1s [2025-02-28T20:05:09.599Z]
### Progress: 295018/309212 events | Elapsed time: 16923.0s [2025-02-28T20:05:14.570Z]
### Progress: 295106/309212 events | Elapsed time: 16928.1s [2025-02-28T20:05:19.634Z]
### Progress: 295181/309212 events | Elapsed time: 16933.1s [2025-02-28T20:05:24.650Z]
### Progress: 295266/309212 events | Elapsed time: 16938.1s [2025-02-28T20:05:29.669Z]
### Progress: 295354/309212 events | Elapsed time: 16943.0s [2025-02-28T20:05:34.584Z]
### Progress: 295438/309212 events | Elapsed time: 16948.1s [2025-02-28T20:05:39.605Z]
### Progress: 295526/309212 events | Elapsed time: 16953.0s [2025-02-28T20:05:44.577Z]
### Progress: 295607/309212 events | Elapsed time: 16958.1s [2025-02-28T20:05:49.635Z]
### Progress: 295691/309212 events | Elapsed time: 16963.0s [2025-02-28T20:05:54.577Z]
### Progress: 295776/309212 events | Elapsed time: 16968.0s [2025-02-28T20:05:59.576Z]
### Progress: 295858/309212 events | Elapsed time: 16973.1s [2025-02-28T20:06:04.688Z]
### Progress: 295946/309212 events | Elapsed time: 16978.1s [2025-02-28T20:06:09.605Z]
### Progress: 296022/309212 events | Elapsed time: 16983.1s [2025-02-28T20:06:14.629Z]
### Progress: 296106/309212 events | Elapsed time: 16988.1s [2025-02-28T20:06:19.638Z]
### Progress: 296194/309212 events | Elapsed time: 16993.0s [2025-02-28T20:06:24.580Z]
### Progress: 296276/309212 events | Elapsed time: 16998.1s [2025-02-28T20:06:29.674Z]
### Progress: 296357/309212 events | Elapsed time: 17003.0s [2025-02-28T20:06:34.591Z]
### Progress: 296441/309212 events | Elapsed time: 17008.1s [2025-02-28T20:06:39.608Z]
### Progress: 296524/309212 events | Elapsed time: 17013.0s [2025-02-28T20:06:44.586Z]
### Progress: 296608/309212 events | Elapsed time: 17018.1s [2025-02-28T20:06:49.643Z]
### Progress: 296687/309212 events | Elapsed time: 17023.0s [2025-02-28T20:06:54.586Z]
### Progress: 296768/309212 events | Elapsed time: 17028.1s [2025-02-28T20:06:59.677Z]
### Progress: 296854/309212 events | Elapsed time: 17033.2s [2025-02-28T20:07:04.696Z]
### Progress: 296938/309212 events | Elapsed time: 17038.1s [2025-02-28T20:07:09.611Z]
### Progress: 297017/309212 events | Elapsed time: 17043.0s [2025-02-28T20:07:14.591Z]
### Progress: 297101/309212 events | Elapsed time: 17048.0s [2025-02-28T20:07:19.590Z]
### Progress: 297184/309212 events | Elapsed time: 17053.1s [2025-02-28T20:07:24.663Z]
### Progress: 297269/309212 events | Elapsed time: 17058.1s [2025-02-28T20:07:29.680Z]
### Progress: 297356/309212 events | Elapsed time: 17063.1s [2025-02-28T20:07:34.596Z]
### Progress: 297437/309212 events | Elapsed time: 17068.1s [2025-02-28T20:07:39.614Z]
### Progress: 297521/309212 events | Elapsed time: 17073.1s [2025-02-28T20:07:44.631Z]
### Progress: 297606/309212 events | Elapsed time: 17078.1s [2025-02-28T20:07:49.649Z]
### Progress: 297688/309212 events | Elapsed time: 17083.1s [2025-02-28T20:07:54.666Z]
### Progress: 297778/309212 events | Elapsed time: 17088.0s [2025-02-28T20:07:59.594Z]
### Progress: 297857/309212 events | Elapsed time: 17093.2s [2025-02-28T20:08:04.700Z]
### Progress: 297941/309212 events | Elapsed time: 17098.1s [2025-02-28T20:08:09.616Z]
### Progress: 298024/309212 events | Elapsed time: 17103.1s [2025-02-28T20:08:14.601Z]
### Progress: 298108/309212 events | Elapsed time: 17108.1s [2025-02-28T20:08:19.604Z]
### Progress: 298196/309212 events | Elapsed time: 17113.1s [2025-02-28T20:08:24.669Z]
### Progress: 298276/309212 events | Elapsed time: 17118.1s [2025-02-28T20:08:29.687Z]
### Progress: 298356/309212 events | Elapsed time: 17123.1s [2025-02-28T20:08:34.606Z]
### Progress: 298444/309212 events | Elapsed time: 17128.1s [2025-02-28T20:08:39.619Z]
### Progress: 298526/309212 events | Elapsed time: 17133.1s [2025-02-28T20:08:44.636Z]
### Progress: 298607/309212 events | Elapsed time: 17138.1s [2025-02-28T20:08:49.609Z]
### Progress: 298691/309212 events | Elapsed time: 17143.1s [2025-02-28T20:08:54.672Z]
### Progress: 298776/309212 events | Elapsed time: 17148.1s [2025-02-28T20:08:59.689Z]
### Progress: 298864/309212 events | Elapsed time: 17153.1s [2025-02-28T20:09:04.609Z]
### Progress: 298948/309212 events | Elapsed time: 17158.1s [2025-02-28T20:09:09.623Z]
### Progress: 299028/309212 events | Elapsed time: 17163.1s [2025-02-28T20:09:14.643Z]
### Progress: 299112/309212 events | Elapsed time: 17168.1s [2025-02-28T20:09:19.657Z]
### Progress: 299196/309212 events | Elapsed time: 17173.1s [2025-02-28T20:09:24.610Z]
### Progress: 299279/309212 events | Elapsed time: 17178.1s [2025-02-28T20:09:29.692Z]
### Progress: 299366/309212 events | Elapsed time: 17183.1s [2025-02-28T20:09:34.613Z]
### Progress: 299442/309212 events | Elapsed time: 17188.1s [2025-02-28T20:09:39.625Z]
### Progress: 299529/309212 events | Elapsed time: 17193.1s [2025-02-28T20:09:44.645Z]
### Progress: 299614/309212 events | Elapsed time: 17198.1s [2025-02-28T20:09:49.660Z]
### Progress: 299698/309212 events | Elapsed time: 17203.1s [2025-02-28T20:09:54.620Z]
### Progress: 299794/309212 events | Elapsed time: 17208.1s [2025-02-28T20:09:59.621Z]
### Progress: 299876/309212 events | Elapsed time: 17213.2s [2025-02-28T20:10:04.712Z]
### Progress: 299957/309212 events | Elapsed time: 17218.1s [2025-02-28T20:10:09.630Z]
### Progress: 300036/309212 events | Elapsed time: 17223.1s [2025-02-28T20:10:14.625Z]
### Progress: 300124/309212 events | Elapsed time: 17228.1s [2025-02-28T20:10:19.664Z]
### Progress: 300214/309212 events | Elapsed time: 17233.1s [2025-02-28T20:10:24.682Z]
### Progress: 300299/309212 events | Elapsed time: 17238.2s [2025-02-28T20:10:29.699Z]
### Progress: 300386/309212 events | Elapsed time: 17243.1s [2025-02-28T20:10:34.626Z]
### Progress: 300467/309212 events | Elapsed time: 17248.1s [2025-02-28T20:10:39.632Z]
### Progress: 300546/309212 events | Elapsed time: 17253.1s [2025-02-28T20:10:44.647Z]
### Progress: 300636/309212 events | Elapsed time: 17258.1s [2025-02-28T20:10:49.667Z]
### Progress: 300716/309212 events | Elapsed time: 17263.1s [2025-02-28T20:10:54.683Z]
### Progress: 300806/309212 events | Elapsed time: 17268.2s [2025-02-28T20:10:59.701Z]
### Progress: 300887/309212 events | Elapsed time: 17273.1s [2025-02-28T20:11:04.632Z]
### Progress: 300971/309212 events | Elapsed time: 17278.1s [2025-02-28T20:11:09.635Z]
### Progress: 301054/309212 events | Elapsed time: 17283.1s [2025-02-28T20:11:14.654Z]
### Progress: 301144/309212 events | Elapsed time: 17288.1s [2025-02-28T20:11:19.635Z]
### Progress: 301228/309212 events | Elapsed time: 17293.1s [2025-02-28T20:11:24.636Z]
### Progress: 301318/309212 events | Elapsed time: 17298.2s [2025-02-28T20:11:29.705Z]
### Progress: 301397/309212 events | Elapsed time: 17303.2s [2025-02-28T20:11:34.726Z]
### Progress: 301481/309212 events | Elapsed time: 17308.1s [2025-02-28T20:11:39.648Z]
### Progress: 301564/309212 events | Elapsed time: 17313.1s [2025-02-28T20:11:44.654Z]
### Progress: 301654/309212 events | Elapsed time: 17318.1s [2025-02-28T20:11:49.674Z]
### Progress: 301736/309212 events | Elapsed time: 17323.1s [2025-02-28T20:11:54.644Z]
### Progress: 301826/309212 events | Elapsed time: 17328.1s [2025-02-28T20:11:59.645Z]
### Progress: 301901/309212 events | Elapsed time: 17333.2s [2025-02-28T20:12:04.725Z]
### Progress: 301986/309212 events | Elapsed time: 17338.1s [2025-02-28T20:12:09.648Z]
### Progress: 302068/309212 events | Elapsed time: 17343.2s [2025-02-28T20:12:14.760Z]
### Progress: 302158/309212 events | Elapsed time: 17348.1s [2025-02-28T20:12:19.677Z]
### Progress: 302239/309212 events | Elapsed time: 17353.2s [2025-02-28T20:12:24.698Z]
### Progress: 302336/309212 events | Elapsed time: 17358.2s [2025-02-28T20:12:29.712Z]
### Progress: 302411/309212 events | Elapsed time: 17363.1s [2025-02-28T20:12:34.652Z]
### Progress: 302496/309212 events | Elapsed time: 17368.2s [2025-02-28T20:12:39.748Z]
### Progress: 302578/309212 events | Elapsed time: 17373.1s [2025-02-28T20:12:44.664Z]
### Progress: 302666/309212 events | Elapsed time: 17378.1s [2025-02-28T20:12:49.681Z]
### Progress: 302742/309212 events | Elapsed time: 17383.2s [2025-02-28T20:12:54.698Z]
### Progress: 302831/309212 events | Elapsed time: 17388.1s [2025-02-28T20:12:59.656Z]
### Progress: 302914/309212 events | Elapsed time: 17393.2s [2025-02-28T20:13:04.732Z]
### Progress: 303002/309212 events | Elapsed time: 17398.2s [2025-02-28T20:13:09.751Z]
### Progress: 303086/309212 events | Elapsed time: 17403.1s [2025-02-28T20:13:14.667Z]
### Progress: 303167/309212 events | Elapsed time: 17408.1s [2025-02-28T20:13:19.686Z]
### Progress: 303246/309212 events | Elapsed time: 17413.2s [2025-02-28T20:13:24.701Z]
### Progress: 303334/309212 events | Elapsed time: 17418.1s [2025-02-28T20:13:29.657Z]
### Progress: 303416/309212 events | Elapsed time: 17423.2s [2025-02-28T20:13:34.736Z]
### Progress: 303502/309212 events | Elapsed time: 17428.2s [2025-02-28T20:13:39.754Z]
### Progress: 303581/309212 events | Elapsed time: 17433.1s [2025-02-28T20:13:44.670Z]
### Progress: 303666/309212 events | Elapsed time: 17438.1s [2025-02-28T20:13:49.688Z]
### Progress: 303748/309212 events | Elapsed time: 17443.1s [2025-02-28T20:13:54.660Z]
### Progress: 303838/309212 events | Elapsed time: 17448.1s [2025-02-28T20:13:59.662Z]
### Progress: 303917/309212 events | Elapsed time: 17453.2s [2025-02-28T20:14:04.739Z]
### Progress: 304003/309212 events | Elapsed time: 17458.2s [2025-02-28T20:14:09.760Z]
### Progress: 304086/309212 events | Elapsed time: 17463.1s [2025-02-28T20:14:14.673Z]
### Progress: 304174/309212 events | Elapsed time: 17468.1s [2025-02-28T20:14:19.693Z]
### Progress: 304256/309212 events | Elapsed time: 17473.1s [2025-02-28T20:14:24.665Z]
### Progress: 304337/309212 events | Elapsed time: 17478.1s [2025-02-28T20:14:29.666Z]
### Progress: 304416/309212 events | Elapsed time: 17483.2s [2025-02-28T20:14:34.742Z]
### Progress: 304504/309212 events | Elapsed time: 17488.1s [2025-02-28T20:14:39.669Z]
### Progress: 304586/309212 events | Elapsed time: 17493.2s [2025-02-28T20:14:44.777Z]
### Progress: 304676/309212 events | Elapsed time: 17498.1s [2025-02-28T20:14:49.694Z]
### Progress: 304751/309212 events | Elapsed time: 17503.1s [2025-02-28T20:14:54.672Z]
### Progress: 304836/309212 events | Elapsed time: 17508.1s [2025-02-28T20:14:59.673Z]
### Progress: 304918/309212 events | Elapsed time: 17513.2s [2025-02-28T20:15:04.745Z]
### Progress: 305006/309212 events | Elapsed time: 17518.1s [2025-02-28T20:15:09.676Z]
### Progress: 305081/309212 events | Elapsed time: 17523.2s [2025-02-28T20:15:14.780Z]
### Progress: 305166/309212 events | Elapsed time: 17528.2s [2025-02-28T20:15:19.698Z]
### Progress: 305248/309212 events | Elapsed time: 17533.1s [2025-02-28T20:15:24.677Z]
### Progress: 305336/309212 events | Elapsed time: 17538.1s [2025-02-28T20:15:29.679Z]
### Progress: 305416/309212 events | Elapsed time: 17543.2s [2025-02-28T20:15:34.750Z]
### Progress: 305507/309212 events | Elapsed time: 17548.1s [2025-02-28T20:15:39.680Z]
### Progress: 305586/309212 events | Elapsed time: 17553.2s [2025-02-28T20:15:44.784Z]
### Progress: 305676/309212 events | Elapsed time: 17558.2s [2025-02-28T20:15:49.701Z]
### Progress: 305758/309212 events | Elapsed time: 17563.1s [2025-02-28T20:15:54.681Z]
### Progress: 305831/309212 events | Elapsed time: 17568.1s [2025-02-28T20:15:59.683Z]
### Progress: 305915/309212 events | Elapsed time: 17573.2s [2025-02-28T20:16:04.753Z]
### Progress: 305997/309212 events | Elapsed time: 17578.1s [2025-02-28T20:16:09.684Z]
### Progress: 306076/309212 events | Elapsed time: 17583.1s [2025-02-28T20:16:14.687Z]
### Progress: 306166/309212 events | Elapsed time: 17588.2s [2025-02-28T20:16:19.704Z]
### Progress: 306246/309212 events | Elapsed time: 17593.2s [2025-02-28T20:16:24.721Z]
### Progress: 306334/309212 events | Elapsed time: 17598.1s [2025-02-28T20:16:29.689Z]
### Progress: 306415/309212 events | Elapsed time: 17603.2s [2025-02-28T20:16:34.755Z]
### Progress: 306496/309212 events | Elapsed time: 17608.1s [2025-02-28T20:16:39.690Z]
### Progress: 306576/309212 events | Elapsed time: 17613.2s [2025-02-28T20:16:44.790Z]
### Progress: 306664/309212 events | Elapsed time: 17618.2s [2025-02-28T20:16:49.706Z]
### Progress: 306747/309212 events | Elapsed time: 17623.1s [2025-02-28T20:16:54.692Z]
### Progress: 306835/309212 events | Elapsed time: 17628.1s [2025-02-28T20:16:59.693Z]
### Progress: 306916/309212 events | Elapsed time: 17633.2s [2025-02-28T20:17:04.760Z]
### Progress: 306996/309212 events | Elapsed time: 17638.2s [2025-02-28T20:17:09.776Z]
### Progress: 307084/309212 events | Elapsed time: 17643.1s [2025-02-28T20:17:14.693Z]
### Progress: 307165/309212 events | Elapsed time: 17648.2s [2025-02-28T20:17:19.710Z]
### Progress: 307246/309212 events | Elapsed time: 17653.1s [2025-02-28T20:17:24.694Z]
### Progress: 307330/309212 events | Elapsed time: 17658.2s [2025-02-28T20:17:29.699Z]
### Progress: 307414/309212 events | Elapsed time: 17663.2s [2025-02-28T20:17:34.762Z]
### Progress: 307497/309212 events | Elapsed time: 17668.2s [2025-02-28T20:17:39.697Z]
### Progress: 307576/309212 events | Elapsed time: 17673.3s [2025-02-28T20:17:44.797Z]
### Progress: 307662/309212 events | Elapsed time: 17678.2s [2025-02-28T20:17:49.713Z]
### Progress: 307750/309212 events | Elapsed time: 17683.2s [2025-02-28T20:17:54.731Z]
### Progress: 307834/309212 events | Elapsed time: 17688.2s [2025-02-28T20:17:59.700Z]
### Progress: 307915/309212 events | Elapsed time: 17693.2s [2025-02-28T20:18:04.765Z]
### Progress: 308005/309212 events | Elapsed time: 17698.2s [2025-02-28T20:18:09.701Z]
### Progress: 308080/309212 events | Elapsed time: 17703.3s [2025-02-28T20:18:14.800Z]
### Progress: 308166/309212 events | Elapsed time: 17708.2s [2025-02-28T20:18:19.719Z]
### Progress: 308248/309212 events | Elapsed time: 17713.2s [2025-02-28T20:18:24.734Z]
### Progress: 308335/309212 events | Elapsed time: 17718.2s [2025-02-28T20:18:29.751Z]
### Progress: 308416/309212 events | Elapsed time: 17723.2s [2025-02-28T20:18:34.769Z]
### Progress: 308500/309212 events | Elapsed time: 17728.2s [2025-02-28T20:18:39.707Z]
### Progress: 308581/309212 events | Elapsed time: 17733.2s [2025-02-28T20:18:44.706Z]
### Progress: 308664/309212 events | Elapsed time: 17738.2s [2025-02-28T20:18:49.711Z]
### Progress: 308749/309212 events | Elapsed time: 17743.2s [2025-02-28T20:18:54.709Z]
### Progress: 308823/309212 events | Elapsed time: 17748.2s [2025-02-28T20:18:59.710Z]
### Progress: 308881/309212 events | Elapsed time: 17753.2s [2025-02-28T20:19:04.771Z]
### Progress: 308943/309212 events | Elapsed time: 17758.2s [2025-02-28T20:19:09.712Z]
### Progress: 308999/309212 events | Elapsed time: 17763.2s [2025-02-28T20:19:14.716Z]
### Progress: 309051/309212 events | Elapsed time: 17768.2s [2025-02-28T20:19:19.723Z]
### Progress: 309093/309212 events | Elapsed time: 17773.2s [2025-02-28T20:19:24.741Z]
### Progress: 309125/309212 events | Elapsed time: 17778.2s [2025-02-28T20:19:29.714Z]
### Progress: 309156/309212 events | Elapsed time: 17783.2s [2025-02-28T20:19:34.776Z]
### Progress: 309181/309212 events | Elapsed time: 17788.2s [2025-02-28T20:19:39.714Z]
### Progress: 309193/309212 events | Elapsed time: 17793.2s [2025-02-28T20:19:44.713Z]
### Progress: 309199/309212 events | Elapsed time: 17798.3s [2025-02-28T20:19:49.828Z]
### Progress: 309205/309212 events | Elapsed time: 17803.7s [2025-02-28T20:19:55.210Z]
### Progress: 309208/309212 events | Elapsed time: 17808.2s [2025-02-28T20:19:59.761Z]
### Progress: 309211/309212 events | Elapsed time: 17813.2s [2025-02-28T20:20:04.721Z]
### Progress: 309211/309212 events | Elapsed time: 17818.3s [2025-02-28T20:20:09.796Z]
### Progress: 309211/309212 events | Elapsed time: 17823.3s [2025-02-28T20:20:14.813Z]
### Progress: 309211/309212 events | Elapsed time: 17828.3s [2025-02-28T20:20:19.831Z]
### Progress: 309211/309212 events | Elapsed time: 17833.3s [2025-02-28T20:20:24.848Z]
### Progress: 309211/309212 events | Elapsed time: 17838.2s [2025-02-28T20:20:29.764Z]
### Progress: 309211/309212 events | Elapsed time: 17843.2s [2025-02-28T20:20:34.782Z]
### Progress: 309211/309212 events | Elapsed time: 17848.3s [2025-02-28T20:20:39.811Z]
### Progress: 309211/309212 events | Elapsed time: 17853.3s [2025-02-28T20:20:44.817Z]
### Progress: 309211/309212 events | Elapsed time: 17858.3s [2025-02-28T20:20:49.834Z]
### Progress: 309211/309212 events | Elapsed time: 17863.3s [2025-02-28T20:20:54.852Z]
### Progress: 309211/309212 events | Elapsed time: 17868.3s [2025-02-28T20:20:59.870Z]
### Progress: 309211/309212 events | Elapsed time: 17873.3s [2025-02-28T20:21:04.887Z]
### Progress: 309211/309212 events | Elapsed time: 17878.4s [2025-02-28T20:21:09.905Z]
### Progress: 309211/309212 events | Elapsed time: 17883.3s [2025-02-28T20:21:14.820Z]
### Progress: 309211/309212 events | Elapsed time: 17888.3s [2025-02-28T20:21:19.837Z]
### Progress: 309211/309212 events | Elapsed time: 17893.3s [2025-02-28T20:21:24.813Z]
### Progress: 309211/309212 events | Elapsed time: 17898.4s [2025-02-28T20:21:29.975Z]
### Progress: 309211/309212 events | Elapsed time: 17903.3s [2025-02-28T20:21:34.890Z]
### Progress: 309211/309212 events | Elapsed time: 17908.4s [2025-02-28T20:21:39.908Z]
### Progress: 309211/309212 events | Elapsed time: 17913.4s [2025-02-28T20:21:44.927Z]
### Progress: 309211/309212 events | Elapsed time: 17918.4s [2025-02-28T20:21:49.948Z]
### Progress: 309211/309212 events | Elapsed time: 17923.3s [2025-02-28T20:21:54.859Z]
### Progress: 309211/309212 events | Elapsed time: 17928.3s [2025-02-28T20:21:59.877Z]
### Progress: 309211/309212 events | Elapsed time: 17933.3s [2025-02-28T20:22:04.895Z]
### Progress: 309211/309212 events | Elapsed time: 17938.4s [2025-02-28T20:22:09.912Z]
### Progress: 309211/309212 events | Elapsed time: 17943.4s [2025-02-28T20:22:14.930Z]
### Progress: 309211/309212 events | Elapsed time: 17948.4s [2025-02-28T20:22:19.947Z]
### Progress: 309211/309212 events | Elapsed time: 17953.4s [2025-02-28T20:22:24.967Z]
### Progress: 309211/309212 events | Elapsed time: 17958.4s [2025-02-28T20:22:29.982Z]
### Progress: 309211/309212 events | Elapsed time: 17963.5s [2025-02-28T20:22:35.000Z]
### Progress: 309211/309212 events | Elapsed time: 17968.4s [2025-02-28T20:22:39.915Z]
### Progress: 309211/309212 events | Elapsed time: 17973.4s [2025-02-28T20:22:44.933Z]
### Progress: 309211/309212 events | Elapsed time: 17978.4s [2025-02-28T20:22:49.950Z]
### Progress: 309211/309212 events | Elapsed time: 17983.4s [2025-02-28T20:22:54.968Z]
### Progress: 309211/309212 events | Elapsed time: 17988.4s [2025-02-28T20:22:59.993Z]
### Progress: 309211/309212 events | Elapsed time: 17993.5s [2025-02-28T20:23:05.003Z]
### Progress: 309211/309212 events | Elapsed time: 17998.5s [2025-02-28T20:23:10.021Z]
### Progress: 309211/309212 events | Elapsed time: 18003.5s [2025-02-28T20:23:15.038Z]
### Progress: 309211/309212 events | Elapsed time: 18008.4s [2025-02-28T20:23:19.954Z]
### Progress: 309211/309212 events | Elapsed time: 18013.4s [2025-02-28T20:23:24.971Z]
### Progress: 309211/309212 events | Elapsed time: 18018.4s [2025-02-28T20:23:29.989Z]
### Progress: 309211/309212 events | Elapsed time: 18023.5s [2025-02-28T20:23:35.007Z]
### Progress: 309211/309212 events | Elapsed time: 18028.5s [2025-02-28T20:23:40.024Z]
### Progress: 309211/309212 events | Elapsed time: 18033.5s [2025-02-28T20:23:45.042Z]
### Progress: 309211/309212 events | Elapsed time: 18038.5s [2025-02-28T20:23:50.060Z]
### Progress: 309211/309212 events | Elapsed time: 18043.5s [2025-02-28T20:23:55.077Z]
### Progress: 309211/309212 events | Elapsed time: 18048.5s [2025-02-28T20:24:00.095Z]
### Progress: 309211/309212 events | Elapsed time: 18053.5s [2025-02-28T20:24:05.010Z]
### Progress: 309211/309212 events | Elapsed time: 18058.5s [2025-02-28T20:24:10.028Z]
### Progress: 309211/309212 events | Elapsed time: 18063.5s [2025-02-28T20:24:15.046Z]
### Progress: 309211/309212 events | Elapsed time: 18068.5s [2025-02-28T20:24:20.063Z]
### Progress: 309211/309212 events | Elapsed time: 18073.5s [2025-02-28T20:24:25.081Z]
### Progress: 309211/309212 events | Elapsed time: 18078.6s [2025-02-28T20:24:30.101Z]
### Progress: 309211/309212 events | Elapsed time: 18083.6s [2025-02-28T20:24:35.116Z]
### Progress: 309211/309212 events | Elapsed time: 18088.6s [2025-02-28T20:24:40.134Z]
### Progress: 309211/309212 events | Elapsed time: 18093.5s [2025-02-28T20:24:45.049Z]
### Progress: 309211/309212 events | Elapsed time: 18098.5s [2025-02-28T20:24:50.066Z]
### Progress: 309211/309212 events | Elapsed time: 18103.5s [2025-02-28T20:24:55.084Z]
### Progress: 309211/309212 events | Elapsed time: 18108.6s [2025-02-28T20:25:00.102Z]
### Progress: 309211/309212 events | Elapsed time: 18113.6s [2025-02-28T20:25:05.119Z]
### Progress: 309211/309212 events | Elapsed time: 18118.6s [2025-02-28T20:25:10.138Z]
### Progress: 309211/309212 events | Elapsed time: 18123.6s [2025-02-28T20:25:15.155Z]
### Progress: 309211/309212 events | Elapsed time: 18128.6s [2025-02-28T20:25:20.173Z]
### Progress: 309211/309212 events | Elapsed time: 18133.5s [2025-02-28T20:25:25.088Z]
### Progress: 309211/309212 events | Elapsed time: 18138.6s [2025-02-28T20:25:30.105Z]
### Progress: 309211/309212 events | Elapsed time: 18143.6s [2025-02-28T20:25:35.123Z]
### Progress: 309211/309212 events | Elapsed time: 18148.6s [2025-02-28T20:25:40.141Z]
### Progress: 309211/309212 events | Elapsed time: 18153.6s [2025-02-28T20:25:45.158Z]
### Progress: 309211/309212 events | Elapsed time: 18158.6s [2025-02-28T20:25:50.176Z]
### Progress: 309211/309212 events | Elapsed time: 18163.6s [2025-02-28T20:25:55.193Z]
### Progress: 309211/309212 events | Elapsed time: 18168.6s [2025-02-28T20:26:00.120Z]
### Progress: 309211/309212 events | Elapsed time: 18173.7s [2025-02-28T20:26:05.229Z]
### Progress: 309211/309212 events | Elapsed time: 18178.6s [2025-02-28T20:26:10.144Z]
### Progress: 309211/309212 events | Elapsed time: 18183.6s [2025-02-28T20:26:15.162Z]
### Progress: 309211/309212 events | Elapsed time: 18188.7s [2025-02-28T20:26:20.200Z]
### Progress: 309211/309212 events | Elapsed time: 18193.7s [2025-02-28T20:26:25.198Z]
### Progress: 309211/309212 events | Elapsed time: 18198.7s [2025-02-28T20:26:30.216Z]
### Progress: 309211/309212 events | Elapsed time: 18203.7s [2025-02-28T20:26:35.234Z]
### Progress: 309211/309212 events | Elapsed time: 18208.7s [2025-02-28T20:26:40.251Z]
### Progress: 309211/309212 events | Elapsed time: 18213.7s [2025-02-28T20:26:45.273Z]
### Progress: 309211/309212 events | Elapsed time: 18218.6s [2025-02-28T20:26:50.185Z]
### Progress: 309211/309212 events | Elapsed time: 18223.7s [2025-02-28T20:26:55.203Z]
### Progress: 309211/309212 events | Elapsed time: 18228.7s [2025-02-28T20:27:00.221Z]
### Progress: 309211/309212 events | Elapsed time: 18233.7s [2025-02-28T20:27:05.241Z]
### Progress: 309211/309212 events | Elapsed time: 18238.7s [2025-02-28T20:27:10.259Z]
### Progress: 309211/309212 events | Elapsed time: 18243.7s [2025-02-28T20:27:15.204Z]
### Progress: 309211/309212 events | Elapsed time: 18248.7s [2025-02-28T20:27:20.294Z]
### Progress: 309211/309212 events | Elapsed time: 18253.8s [2025-02-28T20:27:25.312Z]
### Progress: 309211/309212 events | Elapsed time: 18258.7s [2025-02-28T20:27:30.228Z]
### Progress: 309211/309212 events | Elapsed time: 18263.7s [2025-02-28T20:27:35.245Z]
### Progress: 309211/309212 events | Elapsed time: 18268.7s [2025-02-28T20:27:40.263Z]
### Progress: 309211/309212 events | Elapsed time: 18273.7s [2025-02-28T20:27:45.281Z]
### Progress: 309211/309212 events | Elapsed time: 18278.8s [2025-02-28T20:27:50.299Z]
### Progress: 309211/309212 events | Elapsed time: 18283.8s [2025-02-28T20:27:55.317Z]
### Progress: 309211/309212 events | Elapsed time: 18288.8s [2025-02-28T20:28:00.335Z]
### Progress: 309211/309212 events | Elapsed time: 18293.8s [2025-02-28T20:28:05.352Z]
### Progress: 309211/309212 events | Elapsed time: 18298.7s [2025-02-28T20:28:10.268Z]
### Progress: 309211/309212 events | Elapsed time: 18303.7s [2025-02-28T20:28:15.285Z]
### Progress: 309211/309212 events | Elapsed time: 18308.8s [2025-02-28T20:28:20.315Z]
### Progress: 309211/309212 events | Elapsed time: 18313.8s [2025-02-28T20:28:25.340Z]
### Progress: 309211/309212 events | Elapsed time: 18318.8s [2025-02-28T20:28:30.340Z]
### Progress: 309211/309212 events | Elapsed time: 18323.8s [2025-02-28T20:28:35.356Z]
### Progress: 309211/309212 events | Elapsed time: 18328.8s [2025-02-28T20:28:40.374Z]
### Progress: 309211/309212 events | Elapsed time: 18333.8s [2025-02-28T20:28:45.393Z]
### Progress: 309211/309212 events | Elapsed time: 18338.8s [2025-02-28T20:28:50.312Z]
### Progress: 309211/309212 events | Elapsed time: 18343.8s [2025-02-28T20:28:55.326Z]
### Progress: 309211/309212 events | Elapsed time: 18348.8s [2025-02-28T20:29:00.345Z]
### Progress: 309211/309212 events | Elapsed time: 18353.8s [2025-02-28T20:29:05.370Z]
### Progress: 309211/309212 events | Elapsed time: 18358.8s [2025-02-28T20:29:10.380Z]
### Progress: 309211/309212 events | Elapsed time: 18363.9s [2025-02-28T20:29:15.398Z]
### Progress: 309211/309212 events | Elapsed time: 18368.9s [2025-02-28T20:29:20.416Z]
### Progress: 309211/309212 events | Elapsed time: 18373.9s [2025-02-28T20:29:25.433Z]
### Progress: 309211/309212 events | Elapsed time: 18378.8s [2025-02-28T20:29:30.348Z]
### Progress: 309211/309212 events | Elapsed time: 18383.8s [2025-02-28T20:29:35.365Z]
### Progress: 309211/309212 events | Elapsed time: 18388.8s [2025-02-28T20:29:40.384Z]
### Progress: 309211/309212 events | Elapsed time: 18393.9s [2025-02-28T20:29:45.402Z]
### Progress: 309211/309212 events | Elapsed time: 18398.9s [2025-02-28T20:29:50.420Z]
### Progress: 309211/309212 events | Elapsed time: 18403.9s [2025-02-28T20:29:55.439Z]
### Progress: 309211/309212 events | Elapsed time: 18408.9s [2025-02-28T20:30:00.457Z]
### Progress: 309211/309212 events | Elapsed time: 18413.9s [2025-02-28T20:30:05.475Z]
### Progress: 309211/309212 events | Elapsed time: 18418.9s [2025-02-28T20:30:10.492Z]
### Progress: 309211/309212 events | Elapsed time: 18423.9s [2025-02-28T20:30:15.408Z]
### Progress: 309211/309212 events | Elapsed time: 18428.9s [2025-02-28T20:30:20.425Z]
### Progress: 309211/309212 events | Elapsed time: 18433.9s [2025-02-28T20:30:25.443Z]
### Progress: 309211/309212 events | Elapsed time: 18438.9s [2025-02-28T20:30:30.461Z]
### Progress: 309211/309212 events | Elapsed time: 18443.9s [2025-02-28T20:30:35.479Z]
### Progress: 309211/309212 events | Elapsed time: 18449.0s [2025-02-28T20:30:40.497Z]
### Progress: 309211/309212 events | Elapsed time: 18454.0s [2025-02-28T20:30:45.514Z]
### Progress: 309211/309212 events | Elapsed time: 18459.0s [2025-02-28T20:30:50.532Z]
### Progress: 309211/309212 events | Elapsed time: 18463.9s [2025-02-28T20:30:55.447Z]
### Progress: 309211/309212 events | Elapsed time: 18468.9s [2025-02-28T20:31:00.465Z]
### Progress: 309211/309212 events | Elapsed time: 18473.9s [2025-02-28T20:31:05.438Z]
### Progress: 309211/309212 events | Elapsed time: 18479.0s [2025-02-28T20:31:10.500Z]
### Progress: 309211/309212 events | Elapsed time: 18484.0s [2025-02-28T20:31:15.518Z]
### Progress: 309211/309212 events | Elapsed time: 18489.0s [2025-02-28T20:31:20.539Z]
### Progress: 309211/309212 events | Elapsed time: 18494.0s [2025-02-28T20:31:25.563Z]
### Progress: 309211/309212 events | Elapsed time: 18499.0s [2025-02-28T20:31:30.572Z]
### Progress: 309211/309212 events | Elapsed time: 18503.9s [2025-02-28T20:31:35.487Z]
### Progress: 309211/309212 events | Elapsed time: 18509.0s [2025-02-28T20:31:40.504Z]
### Progress: 309211/309212 events | Elapsed time: 18513.9s [2025-02-28T20:31:45.483Z]
### Progress: 309211/309212 events | Elapsed time: 18519.0s [2025-02-28T20:31:50.540Z]
### Progress: 309211/309212 events | Elapsed time: 18524.0s [2025-02-28T20:31:55.558Z]
### Progress: 309211/309212 events | Elapsed time: 18529.0s [2025-02-28T20:32:00.576Z]
### Progress: 309211/309212 events | Elapsed time: 18534.0s [2025-02-28T20:32:05.508Z]
### Progress: 309211/309212 events | Elapsed time: 18539.1s [2025-02-28T20:32:10.611Z]
### Progress: 309211/309212 events | Elapsed time: 18544.0s [2025-02-28T20:32:15.527Z]
### Progress: 309211/309212 events | Elapsed time: 18549.0s [2025-02-28T20:32:20.544Z]
### Progress: 309211/309212 events | Elapsed time: 18554.0s [2025-02-28T20:32:25.565Z]
### Progress: 309211/309212 events | Elapsed time: 18559.0s [2025-02-28T20:32:30.580Z]
### Progress: 309211/309212 events | Elapsed time: 18564.1s [2025-02-28T20:32:35.598Z]
### Progress: 309211/309212 events | Elapsed time: 18569.1s [2025-02-28T20:32:40.616Z]
### Progress: 309211/309212 events | Elapsed time: 18574.1s [2025-02-28T20:32:45.633Z]
### Progress: 309211/309212 events | Elapsed time: 18579.0s [2025-02-28T20:32:50.564Z]
### Progress: 309211/309212 events | Elapsed time: 18584.0s [2025-02-28T20:32:55.567Z]
### Progress: 309211/309212 events | Elapsed time: 18589.0s [2025-02-28T20:33:00.584Z]
### Progress: 309211/309212 events | Elapsed time: 18594.1s [2025-02-28T20:33:05.603Z]
### Progress: 309211/309212 events | Elapsed time: 18599.1s [2025-02-28T20:33:10.620Z]
### Progress: 309211/309212 events | Elapsed time: 18604.1s [2025-02-28T20:33:15.638Z]
### Progress: 309211/309212 events | Elapsed time: 18609.1s [2025-02-28T20:33:20.658Z]
### Progress: 309211/309212 events | Elapsed time: 18614.1s [2025-02-28T20:33:25.674Z]
### Progress: 309211/309212 events | Elapsed time: 18619.1s [2025-02-28T20:33:30.691Z]
### Progress: 309211/309212 events | Elapsed time: 18624.2s [2025-02-28T20:33:35.709Z]
### Progress: 309211/309212 events | Elapsed time: 18629.1s [2025-02-28T20:33:40.624Z]
### Progress: 309211/309212 events | Elapsed time: 18634.1s [2025-02-28T20:33:45.642Z]
### Progress: 309211/309212 events | Elapsed time: 18639.1s [2025-02-28T20:33:50.663Z]
### Progress: 309211/309212 events | Elapsed time: 18644.1s [2025-02-28T20:33:55.678Z]
### Progress: 309211/309212 events | Elapsed time: 18649.2s [2025-02-28T20:34:00.698Z]
### Progress: 309211/309212 events | Elapsed time: 18654.2s [2025-02-28T20:34:05.713Z]
### Progress: 309211/309212 events | Elapsed time: 18659.2s [2025-02-28T20:34:10.731Z]
### Progress: 309211/309212 events | Elapsed time: 18664.2s [2025-02-28T20:34:15.767Z]
### Progress: 309211/309212 events | Elapsed time: 18669.1s [2025-02-28T20:34:20.670Z]
### Progress: 309211/309212 events | Elapsed time: 18674.1s [2025-02-28T20:34:25.684Z]
### Progress: 309211/309212 events | Elapsed time: 18679.2s [2025-02-28T20:34:30.702Z]
### Progress: 309211/309212 events | Elapsed time: 18684.2s [2025-02-28T20:34:35.720Z]
### Progress: 309211/309212 events | Elapsed time: 18689.2s [2025-02-28T20:34:40.736Z]
### Progress: 309211/309212 events | Elapsed time: 18694.2s [2025-02-28T20:34:45.755Z]
### Progress: 309211/309212 events | Elapsed time: 18699.2s [2025-02-28T20:34:50.772Z]
### Progress: 309211/309212 events | Elapsed time: 18704.2s [2025-02-28T20:34:55.790Z]
### Progress: 309211/309212 events | Elapsed time: 18709.2s [2025-02-28T20:35:00.705Z]
### Progress: 309211/309212 events | Elapsed time: 18714.2s [2025-02-28T20:35:05.723Z]
### Progress: 309211/309212 events | Elapsed time: 18719.2s [2025-02-28T20:35:10.741Z]
### Progress: 309211/309212 events | Elapsed time: 18724.2s [2025-02-28T20:35:15.760Z]
### Progress: 309211/309212 events | Elapsed time: 18729.2s [2025-02-28T20:35:20.776Z]
### Progress: 309211/309212 events | Elapsed time: 18734.2s [2025-02-28T20:35:25.793Z]
### Progress: 309211/309212 events | Elapsed time: 18739.3s [2025-02-28T20:35:30.811Z]
### Progress: 309211/309212 events | Elapsed time: 18744.3s [2025-02-28T20:35:35.829Z]
### Progress: 309211/309212 events | Elapsed time: 18749.3s [2025-02-28T20:35:40.849Z]
### Progress: 309211/309212 events | Elapsed time: 18754.2s [2025-02-28T20:35:45.762Z]
### Progress: 309211/309212 events | Elapsed time: 18759.2s [2025-02-28T20:35:50.780Z]
### Progress: 309211/309212 events | Elapsed time: 18764.3s [2025-02-28T20:35:55.799Z]
### Progress: 309211/309212 events | Elapsed time: 18769.3s [2025-02-28T20:36:00.816Z]
### Progress: 309211/309212 events | Elapsed time: 18774.3s [2025-02-28T20:36:05.833Z]
### Progress: 309211/309212 events | Elapsed time: 18779.3s [2025-02-28T20:36:10.851Z]
### Progress: 309211/309212 events | Elapsed time: 18784.3s [2025-02-28T20:36:15.870Z]
### Progress: 309211/309212 events | Elapsed time: 18789.3s [2025-02-28T20:36:20.886Z]
### Progress: 309211/309212 events | Elapsed time: 18794.3s [2025-02-28T20:36:25.802Z]
### Progress: 309211/309212 events | Elapsed time: 18799.3s [2025-02-28T20:36:30.820Z]
### Progress: 309211/309212 events | Elapsed time: 18804.3s [2025-02-28T20:36:35.839Z]
### Progress: 309211/309212 events | Elapsed time: 18809.3s [2025-02-28T20:36:40.855Z]
### Progress: 309211/309212 events | Elapsed time: 18814.3s [2025-02-28T20:36:45.873Z]
### Progress: 309211/309212 events | Elapsed time: 18819.3s [2025-02-28T20:36:50.891Z]
### Progress: 309211/309212 events | Elapsed time: 18824.4s [2025-02-28T20:36:55.908Z]
### Progress: 309211/309212 events | Elapsed time: 18829.4s [2025-02-28T20:37:00.926Z]
### Progress: 309211/309212 events | Elapsed time: 18834.3s [2025-02-28T20:37:05.842Z]
### Progress: 309211/309212 events | Elapsed time: 18839.3s [2025-02-28T20:37:10.859Z]
### Progress: 309211/309212 events | Elapsed time: 18844.3s [2025-02-28T20:37:15.877Z]
### Progress: 309211/309212 events | Elapsed time: 18849.3s [2025-02-28T20:37:20.894Z]
### Progress: 309211/309212 events | Elapsed time: 18854.4s [2025-02-28T20:37:25.912Z]
### Progress: 309211/309212 events | Elapsed time: 18859.4s [2025-02-28T20:37:30.930Z]
### Progress: 309211/309212 events | Elapsed time: 18864.4s [2025-02-28T20:37:35.948Z]
### Progress: 309211/309212 events | Elapsed time: 18869.4s [2025-02-28T20:37:40.966Z]
### Progress: 309211/309212 events | Elapsed time: 18874.3s [2025-02-28T20:37:45.881Z]
### Progress: 309211/309212 events | Elapsed time: 18879.4s [2025-02-28T20:37:50.899Z]
### Progress: 309211/309212 events | Elapsed time: 18884.4s [2025-02-28T20:37:55.916Z]
### Progress: 309211/309212 events | Elapsed time: 18889.4s [2025-02-28T20:38:00.934Z]
### Progress: 309211/309212 events | Elapsed time: 18894.4s [2025-02-28T20:38:05.952Z]
### Progress: 309211/309212 events | Elapsed time: 18899.4s [2025-02-28T20:38:10.970Z]
### Progress: 309211/309212 events | Elapsed time: 18904.4s [2025-02-28T20:38:15.988Z]
### Progress: 309211/309212 events | Elapsed time: 18909.4s [2025-02-28T20:38:20.903Z]
### Progress: 309211/309212 events | Elapsed time: 18914.4s [2025-02-28T20:38:25.921Z]
### Progress: 309211/309212 events | Elapsed time: 18919.4s [2025-02-28T20:38:30.938Z]
### Progress: 309211/309212 events | Elapsed time: 18924.4s [2025-02-28T20:38:35.956Z]
### Progress: 309211/309212 events | Elapsed time: 18929.4s [2025-02-28T20:38:40.974Z]
### Progress: 309211/309212 events | Elapsed time: 18934.4s [2025-02-28T20:38:45.992Z]
### Progress: 309211/309212 events | Elapsed time: 18939.5s [2025-02-28T20:38:51.010Z]
### Progress: 309211/309212 events | Elapsed time: 18944.5s [2025-02-28T20:38:56.027Z]
### Progress: 309211/309212 events | Elapsed time: 18949.5s [2025-02-28T20:39:01.045Z]
### Progress: 309211/309212 events | Elapsed time: 18954.4s [2025-02-28T20:39:05.960Z]
### Progress: 309211/309212 events | Elapsed time: 18959.4s [2025-02-28T20:39:10.978Z]
### Progress: 309211/309212 events | Elapsed time: 18964.5s [2025-02-28T20:39:16.002Z]
### Progress: 309211/309212 events | Elapsed time: 18969.5s [2025-02-28T20:39:21.014Z]
### Progress: 309211/309212 events | Elapsed time: 18974.5s [2025-02-28T20:39:26.031Z]
### Progress: 309211/309212 events | Elapsed time: 18979.5s [2025-02-28T20:39:31.049Z]
### Progress: 309211/309212 events | Elapsed time: 18984.5s [2025-02-28T20:39:36.067Z]
### Progress: 309211/309212 events | Elapsed time: 18989.5s [2025-02-28T20:39:41.084Z]
### Progress: 309211/309212 events | Elapsed time: 18994.5s [2025-02-28T20:39:46.000Z]
### Progress: 309211/309212 events | Elapsed time: 18999.5s [2025-02-28T20:39:51.017Z]
### Progress: 309211/309212 events | Elapsed time: 19004.5s [2025-02-28T20:39:56.035Z]
### Progress: 309211/309212 events | Elapsed time: 19009.5s [2025-02-28T20:40:01.053Z]
### Progress: 309211/309212 events | Elapsed time: 19014.5s [2025-02-28T20:40:06.071Z]
### Progress: 309211/309212 events | Elapsed time: 19019.5s [2025-02-28T20:40:11.089Z]
### Progress: 309211/309212 events | Elapsed time: 19024.6s [2025-02-28T20:40:16.106Z]
### Progress: 309211/309212 events | Elapsed time: 19029.6s [2025-02-28T20:40:21.124Z]
### Progress: 309211/309212 events | Elapsed time: 19034.6s [2025-02-28T20:40:26.142Z]
### Progress: 309211/309212 events | Elapsed time: 19039.5s [2025-02-28T20:40:31.057Z]
### Progress: 309211/309212 events | Elapsed time: 19044.5s [2025-02-28T20:40:36.075Z]
### Progress: 309211/309212 events | Elapsed time: 19049.5s [2025-02-28T20:40:41.093Z]
### Progress: 309211/309212 events | Elapsed time: 19054.6s [2025-02-28T20:40:46.112Z]
### Progress: 309211/309212 events | Elapsed time: 19059.6s [2025-02-28T20:40:51.129Z]
### Progress: 309211/309212 events | Elapsed time: 19064.6s [2025-02-28T20:40:56.147Z]
### Progress: 309211/309212 events | Elapsed time: 19069.6s [2025-02-28T20:41:01.164Z]
### Progress: 309211/309212 events | Elapsed time: 19074.8s [2025-02-28T20:41:06.295Z]
### Progress: 309211/309212 events | Elapsed time: 19079.6s [2025-02-28T20:41:11.097Z]
### Progress: 309211/309212 events | Elapsed time: 19084.6s [2025-02-28T20:41:16.115Z]
### Progress: 309211/309212 events | Elapsed time: 19089.6s [2025-02-28T20:41:21.133Z]
### Progress: 309211/309212 events | Elapsed time: 19094.6s [2025-02-28T20:41:26.151Z]
### Progress: 309211/309212 events | Elapsed time: 19099.6s [2025-02-28T20:41:31.168Z]
### Progress: 309211/309212 events | Elapsed time: 19104.6s [2025-02-28T20:41:36.186Z]
### Progress: 309211/309212 events | Elapsed time: 19109.7s [2025-02-28T20:41:41.204Z]
### Progress: 309211/309212 events | Elapsed time: 19114.7s [2025-02-28T20:41:46.221Z]
### Progress: 309211/309212 events | Elapsed time: 19119.6s [2025-02-28T20:41:51.137Z]
### Progress: 309211/309212 events | Elapsed time: 19124.6s [2025-02-28T20:41:56.155Z]
### Progress: 309211/309212 events | Elapsed time: 19129.6s [2025-02-28T20:42:01.172Z]
### Progress: 309211/309212 events | Elapsed time: 19134.6s [2025-02-28T20:42:06.138Z]
### Progress: 309211/309212 events | Elapsed time: 19139.7s [2025-02-28T20:42:11.210Z]
### Progress: 309211/309212 events | Elapsed time: 19144.7s [2025-02-28T20:42:16.225Z]
### Progress: 309211/309212 events | Elapsed time: 19149.7s [2025-02-28T20:42:21.243Z]
### Progress: 309211/309212 events | Elapsed time: 19154.6s [2025-02-28T20:42:26.161Z]
### Progress: 309211/309212 events | Elapsed time: 19159.6s [2025-02-28T20:42:31.176Z]
### Progress: 309211/309212 events | Elapsed time: 19164.6s [2025-02-28T20:42:36.194Z]
### Progress: 309211/309212 events | Elapsed time: 19169.7s [2025-02-28T20:42:41.214Z]
### Progress: 309211/309212 events | Elapsed time: 19174.7s [2025-02-28T20:42:46.234Z]
### Progress: 309211/309212 events | Elapsed time: 19179.6s [2025-02-28T20:42:51.187Z]
### Progress: 309211/309212 events | Elapsed time: 19184.6s [2025-02-28T20:42:56.193Z]
### Progress: 309211/309212 events | Elapsed time: 19189.7s [2025-02-28T20:43:01.282Z]
### Progress: 309211/309212 events | Elapsed time: 19194.8s [2025-02-28T20:43:06.300Z]
### Progress: 309211/309212 events | Elapsed time: 19199.8s [2025-02-28T20:43:11.318Z]
### Progress: 309211/309212 events | Elapsed time: 19204.7s [2025-02-28T20:43:16.233Z]
### Progress: 309211/309212 events | Elapsed time: 19209.7s [2025-02-28T20:43:21.251Z]
### Progress: 309211/309212 events | Elapsed time: 19214.7s [2025-02-28T20:43:26.268Z]
### Progress: 309211/309212 events | Elapsed time: 19219.7s [2025-02-28T20:43:31.286Z]
### Progress: 309211/309212 events | Elapsed time: 19224.8s [2025-02-28T20:43:36.304Z]
### Progress: 309211/309212 events | Elapsed time: 19229.8s [2025-02-28T20:43:41.327Z]
### Progress: 309211/309212 events | Elapsed time: 19234.8s [2025-02-28T20:43:46.339Z]
### Progress: 309211/309212 events | Elapsed time: 19239.7s [2025-02-28T20:43:51.258Z]
### Progress: 309211/309212 events | Elapsed time: 19244.7s [2025-02-28T20:43:56.273Z]
### Progress: 309211/309212 events | Elapsed time: 19249.7s [2025-02-28T20:44:01.291Z]
### Progress: 309211/309212 events | Elapsed time: 19254.8s [2025-02-28T20:44:06.308Z]
### Progress: 309211/309212 events | Elapsed time: 19259.8s [2025-02-28T20:44:11.326Z]
### Progress: 309211/309212 events | Elapsed time: 19264.8s [2025-02-28T20:44:16.344Z]
### Progress: 309211/309212 events | Elapsed time: 19269.8s [2025-02-28T20:44:21.365Z]
### Progress: 309211/309212 events | Elapsed time: 19274.8s [2025-02-28T20:44:26.331Z]
### Progress: 309211/309212 events | Elapsed time: 19279.9s [2025-02-28T20:44:31.397Z]
### Progress: 309211/309212 events | Elapsed time: 19284.8s [2025-02-28T20:44:36.312Z]
### Progress: 309211/309212 events | Elapsed time: 19289.8s [2025-02-28T20:44:41.307Z]
### Progress: 309211/309212 events | Elapsed time: 19294.8s [2025-02-28T20:44:46.348Z]
### Progress: 309211/309212 events | Elapsed time: 19299.8s [2025-02-28T20:44:51.365Z]
### Progress: 309211/309212 events | Elapsed time: 19304.8s [2025-02-28T20:44:56.385Z]
### Progress: 309211/309212 events | Elapsed time: 19309.8s [2025-02-28T20:45:01.329Z]
### Progress: 309211/309212 events | Elapsed time: 19314.9s [2025-02-28T20:45:06.425Z]
### Progress: 309211/309212 events | Elapsed time: 19319.9s [2025-02-28T20:45:11.436Z]
### Progress: 309211/309212 events | Elapsed time: 19324.8s [2025-02-28T20:45:16.351Z]
### Progress: 309211/309212 events | Elapsed time: 19329.8s [2025-02-28T20:45:21.369Z]
### Progress: 309211/309212 events | Elapsed time: 19334.8s [2025-02-28T20:45:26.387Z]
### Progress: 309211/309212 events | Elapsed time: 19339.9s [2025-02-28T20:45:31.404Z]
### Progress: 309211/309212 events | Elapsed time: 19344.9s [2025-02-28T20:45:36.422Z]
### Progress: 309211/309212 events | Elapsed time: 19349.9s [2025-02-28T20:45:41.441Z]
### Progress: 309211/309212 events | Elapsed time: 19354.9s [2025-02-28T20:45:46.458Z]
### Progress: 309211/309212 events | Elapsed time: 19359.8s [2025-02-28T20:45:51.381Z]
### Progress: 309211/309212 events | Elapsed time: 19364.9s [2025-02-28T20:45:56.493Z]
### Progress: 309211/309212 events | Elapsed time: 19369.9s [2025-02-28T20:46:01.408Z]
### Progress: 309211/309212 events | Elapsed time: 19374.9s [2025-02-28T20:46:06.426Z]
### Progress: 309211/309212 events | Elapsed time: 19379.9s [2025-02-28T20:46:11.444Z]
### Progress: 309211/309212 events | Elapsed time: 19384.9s [2025-02-28T20:46:16.406Z]
### Progress: 309211/309212 events | Elapsed time: 19389.9s [2025-02-28T20:46:21.479Z]
### Progress: 309211/309212 events | Elapsed time: 19395.0s [2025-02-28T20:46:26.497Z]
### Progress: 309211/309212 events | Elapsed time: 19400.0s [2025-02-28T20:46:31.515Z]
### Progress: 309211/309212 events | Elapsed time: 19405.0s [2025-02-28T20:46:36.532Z]
### Progress: 309211/309212 events | Elapsed time: 19409.9s [2025-02-28T20:46:41.447Z]
### Progress: 309211/309212 events | Elapsed time: 19414.9s [2025-02-28T20:46:46.465Z]
### Progress: 309211/309212 events | Elapsed time: 19419.9s [2025-02-28T20:46:51.483Z]
### Progress: 309211/309212 events | Elapsed time: 19425.0s [2025-02-28T20:46:56.501Z]
### Progress: 309211/309212 events | Elapsed time: 19430.0s [2025-02-28T20:47:01.518Z]
### Progress: 309211/309212 events | Elapsed time: 19435.0s [2025-02-28T20:47:06.536Z]
### Progress: 309211/309212 events | Elapsed time: 19440.0s [2025-02-28T20:47:11.554Z]
### Progress: 309211/309212 events | Elapsed time: 19445.0s [2025-02-28T20:47:16.572Z]
### Progress: 309211/309212 events | Elapsed time: 19449.9s [2025-02-28T20:47:21.486Z]
### Progress: 309211/309212 events | Elapsed time: 19455.0s [2025-02-28T20:47:26.504Z]
### Progress: 309211/309212 events | Elapsed time: 19460.0s [2025-02-28T20:47:31.522Z]
### Progress: 309211/309212 events | Elapsed time: 19465.0s [2025-02-28T20:47:36.540Z]
### Progress: 309211/309212 events | Elapsed time: 19470.0s [2025-02-28T20:47:41.557Z]
### Progress: 309211/309212 events | Elapsed time: 19475.0s [2025-02-28T20:47:46.575Z]
### Progress: 309211/309212 events | Elapsed time: 19480.0s [2025-02-28T20:47:51.593Z]
### Progress: 309211/309212 events | Elapsed time: 19485.0s [2025-02-28T20:47:56.514Z]
### Progress: 309211/309212 events | Elapsed time: 19490.1s [2025-02-28T20:48:01.628Z]
### Progress: 309211/309212 events | Elapsed time: 19495.0s [2025-02-28T20:48:06.543Z]
### Progress: 309211/309212 events | Elapsed time: 19500.0s [2025-02-28T20:48:11.561Z]
### Progress: 309211/309212 events | Elapsed time: 19505.0s [2025-02-28T20:48:16.579Z]
### Progress: 309211/309212 events | Elapsed time: 19510.0s [2025-02-28T20:48:21.545Z]
### Progress: 309211/309212 events | Elapsed time: 19515.1s [2025-02-28T20:48:26.615Z]
### Progress: 309211/309212 events | Elapsed time: 19520.1s [2025-02-28T20:48:31.632Z]
### Progress: 309211/309212 events | Elapsed time: 19525.1s [2025-02-28T20:48:36.650Z]
### Progress: 309211/309212 events | Elapsed time: 19530.1s [2025-02-28T20:48:41.667Z]
### Progress: 309211/309212 events | Elapsed time: 19535.0s [2025-02-28T20:48:46.583Z]
### Progress: 309211/309212 events | Elapsed time: 19540.0s [2025-02-28T20:48:51.588Z]
### Progress: 309211/309212 events | Elapsed time: 19545.1s [2025-02-28T20:48:56.618Z]
### Progress: 309211/309212 events | Elapsed time: 19550.1s [2025-02-28T20:49:01.636Z]
### Progress: 309211/309212 events | Elapsed time: 19555.1s [2025-02-28T20:49:06.653Z]
### Progress: 309211/309212 events | Elapsed time: 19560.1s [2025-02-28T20:49:11.671Z]
### Progress: 309211/309212 events | Elapsed time: 19565.1s [2025-02-28T20:49:16.689Z]
### Progress: 309211/309212 events | Elapsed time: 19570.2s [2025-02-28T20:49:21.706Z]
### Progress: 309211/309212 events | Elapsed time: 19575.2s [2025-02-28T20:49:26.724Z]
### Progress: 309211/309212 events | Elapsed time: 19580.1s [2025-02-28T20:49:31.640Z]
### Progress: 309211/309212 events | Elapsed time: 19585.1s [2025-02-28T20:49:36.658Z]
### Progress: 309211/309212 events | Elapsed time: 19590.1s [2025-02-28T20:49:41.675Z]
### Progress: 309211/309212 events | Elapsed time: 19595.1s [2025-02-28T20:49:46.693Z]
### Progress: 309211/309212 events | Elapsed time: 19600.2s [2025-02-28T20:49:51.712Z]
### Progress: 309211/309212 events | Elapsed time: 19605.2s [2025-02-28T20:49:56.729Z]
### Progress: 309211/309212 events | Elapsed time: 19610.2s [2025-02-28T20:50:01.746Z]
### Progress: 309211/309212 events | Elapsed time: 19615.2s [2025-02-28T20:50:06.764Z]
### Progress: 309211/309212 events | Elapsed time: 19620.1s [2025-02-28T20:50:11.679Z]
### Progress: 309211/309212 events | Elapsed time: 19625.2s [2025-02-28T20:50:16.697Z]
### Progress: 309211/309212 events | Elapsed time: 19630.2s [2025-02-28T20:50:21.700Z]
### Progress: 309211/309212 events | Elapsed time: 19635.2s [2025-02-28T20:50:26.732Z]
### Progress: 309211/309212 events | Elapsed time: 19640.2s [2025-02-28T20:50:31.750Z]
### Progress: 309211/309212 events | Elapsed time: 19645.2s [2025-02-28T20:50:36.767Z]
### Progress: 309211/309212 events | Elapsed time: 19650.2s [2025-02-28T20:50:41.785Z]
### Progress: 309211/309212 events | Elapsed time: 19655.2s [2025-02-28T20:50:46.708Z]
### Progress: 309211/309212 events | Elapsed time: 19660.2s [2025-02-28T20:50:51.729Z]
### Progress: 309211/309212 events | Elapsed time: 19665.2s [2025-02-28T20:50:56.736Z]
### Progress: 309211/309212 events | Elapsed time: 19670.2s [2025-02-28T20:51:01.754Z]
### Progress: 309211/309212 events | Elapsed time: 19675.2s [2025-02-28T20:51:06.771Z]
### Progress: 309211/309212 events | Elapsed time: 19680.2s [2025-02-28T20:51:11.789Z]
### Progress: 309211/309212 events | Elapsed time: 19685.3s [2025-02-28T20:51:16.807Z]
### Progress: 309211/309212 events | Elapsed time: 19690.3s [2025-02-28T20:51:21.831Z]
### Progress: 309211/309212 events | Elapsed time: 19695.3s [2025-02-28T20:51:26.842Z]
### Progress: 309211/309212 events | Elapsed time: 19700.3s [2025-02-28T20:51:31.863Z]
### Progress: 309211/309212 events | Elapsed time: 19705.2s [2025-02-28T20:51:36.775Z]
### Progress: 309211/309212 events | Elapsed time: 19710.2s [2025-02-28T20:51:41.793Z]
### Progress: 309211/309212 events | Elapsed time: 19715.3s [2025-02-28T20:51:46.810Z]
### Progress: 309211/309212 events | Elapsed time: 19720.3s [2025-02-28T20:51:51.828Z]
### Progress: 309211/309212 events | Elapsed time: 19725.3s [2025-02-28T20:51:56.846Z]
### Progress: 309211/309212 events | Elapsed time: 19730.3s [2025-02-28T20:52:01.863Z]
### Progress: 309211/309212 events | Elapsed time: 19735.3s [2025-02-28T20:52:06.881Z]
### Progress: 309211/309212 events | Elapsed time: 19740.4s [2025-02-28T20:52:11.899Z]
### Progress: 309211/309212 events | Elapsed time: 19745.4s [2025-02-28T20:52:16.917Z]
### Progress: 309211/309212 events | Elapsed time: 19750.3s [2025-02-28T20:52:21.832Z]
### Progress: 309211/309212 events | Elapsed time: 19755.3s [2025-02-28T20:52:26.850Z]
### Progress: 309211/309212 events | Elapsed time: 19760.3s [2025-02-28T20:52:31.867Z]
### Progress: 309211/309212 events | Elapsed time: 19765.3s [2025-02-28T20:52:36.885Z]
### Progress: 309211/309212 events | Elapsed time: 19770.4s [2025-02-28T20:52:41.903Z]
### Progress: 309211/309212 events | Elapsed time: 19775.4s [2025-02-28T20:52:46.921Z]
### Progress: 309211/309212 events | Elapsed time: 19780.4s [2025-02-28T20:52:51.938Z]
### Progress: 309211/309212 events | Elapsed time: 19785.4s [2025-02-28T20:52:56.956Z]
### Progress: 309211/309212 events | Elapsed time: 19790.3s [2025-02-28T20:53:01.871Z]
### Progress: 309211/309212 events | Elapsed time: 19795.3s [2025-02-28T20:53:06.889Z]
### Progress: 309211/309212 events | Elapsed time: 19800.4s [2025-02-28T20:53:11.907Z]
### Progress: 309211/309212 events | Elapsed time: 19805.4s [2025-02-28T20:53:16.924Z]
### Progress: 309211/309212 events | Elapsed time: 19810.4s [2025-02-28T20:53:21.924Z]
### Progress: 309211/309212 events | Elapsed time: 19815.4s [2025-02-28T20:53:26.959Z]
### Progress: 309211/309212 events | Elapsed time: 19820.4s [2025-02-28T20:53:31.977Z]
### Progress: 309211/309212 events | Elapsed time: 19825.5s [2025-02-28T20:53:36.995Z]
### Progress: 309211/309212 events | Elapsed time: 19830.4s [2025-02-28T20:53:41.911Z]
### Progress: 309211/309212 events | Elapsed time: 19835.4s [2025-02-28T20:53:46.928Z]
### Progress: 309211/309212 events | Elapsed time: 19840.4s [2025-02-28T20:53:51.945Z]
### Progress: 309211/309212 events | Elapsed time: 19845.4s [2025-02-28T20:53:56.963Z]
### Progress: 309211/309212 events | Elapsed time: 19850.4s [2025-02-28T20:54:01.981Z]
### Progress: 309211/309212 events | Elapsed time: 19855.5s [2025-02-28T20:54:06.999Z]
### Progress: 309211/309212 events | Elapsed time: 19860.5s [2025-02-28T20:54:12.016Z]
### Progress: 309211/309212 events | Elapsed time: 19865.5s [2025-02-28T20:54:17.034Z]
### Progress: 309211/309212 events | Elapsed time: 19870.4s [2025-02-28T20:54:21.949Z]
### Progress: 309211/309212 events | Elapsed time: 19875.4s [2025-02-28T20:54:26.967Z]
### Progress: 309211/309212 events | Elapsed time: 19880.4s [2025-02-28T20:54:31.985Z]
### Progress: 309211/309212 events | Elapsed time: 19885.5s [2025-02-28T20:54:37.002Z]
### Progress: 309211/309212 events | Elapsed time: 19890.5s [2025-02-28T20:54:42.020Z]
### Progress: 309211/309212 events | Elapsed time: 19895.5s [2025-02-28T20:54:47.038Z]
### Progress: 309211/309212 events | Elapsed time: 19900.5s [2025-02-28T20:54:52.056Z]
### Progress: 309211/309212 events | Elapsed time: 19905.5s [2025-02-28T20:54:57.073Z]
### Progress: 309211/309212 events | Elapsed time: 19910.5s [2025-02-28T20:55:02.091Z]
### Progress: 309211/309212 events | Elapsed time: 19915.5s [2025-02-28T20:55:07.006Z]
### Progress: 309211/309212 events | Elapsed time: 19920.5s [2025-02-28T20:55:12.026Z]
### Progress: 309211/309212 events | Elapsed time: 19925.5s [2025-02-28T20:55:17.042Z]
### Progress: 309211/309212 events | Elapsed time: 19930.5s [2025-02-28T20:55:22.059Z]
### Progress: 309211/309212 events | Elapsed time: 19935.5s [2025-02-28T20:55:27.077Z]
### Progress: 309211/309212 events | Elapsed time: 19940.5s [2025-02-28T20:55:32.095Z]
### Progress: 309211/309212 events | Elapsed time: 19945.6s [2025-02-28T20:55:37.112Z]
### Progress: 309211/309212 events | Elapsed time: 19950.6s [2025-02-28T20:55:42.130Z]
### Progress: 309211/309212 events | Elapsed time: 19955.5s [2025-02-28T20:55:47.049Z]
### Progress: 309211/309212 events | Elapsed time: 19960.6s [2025-02-28T20:55:52.165Z]
### Progress: 309211/309212 events | Elapsed time: 19965.5s [2025-02-28T20:55:57.080Z]
### Progress: 309211/309212 events | Elapsed time: 19970.6s [2025-02-28T20:56:02.098Z]
### Progress: 309211/309212 events | Elapsed time: 19975.6s [2025-02-28T20:56:07.116Z]
### Progress: 309211/309212 events | Elapsed time: 19980.7s [2025-02-28T20:56:12.267Z]
### Progress: 309211/309212 events | Elapsed time: 19985.5s [2025-02-28T20:56:17.064Z]
### Progress: 309211/309212 events | Elapsed time: 19990.6s [2025-02-28T20:56:22.169Z]
### Progress: 309211/309212 events | Elapsed time: 19995.5s [2025-02-28T20:56:27.084Z]
### Progress: 309211/309212 events | Elapsed time: 20000.6s [2025-02-28T20:56:32.102Z]
### Progress: 309211/309212 events | Elapsed time: 20005.6s [2025-02-28T20:56:37.119Z]
### Progress: 309211/309212 events | Elapsed time: 20010.6s [2025-02-28T20:56:42.137Z]
### Progress: 309211/309212 events | Elapsed time: 20015.6s [2025-02-28T20:56:47.156Z]
### Progress: 309211/309212 events | Elapsed time: 20020.6s [2025-02-28T20:56:52.173Z]
### Progress: 309211/309212 events | Elapsed time: 20025.6s [2025-02-28T20:56:57.191Z]
### Progress: 309211/309212 events | Elapsed time: 20030.7s [2025-02-28T20:57:02.208Z]
### Progress: 309211/309212 events | Elapsed time: 20035.7s [2025-02-28T20:57:07.226Z]
### Progress: 309211/309212 events | Elapsed time: 20040.6s [2025-02-28T20:57:12.141Z]
### Progress: 309211/309212 events | Elapsed time: 20045.6s [2025-02-28T20:57:17.159Z]
### Progress: 309211/309212 events | Elapsed time: 20050.6s [2025-02-28T20:57:22.177Z]
### Progress: 309211/309212 events | Elapsed time: 20055.6s [2025-02-28T20:57:27.172Z]
### Progress: 309211/309212 events | Elapsed time: 20060.7s [2025-02-28T20:57:32.212Z]
### Progress: 309211/309212 events | Elapsed time: 20065.7s [2025-02-28T20:57:37.230Z]
### Progress: 309211/309212 events | Elapsed time: 20070.7s [2025-02-28T20:57:42.247Z]
### Progress: 309211/309212 events | Elapsed time: 20075.7s [2025-02-28T20:57:47.265Z]
### Progress: 309211/309212 events | Elapsed time: 20080.6s [2025-02-28T20:57:52.180Z]
### Progress: 309211/309212 events | Elapsed time: 20085.7s [2025-02-28T20:57:57.198Z]
### Progress: 309211/309212 events | Elapsed time: 20090.7s [2025-02-28T20:58:02.215Z]
### Progress: 309211/309212 events | Elapsed time: 20095.7s [2025-02-28T20:58:07.235Z]
### Progress: 309211/309212 events | Elapsed time: 20100.7s [2025-02-28T20:58:12.251Z]
### Progress: 309211/309212 events | Elapsed time: 20105.7s [2025-02-28T20:58:17.268Z]
### Progress: 309211/309212 events | Elapsed time: 20110.7s [2025-02-28T20:58:22.286Z]
### Progress: 309211/309212 events | Elapsed time: 20115.8s [2025-02-28T20:58:27.304Z]
### Progress: 309211/309212 events | Elapsed time: 20120.7s [2025-02-28T20:58:32.219Z]
### Progress: 309211/309212 events | Elapsed time: 20125.7s [2025-02-28T20:58:37.237Z]
### Progress: 309211/309212 events | Elapsed time: 20130.7s [2025-02-28T20:58:42.254Z]
### Progress: 309211/309212 events | Elapsed time: 20135.7s [2025-02-28T20:58:47.272Z]
### Progress: 309211/309212 events | Elapsed time: 20140.7s [2025-02-28T20:58:52.290Z]
### Progress: 309211/309212 events | Elapsed time: 20145.8s [2025-02-28T20:58:57.308Z]
### Progress: 309211/309212 events | Elapsed time: 20150.8s [2025-02-28T20:59:02.325Z]
### Progress: 309211/309212 events | Elapsed time: 20155.8s [2025-02-28T20:59:07.350Z]
### Progress: 309211/309212 events | Elapsed time: 20160.8s [2025-02-28T20:59:12.361Z]
### Progress: 309211/309212 events | Elapsed time: 20165.7s [2025-02-28T20:59:17.277Z]
### Progress: 309211/309212 events | Elapsed time: 20170.8s [2025-02-28T20:59:22.296Z]
### Progress: 309211/309212 events | Elapsed time: 20175.8s [2025-02-28T20:59:27.311Z]
### Progress: 309211/309212 events | Elapsed time: 20180.8s [2025-02-28T20:59:32.329Z]
### Progress: 309211/309212 events | Elapsed time: 20185.8s [2025-02-28T20:59:37.347Z]
### Progress: 309211/309212 events | Elapsed time: 20190.8s [2025-02-28T20:59:42.364Z]
### Progress: 309211/309212 events | Elapsed time: 20195.8s [2025-02-28T20:59:47.382Z]
### Progress: 309211/309212 events | Elapsed time: 20200.9s [2025-02-28T20:59:52.400Z]
### Progress: 309211/309212 events | Elapsed time: 20205.8s [2025-02-28T20:59:57.315Z]
### Progress: 309211/309212 events | Elapsed time: 20210.8s [2025-02-28T21:00:02.333Z]
### Progress: 309211/309212 events | Elapsed time: 20215.8s [2025-02-28T21:00:07.350Z]
### Progress: 309211/309212 events | Elapsed time: 20220.8s [2025-02-28T21:00:12.368Z]
### Progress: 309211/309212 events | Elapsed time: 20225.8s [2025-02-28T21:00:17.387Z]
### Progress: 309211/309212 events | Elapsed time: 20230.9s [2025-02-28T21:00:22.403Z]
### Progress: 309211/309212 events | Elapsed time: 20235.9s [2025-02-28T21:00:27.421Z]
### Progress: 309211/309212 events | Elapsed time: 20240.9s [2025-02-28T21:00:32.438Z]
### Progress: 309211/309212 events | Elapsed time: 20245.9s [2025-02-28T21:00:37.458Z]
### Progress: 309211/309212 events | Elapsed time: 20250.8s [2025-02-28T21:00:42.371Z]
### Progress: 309211/309212 events | Elapsed time: 20255.8s [2025-02-28T21:00:47.388Z]
### Progress: 309211/309212 events | Elapsed time: 20260.9s [2025-02-28T21:00:52.406Z]
### Progress: 309211/309212 events | Elapsed time: 20265.8s [2025-02-28T21:00:57.371Z]
### Progress: 309211/309212 events | Elapsed time: 20270.9s [2025-02-28T21:01:02.441Z]
### Progress: 309211/309212 events | Elapsed time: 20275.9s [2025-02-28T21:01:07.458Z]
### Progress: 309211/309212 events | Elapsed time: 20280.9s [2025-02-28T21:01:12.475Z]
### Progress: 309211/309212 events | Elapsed time: 20285.8s [2025-02-28T21:01:17.391Z]
### Progress: 309211/309212 events | Elapsed time: 20290.9s [2025-02-28T21:01:22.408Z]
### Progress: 309211/309212 events | Elapsed time: 20295.9s [2025-02-28T21:01:27.426Z]
### Progress: 309211/309212 events | Elapsed time: 20300.9s [2025-02-28T21:01:32.443Z]
### Progress: 309211/309212 events | Elapsed time: 20305.9s [2025-02-28T21:01:37.460Z]
### Progress: 309211/309212 events | Elapsed time: 20310.9s [2025-02-28T21:01:42.478Z]
### Progress: 309211/309212 events | Elapsed time: 20316.0s [2025-02-28T21:01:47.495Z]
### Progress: 309211/309212 events | Elapsed time: 20321.0s [2025-02-28T21:01:52.515Z]
### Progress: 309211/309212 events | Elapsed time: 20326.0s [2025-02-28T21:01:57.530Z]
### Progress: 309211/309212 events | Elapsed time: 20331.0s [2025-02-28T21:02:02.547Z]
### Progress: 309211/309212 events | Elapsed time: 20335.9s [2025-02-28T21:02:07.463Z]
### Progress: 309211/309212 events | Elapsed time: 20340.9s [2025-02-28T21:02:12.480Z]
### Progress: 309211/309212 events | Elapsed time: 20346.0s [2025-02-28T21:02:17.498Z]
### Progress: 309211/309212 events | Elapsed time: 20351.0s [2025-02-28T21:02:22.515Z]
### Progress: 309211/309212 events | Elapsed time: 20356.0s [2025-02-28T21:02:27.533Z]
### Progress: 309211/309212 events | Elapsed time: 20361.0s [2025-02-28T21:02:32.550Z]
### Progress: 309211/309212 events | Elapsed time: 20366.0s [2025-02-28T21:02:37.568Z]
### Progress: 309211/309212 events | Elapsed time: 20371.0s [2025-02-28T21:02:42.585Z]
### Progress: 309211/309212 events | Elapsed time: 20376.0s [2025-02-28T21:02:47.500Z]
### Progress: 309211/309212 events | Elapsed time: 20381.0s [2025-02-28T21:02:52.517Z]
### Progress: 309211/309212 events | Elapsed time: 20386.0s [2025-02-28T21:02:57.535Z]
### Progress: 309211/309212 events | Elapsed time: 20391.0s [2025-02-28T21:03:02.552Z]
### Progress: 309211/309212 events | Elapsed time: 20396.0s [2025-02-28T21:03:07.570Z]
### Progress: 309211/309212 events | Elapsed time: 20401.0s [2025-02-28T21:03:12.588Z]
### Progress: 309211/309212 events | Elapsed time: 20406.1s [2025-02-28T21:03:17.605Z]
### Progress: 309211/309212 events | Elapsed time: 20411.1s [2025-02-28T21:03:22.623Z]
### Progress: 309211/309212 events | Elapsed time: 20416.1s [2025-02-28T21:03:27.640Z]
### Progress: 309211/309212 events | Elapsed time: 20421.0s [2025-02-28T21:03:32.555Z]
### Progress: 309211/309212 events | Elapsed time: 20426.0s [2025-02-28T21:03:37.572Z]
### Progress: 309211/309212 events | Elapsed time: 20431.0s [2025-02-28T21:03:42.590Z]
### Progress: 309211/309212 events | Elapsed time: 20436.1s [2025-02-28T21:03:47.608Z]
### Progress: 309211/309212 events | Elapsed time: 20441.1s [2025-02-28T21:03:52.625Z]
### Progress: 309211/309212 events | Elapsed time: 20446.1s [2025-02-28T21:03:57.643Z]
### Progress: 309211/309212 events | Elapsed time: 20451.1s [2025-02-28T21:04:02.660Z]
### Progress: 309211/309212 events | Elapsed time: 20456.1s [2025-02-28T21:04:07.677Z]
### Progress: 309211/309212 events | Elapsed time: 20461.0s [2025-02-28T21:04:12.593Z]
### Progress: 309211/309212 events | Elapsed time: 20466.1s [2025-02-28T21:04:17.610Z]
### Progress: 309211/309212 events | Elapsed time: 20471.1s [2025-02-28T21:04:22.628Z]
### Progress: 309211/309212 events | Elapsed time: 20476.1s [2025-02-28T21:04:27.645Z]
### Progress: 309211/309212 events | Elapsed time: 20481.1s [2025-02-28T21:04:32.663Z]
### Progress: 309211/309212 events | Elapsed time: 20486.1s [2025-02-28T21:04:37.681Z]
### Progress: 309211/309212 events | Elapsed time: 20491.2s [2025-02-28T21:04:42.697Z]
### Progress: 309211/309212 events | Elapsed time: 20496.2s [2025-02-28T21:04:47.715Z]
### Progress: 309211/309212 events | Elapsed time: 20501.1s [2025-02-28T21:04:52.630Z]
### Progress: 309211/309212 events | Elapsed time: 20506.1s [2025-02-28T21:04:57.648Z]
### Progress: 309211/309212 events | Elapsed time: 20511.1s [2025-02-28T21:05:02.630Z]
### Progress: 309211/309212 events | Elapsed time: 20516.1s [2025-02-28T21:05:07.683Z]
### Progress: 309211/309212 events | Elapsed time: 20521.2s [2025-02-28T21:05:12.700Z]
### Progress: 309211/309212 events | Elapsed time: 20526.2s [2025-02-28T21:05:17.717Z]
### Progress: 309211/309212 events | Elapsed time: 20531.2s [2025-02-28T21:05:22.735Z]
### Progress: 309211/309212 events | Elapsed time: 20536.2s [2025-02-28T21:05:27.753Z]
### Progress: 309211/309212 events | Elapsed time: 20541.2s [2025-02-28T21:05:32.770Z]
### Progress: 309211/309212 events | Elapsed time: 20546.1s [2025-02-28T21:05:37.686Z]
### Progress: 309211/309212 events | Elapsed time: 20551.2s [2025-02-28T21:05:42.704Z]
### Progress: 309211/309212 events | Elapsed time: 20556.2s [2025-02-28T21:05:47.721Z]
### Progress: 309211/309212 events | Elapsed time: 20561.2s [2025-02-28T21:05:52.738Z]
### Progress: 309211/309212 events | Elapsed time: 20566.2s [2025-02-28T21:05:57.755Z]
### Progress: 309211/309212 events | Elapsed time: 20571.2s [2025-02-28T21:06:02.756Z]
### Progress: 309211/309212 events | Elapsed time: 20576.2s [2025-02-28T21:06:07.790Z]
### Progress: 309211/309212 events | Elapsed time: 20581.3s [2025-02-28T21:06:12.808Z]
### Progress: 309211/309212 events | Elapsed time: 20586.3s [2025-02-28T21:06:17.825Z]
### Progress: 309211/309212 events | Elapsed time: 20591.2s [2025-02-28T21:06:22.741Z]
### Progress: 309211/309212 events | Elapsed time: 20596.2s [2025-02-28T21:06:27.758Z]
### Progress: 309211/309212 events | Elapsed time: 20601.2s [2025-02-28T21:06:32.776Z]
### Progress: 309211/309212 events | Elapsed time: 20606.2s [2025-02-28T21:06:37.794Z]
### Progress: 309211/309212 events | Elapsed time: 20611.3s [2025-02-28T21:06:42.814Z]
### Progress: 309211/309212 events | Elapsed time: 20616.3s [2025-02-28T21:06:47.812Z]
### Progress: 309211/309212 events | Elapsed time: 20621.3s [2025-02-28T21:06:52.846Z]
### Progress: 309211/309212 events | Elapsed time: 20626.2s [2025-02-28T21:06:57.760Z]
### Progress: 309211/309212 events | Elapsed time: 20631.2s [2025-02-28T21:07:02.778Z]
### Progress: 309211/309212 events | Elapsed time: 20636.3s [2025-02-28T21:07:07.796Z]
### Progress: 309211/309212 events | Elapsed time: 20641.3s [2025-02-28T21:07:12.814Z]
### Progress: 309211/309212 events | Elapsed time: 20646.3s [2025-02-28T21:07:17.831Z]
### Progress: 309211/309212 events | Elapsed time: 20651.3s [2025-02-28T21:07:22.848Z]
### Progress: 309211/309212 events | Elapsed time: 20656.3s [2025-02-28T21:07:27.866Z]
### Progress: 309211/309212 events | Elapsed time: 20661.3s [2025-02-28T21:07:32.868Z]
### Progress: 309211/309212 events | Elapsed time: 20666.3s [2025-02-28T21:07:37.895Z]
### Progress: 309211/309212 events | Elapsed time: 20671.3s [2025-02-28T21:07:42.816Z]
### Progress: 309211/309212 events | Elapsed time: 20676.3s [2025-02-28T21:07:47.834Z]
### Progress: 309211/309212 events | Elapsed time: 20681.3s [2025-02-28T21:07:52.851Z]
### Progress: 309211/309212 events | Elapsed time: 20686.3s [2025-02-28T21:07:57.869Z]
### Progress: 309211/309212 events | Elapsed time: 20691.3s [2025-02-28T21:08:02.887Z]
### Progress: 309211/309212 events | Elapsed time: 20696.3s [2025-02-28T21:08:07.894Z]
### Progress: 309211/309212 events | Elapsed time: 20701.3s [2025-02-28T21:08:12.895Z]
### Progress: 309211/309212 events | Elapsed time: 20706.3s [2025-02-28T21:08:17.894Z]
### Progress: 309211/309212 events | Elapsed time: 20711.3s [2025-02-28T21:08:22.854Z]
### Progress: 309211/309212 events | Elapsed time: 20716.3s [2025-02-28T21:08:27.872Z]
### Progress: 309211/309212 events | Elapsed time: 20721.3s [2025-02-28T21:08:32.889Z]
### Progress: 309211/309212 events | Elapsed time: 20726.3s [2025-02-28T21:08:37.894Z]
### Progress: 309211/309212 events | Elapsed time: 20731.3s [2025-02-28T21:08:42.894Z]
### Progress: 309211/309212 events | Elapsed time: 20736.3s [2025-02-28T21:08:47.895Z]
### Progress: 309211/309212 events | Elapsed time: 20741.4s [2025-02-28T21:08:52.896Z]
### Progress: 309211/309212 events | Elapsed time: 20746.3s [2025-02-28T21:08:57.895Z]
### Progress: 309211/309212 events | Elapsed time: 20751.3s [2025-02-28T21:09:02.892Z]
### Progress: 309211/309212 events | Elapsed time: 20756.3s [2025-02-28T21:09:07.895Z]
### Progress: 309211/309212 events | Elapsed time: 20761.3s [2025-02-28T21:09:12.894Z]
### Progress: 309211/309212 events | Elapsed time: 20766.4s [2025-02-28T21:09:17.898Z]
### Progress: 309211/309212 events | Elapsed time: 20771.4s [2025-02-28T21:09:22.905Z]
### Progress: 309211/309212 events | Elapsed time: 20776.4s [2025-02-28T21:09:27.912Z]
### Progress: 309211/309212 events | Elapsed time: 20781.4s [2025-02-28T21:09:32.914Z]
### Progress: 309211/309212 events | Elapsed time: 20786.4s [2025-02-28T21:09:37.920Z]
### Progress: 309211/309212 events | Elapsed time: 20791.4s [2025-02-28T21:09:42.926Z]
### Progress: 309211/309212 events | Elapsed time: 20796.4s [2025-02-28T21:09:47.929Z]
### Progress: 309211/309212 events | Elapsed time: 20801.4s [2025-02-28T21:09:52.937Z]
### Progress: 309211/309212 events | Elapsed time: 20806.4s [2025-02-28T21:09:57.942Z]
### Progress: 309211/309212 events | Elapsed time: 20811.4s [2025-02-28T21:10:02.948Z]
### Progress: 309211/309212 events | Elapsed time: 20816.4s [2025-02-28T21:10:07.952Z]
### Progress: 309211/309212 events | Elapsed time: 20821.4s [2025-02-28T21:10:12.956Z]
### Progress: 309211/309212 events | Elapsed time: 20826.4s [2025-02-28T21:10:17.961Z]
### Progress: 309211/309212 events | Elapsed time: 20831.4s [2025-02-28T21:10:22.965Z]
### Progress: 309211/309212 events | Elapsed time: 20836.4s [2025-02-28T21:10:27.973Z]
### Progress: 309211/309212 events | Elapsed time: 20841.4s [2025-02-28T21:10:32.980Z]
### Progress: 309211/309212 events | Elapsed time: 20846.4s [2025-02-28T21:10:37.985Z]
### Progress: 309211/309212 events | Elapsed time: 20851.4s [2025-02-28T21:10:42.993Z]
### Progress: 309211/309212 events | Elapsed time: 20856.5s [2025-02-28T21:10:48.057Z]
### Progress: 309211/309212 events | Elapsed time: 20861.5s [2025-02-28T21:10:53.075Z]
### Progress: 309211/309212 events | Elapsed time: 20866.5s [2025-02-28T21:10:58.091Z]
### Progress: 309211/309212 events | Elapsed time: 20871.6s [2025-02-28T21:11:03.109Z]
### Progress: 309211/309212 events | Elapsed time: 20876.5s [2025-02-28T21:11:08.024Z]
### Progress: 309211/309212 events | Elapsed time: 20881.5s [2025-02-28T21:11:13.028Z]
### Progress: 309211/309212 events | Elapsed time: 20886.5s [2025-02-28T21:11:18.059Z]
### Progress: 309211/309212 events | Elapsed time: 20891.5s [2025-02-28T21:11:23.029Z]
### Progress: 309211/309212 events | Elapsed time: 20896.5s [2025-02-28T21:11:28.094Z]
### Progress: 309211/309212 events | Elapsed time: 20901.6s [2025-02-28T21:11:33.112Z]
### Progress: 309211/309212 events | Elapsed time: 20906.6s [2025-02-28T21:11:38.132Z]
### Progress: 309211/309212 events | Elapsed time: 20911.6s [2025-02-28T21:11:43.149Z]
### Progress: 309211/309212 events | Elapsed time: 20916.6s [2025-02-28T21:11:48.165Z]
### Progress: 309211/309212 events | Elapsed time: 20921.5s [2025-02-28T21:11:53.082Z]
### Progress: 309211/309212 events | Elapsed time: 20926.6s [2025-02-28T21:11:58.097Z]
### Progress: 309211/309212 events | Elapsed time: 20931.6s [2025-02-28T21:12:03.118Z]
### Progress: 309211/309212 events | Elapsed time: 20936.6s [2025-02-28T21:12:08.133Z]
### Progress: 309211/309212 events | Elapsed time: 20941.6s [2025-02-28T21:12:13.151Z]
### Progress: 309211/309212 events | Elapsed time: 20946.6s [2025-02-28T21:12:18.168Z]
### Progress: 309211/309212 events | Elapsed time: 20951.6s [2025-02-28T21:12:23.185Z]
### Progress: 309211/309212 events | Elapsed time: 20956.7s [2025-02-28T21:12:28.205Z]
### Progress: 309211/309212 events | Elapsed time: 20961.6s [2025-02-28T21:12:33.118Z]
### Progress: 309211/309212 events | Elapsed time: 20966.6s [2025-02-28T21:12:38.136Z]
### Progress: 309211/309212 events | Elapsed time: 20971.6s [2025-02-28T21:12:43.154Z]
### Progress: 309211/309212 events | Elapsed time: 20976.6s [2025-02-28T21:12:48.171Z]
### Progress: 309211/309212 events | Elapsed time: 20981.6s [2025-02-28T21:12:53.191Z]
### Progress: 309211/309212 events | Elapsed time: 20986.7s [2025-02-28T21:12:58.206Z]
### Progress: 309211/309212 events | Elapsed time: 20991.7s [2025-02-28T21:13:03.224Z]
### Progress: 309211/309212 events | Elapsed time: 20996.6s [2025-02-28T21:13:08.140Z]
### Progress: 309211/309212 events | Elapsed time: 21001.6s [2025-02-28T21:13:13.157Z]
### Progress: 309211/309212 events | Elapsed time: 21006.6s [2025-02-28T21:13:18.176Z]
### Progress: 309211/309212 events | Elapsed time: 21011.6s [2025-02-28T21:13:23.192Z]
### Progress: 309211/309212 events | Elapsed time: 21016.7s [2025-02-28T21:13:28.196Z]
### Progress: 309211/309212 events | Elapsed time: 21021.7s [2025-02-28T21:13:33.228Z]
### Progress: 309211/309212 events | Elapsed time: 21026.6s [2025-02-28T21:13:38.176Z]
### Progress: 309211/309212 events | Elapsed time: 21031.6s [2025-02-28T21:13:43.181Z]
### Progress: 309211/309212 events | Elapsed time: 21036.6s [2025-02-28T21:13:48.185Z]
### Progress: 309211/309212 events | Elapsed time: 21041.7s [2025-02-28T21:13:53.195Z]
### Progress: 309211/309212 events | Elapsed time: 21046.7s [2025-02-28T21:13:58.213Z]
### Progress: 309211/309212 events | Elapsed time: 21051.7s [2025-02-28T21:14:03.230Z]
### Progress: 309211/309212 events | Elapsed time: 21056.7s [2025-02-28T21:14:08.204Z]
### Progress: 309211/309212 events | Elapsed time: 21061.7s [2025-02-28T21:14:13.218Z]
### Progress: 309211/309212 events | Elapsed time: 21066.7s [2025-02-28T21:14:18.216Z]
### Progress: 309211/309212 events | Elapsed time: 21071.7s [2025-02-28T21:14:23.221Z]
### Progress: 309211/309212 events | Elapsed time: 21076.7s [2025-02-28T21:14:28.228Z]
### Progress: 309211/309212 events | Elapsed time: 21081.7s [2025-02-28T21:14:33.234Z]
### Progress: 309211/309212 events | Elapsed time: 21086.7s [2025-02-28T21:14:38.236Z]
### Progress: 309211/309212 events | Elapsed time: 21091.7s [2025-02-28T21:14:43.244Z]
### Progress: 309211/309212 events | Elapsed time: 21096.7s [2025-02-28T21:14:48.250Z]
### Progress: 309211/309212 events | Elapsed time: 21101.7s [2025-02-28T21:14:53.253Z]
### Progress: 309211/309212 events | Elapsed time: 21106.8s [2025-02-28T21:14:58.321Z]
### Progress: 309211/309212 events | Elapsed time: 21111.8s [2025-02-28T21:15:03.339Z]
### Progress: 309211/309212 events | Elapsed time: 21116.8s [2025-02-28T21:15:08.360Z]
### Progress: 309211/309212 events | Elapsed time: 21121.8s [2025-02-28T21:15:13.374Z]
### Progress: 309211/309212 events | Elapsed time: 21126.7s [2025-02-28T21:15:18.276Z]
### Progress: 309211/309212 events | Elapsed time: 21131.8s [2025-02-28T21:15:23.307Z]
### Progress: 309211/309212 events | Elapsed time: 21136.8s [2025-02-28T21:15:28.324Z]
### Progress: 309211/309212 events | Elapsed time: 21141.8s [2025-02-28T21:15:33.342Z]
### Progress: 309211/309212 events | Elapsed time: 21146.8s [2025-02-28T21:15:38.360Z]
### Progress: 309211/309212 events | Elapsed time: 21151.8s [2025-02-28T21:15:43.377Z]
### Progress: 309211/309212 events | Elapsed time: 21156.8s [2025-02-28T21:15:48.395Z]
### Progress: 309211/309212 events | Elapsed time: 21161.9s [2025-02-28T21:15:53.413Z]
### Progress: 309211/309212 events | Elapsed time: 21166.9s [2025-02-28T21:15:58.432Z]
### Progress: 309211/309212 events | Elapsed time: 21171.9s [2025-02-28T21:16:03.448Z]
### Progress: 309211/309212 events | Elapsed time: 21176.8s [2025-02-28T21:16:08.363Z]
### Progress: 309211/309212 events | Elapsed time: 21181.8s [2025-02-28T21:16:13.381Z]
### Progress: 309211/309212 events | Elapsed time: 21186.9s [2025-02-28T21:16:18.398Z]
### Progress: 309211/309212 events | Elapsed time: 21191.9s [2025-02-28T21:16:23.419Z]
### Progress: 309211/309212 events | Elapsed time: 21196.9s [2025-02-28T21:16:28.433Z]
### Progress: 309211/309212 events | Elapsed time: 21201.9s [2025-02-28T21:16:33.451Z]
### Progress: 309211/309212 events | Elapsed time: 21206.9s [2025-02-28T21:16:38.468Z]
### Progress: 309211/309212 events | Elapsed time: 21211.8s [2025-02-28T21:16:43.383Z]
### Progress: 309211/309212 events | Elapsed time: 21216.9s [2025-02-28T21:16:48.401Z]
### Progress: 309211/309212 events | Elapsed time: 21221.9s [2025-02-28T21:16:53.419Z]
### Progress: 309211/309212 events | Elapsed time: 21226.9s [2025-02-28T21:16:58.436Z]
### Progress: 309211/309212 events | Elapsed time: 21231.9s [2025-02-28T21:17:03.454Z]
### Progress: 309211/309212 events | Elapsed time: 21236.9s [2025-02-28T21:17:08.472Z]
### Progress: 309211/309212 events | Elapsed time: 21241.9s [2025-02-28T21:17:13.489Z]
### Progress: 309211/309212 events | Elapsed time: 21247.0s [2025-02-28T21:17:18.507Z]
### Progress: 309211/309212 events | Elapsed time: 21251.9s [2025-02-28T21:17:23.422Z]
### Progress: 309211/309212 events | Elapsed time: 21256.9s [2025-02-28T21:17:28.440Z]
### Progress: 309211/309212 events | Elapsed time: 21261.9s [2025-02-28T21:17:33.459Z]
### Progress: 309211/309212 events | Elapsed time: 21266.9s [2025-02-28T21:17:38.475Z]
### Progress: 309211/309212 events | Elapsed time: 21271.9s [2025-02-28T21:17:43.493Z]
### Progress: 309211/309212 events | Elapsed time: 21276.9s [2025-02-28T21:17:48.468Z]
### Progress: 309211/309212 events | Elapsed time: 21282.0s [2025-02-28T21:17:53.528Z]
### Progress: 309211/309212 events | Elapsed time: 21287.0s [2025-02-28T21:17:58.545Z]
### Progress: 309211/309212 events | Elapsed time: 21291.9s [2025-02-28T21:18:03.461Z]
### Progress: 309211/309212 events | Elapsed time: 21296.9s [2025-02-28T21:18:08.478Z]
### Progress: 309211/309212 events | Elapsed time: 21301.9s [2025-02-28T21:18:13.463Z]
### Progress: 309211/309212 events | Elapsed time: 21307.0s [2025-02-28T21:18:18.514Z]
### Progress: 309211/309212 events | Elapsed time: 21312.0s [2025-02-28T21:18:23.531Z]
### Progress: 309211/309212 events | Elapsed time: 21317.0s [2025-02-28T21:18:28.549Z]
### Progress: 309211/309212 events | Elapsed time: 21322.0s [2025-02-28T21:18:33.566Z]
### Progress: 309211/309212 events | Elapsed time: 21327.0s [2025-02-28T21:18:38.584Z]
### Progress: 309211/309212 events | Elapsed time: 21332.1s [2025-02-28T21:18:43.602Z]
### Progress: 309211/309212 events | Elapsed time: 21337.0s [2025-02-28T21:18:48.517Z]
### Progress: 309211/309212 events | Elapsed time: 21342.0s [2025-02-28T21:18:53.534Z]
### Progress: 309211/309212 events | Elapsed time: 21347.0s [2025-02-28T21:18:58.552Z]
### Progress: 309211/309212 events | Elapsed time: 21352.0s [2025-02-28T21:19:03.569Z]
### Progress: 309211/309212 events | Elapsed time: 21357.0s [2025-02-28T21:19:08.587Z]
### Progress: 309211/309212 events | Elapsed time: 21362.1s [2025-02-28T21:19:13.605Z]
### Progress: 309211/309212 events | Elapsed time: 21367.1s [2025-02-28T21:19:18.622Z]
### Progress: 309211/309212 events | Elapsed time: 21372.1s [2025-02-28T21:19:23.640Z]
### Progress: 309211/309212 events | Elapsed time: 21377.0s [2025-02-28T21:19:28.555Z]
### Progress: 309211/309212 events | Elapsed time: 21382.0s [2025-02-28T21:19:33.573Z]
### Progress: 309211/309212 events | Elapsed time: 21387.0s [2025-02-28T21:19:38.590Z]
### Progress: 309211/309212 events | Elapsed time: 21392.1s [2025-02-28T21:19:43.608Z]
### Progress: 309211/309212 events | Elapsed time: 21397.1s [2025-02-28T21:19:48.625Z]
### Progress: 309211/309212 events | Elapsed time: 21402.1s [2025-02-28T21:19:53.644Z]
### Progress: 309211/309212 events | Elapsed time: 21407.1s [2025-02-28T21:19:58.661Z]
### Progress: 309211/309212 events | Elapsed time: 21412.1s [2025-02-28T21:20:03.678Z]
### Progress: 309211/309212 events | Elapsed time: 21417.2s [2025-02-28T21:20:08.696Z]
### Progress: 309211/309212 events | Elapsed time: 21422.1s [2025-02-28T21:20:13.611Z]
### Progress: 309211/309212 events | Elapsed time: 21427.1s [2025-02-28T21:20:18.629Z]
### Progress: 309211/309212 events | Elapsed time: 21432.1s [2025-02-28T21:20:23.647Z]
### Progress: 309211/309212 events | Elapsed time: 21437.1s [2025-02-28T21:20:28.664Z]
### Progress: 309211/309212 events | Elapsed time: 21442.1s [2025-02-28T21:20:33.682Z]
### Progress: 309211/309212 events | Elapsed time: 21447.2s [2025-02-28T21:20:38.700Z]
### Progress: 309211/309212 events | Elapsed time: 21452.1s [2025-02-28T21:20:43.627Z]
### Progress: 309211/309212 events | Elapsed time: 21457.2s [2025-02-28T21:20:48.735Z]
### Progress: 309211/309212 events | Elapsed time: 21462.1s [2025-02-28T21:20:53.639Z]
### Progress: 309211/309212 events | Elapsed time: 21467.1s [2025-02-28T21:20:58.668Z]
### Progress: 309211/309212 events | Elapsed time: 21472.1s [2025-02-28T21:21:03.685Z]
### Progress: 309211/309212 events | Elapsed time: 21477.2s [2025-02-28T21:21:08.703Z]
### Progress: 309211/309212 events | Elapsed time: 21482.2s [2025-02-28T21:21:13.725Z]
### Progress: 309211/309212 events | Elapsed time: 21487.2s [2025-02-28T21:21:18.738Z]
### Progress: 309211/309212 events | Elapsed time: 21492.3s [2025-02-28T21:21:23.796Z]
### Progress: 309211/309212 events | Elapsed time: 21497.2s [2025-02-28T21:21:28.773Z]
### Progress: 309211/309212 events | Elapsed time: 21502.2s [2025-02-28T21:21:33.791Z]
### Progress: 309211/309212 events | Elapsed time: 21507.2s [2025-02-28T21:21:38.706Z]
### Progress: 309211/309212 events | Elapsed time: 21512.2s [2025-02-28T21:21:43.724Z]
### Progress: 309211/309212 events | Elapsed time: 21517.2s [2025-02-28T21:21:48.741Z]
### Progress: 309211/309212 events | Elapsed time: 21522.2s [2025-02-28T21:21:53.759Z]
### Progress: 309211/309212 events | Elapsed time: 21527.2s [2025-02-28T21:21:58.776Z]
### Progress: 309211/309212 events | Elapsed time: 21532.2s [2025-02-28T21:22:03.794Z]
### Progress: 309211/309212 events | Elapsed time: 21537.3s [2025-02-28T21:22:08.812Z]
### Progress: 309211/309212 events | Elapsed time: 21542.3s [2025-02-28T21:22:13.830Z]
### Progress: 309211/309212 events | Elapsed time: 21547.2s [2025-02-28T21:22:18.745Z]
### Progress: 309211/309212 events | Elapsed time: 21552.2s [2025-02-28T21:22:23.762Z]
### Progress: 309211/309212 events | Elapsed time: 21557.2s [2025-02-28T21:22:28.780Z]
### Progress: 309211/309212 events | Elapsed time: 21562.3s [2025-02-28T21:22:33.798Z]
### Progress: 309211/309212 events | Elapsed time: 21567.3s [2025-02-28T21:22:38.817Z]
### Progress: 309211/309212 events | Elapsed time: 21572.3s [2025-02-28T21:22:43.833Z]
### Progress: 309211/309212 events | Elapsed time: 21577.3s [2025-02-28T21:22:48.850Z]
### Progress: 309211/309212 events | Elapsed time: 21582.3s [2025-02-28T21:22:53.868Z]
### Progress: 309211/309212 events | Elapsed time: 21587.2s [2025-02-28T21:22:58.784Z]
### Progress: 309211/309212 events | Elapsed time: 21592.2s [2025-02-28T21:23:03.777Z]
### Progress: 309211/309212 events | Elapsed time: 21597.3s [2025-02-28T21:23:08.819Z]
### Progress: 309211/309212 events | Elapsed time: 21602.3s [2025-02-28T21:23:13.836Z]
### Progress: 309211/309212 events | Elapsed time: 21607.3s [2025-02-28T21:23:18.854Z]
### Progress: 309211/309212 events | Elapsed time: 21612.3s [2025-02-28T21:23:23.871Z]
### Progress: 309211/309212 events | Elapsed time: 21617.3s [2025-02-28T21:23:28.889Z]
### Progress: 309211/309212 events | Elapsed time: 21622.3s [2025-02-28T21:23:33.809Z]
### Progress: 309211/309212 events | Elapsed time: 21627.4s [2025-02-28T21:23:38.924Z]
### Progress: 309211/309212 events | Elapsed time: 21632.3s [2025-02-28T21:23:43.839Z]
### Progress: 309211/309212 events | Elapsed time: 21637.3s [2025-02-28T21:23:48.857Z]
### Progress: 309211/309212 events | Elapsed time: 21642.3s [2025-02-28T21:23:53.875Z]
### Progress: 309211/309212 events | Elapsed time: 21647.3s [2025-02-28T21:23:58.892Z]
### Progress: 309211/309212 events | Elapsed time: 21652.4s [2025-02-28T21:24:03.915Z]
### Progress: 309211/309212 events | Elapsed time: 21657.4s [2025-02-28T21:24:08.928Z]
### Progress: 309211/309212 events | Elapsed time: 21662.4s [2025-02-28T21:24:13.945Z]
### Progress: 309211/309212 events | Elapsed time: 21667.4s [2025-02-28T21:24:18.963Z]
### Progress: 309211/309212 events | Elapsed time: 21672.3s [2025-02-28T21:24:23.878Z]
### Progress: 309211/309212 events | Elapsed time: 21677.3s [2025-02-28T21:24:28.895Z]
### Progress: 309211/309212 events | Elapsed time: 21682.4s [2025-02-28T21:24:33.914Z]
### Progress: 309211/309212 events | Elapsed time: 21687.4s [2025-02-28T21:24:38.931Z]
### Progress: 309211/309212 events | Elapsed time: 21692.4s [2025-02-28T21:24:43.949Z]
### Progress: 309211/309212 events | Elapsed time: 21697.4s [2025-02-28T21:24:48.968Z]
### Progress: 309211/309212 events | Elapsed time: 21702.4s [2025-02-28T21:24:53.984Z]
### Progress: 309211/309212 events | Elapsed time: 21707.5s [2025-02-28T21:24:59.002Z]
### Progress: 309211/309212 events | Elapsed time: 21712.4s [2025-02-28T21:25:03.917Z]
### Progress: 309211/309212 events | Elapsed time: 21717.4s [2025-02-28T21:25:08.934Z]
### Progress: 309211/309212 events | Elapsed time: 21722.4s [2025-02-28T21:25:13.952Z]
### Progress: 309211/309212 events | Elapsed time: 21727.4s [2025-02-28T21:25:18.969Z]
### Progress: 309211/309212 events | Elapsed time: 21732.4s [2025-02-28T21:25:23.988Z]
### Progress: 309211/309212 events | Elapsed time: 21737.5s [2025-02-28T21:25:29.005Z]
### Progress: 309211/309212 events | Elapsed time: 21742.5s [2025-02-28T21:25:34.022Z]
### Progress: 309211/309212 events | Elapsed time: 21747.5s [2025-02-28T21:25:39.040Z]
### Progress: 309211/309212 events | Elapsed time: 21752.4s [2025-02-28T21:25:43.955Z]
### Progress: 309211/309212 events | Elapsed time: 21757.4s [2025-02-28T21:25:48.973Z]
### Progress: 309211/309212 events | Elapsed time: 21762.4s [2025-02-28T21:25:53.990Z]
### Progress: 309211/309212 events | Elapsed time: 21767.5s [2025-02-28T21:25:59.008Z]
### Progress: 309211/309212 events | Elapsed time: 21772.5s [2025-02-28T21:26:04.026Z]
### Progress: 309211/309212 events | Elapsed time: 21777.5s [2025-02-28T21:26:09.045Z]
### Progress: 309211/309212 events | Elapsed time: 21782.5s [2025-02-28T21:26:14.061Z]
### Progress: 309211/309212 events | Elapsed time: 21787.5s [2025-02-28T21:26:19.079Z]
### Progress: 309211/309212 events | Elapsed time: 21792.6s [2025-02-28T21:26:24.096Z]
### Progress: 309211/309212 events | Elapsed time: 21797.5s [2025-02-28T21:26:29.012Z]
### Progress: 309211/309212 events | Elapsed time: 21802.5s [2025-02-28T21:26:34.029Z]
### Progress: 309211/309212 events | Elapsed time: 21807.5s [2025-02-28T21:26:39.047Z]
### Progress: 309211/309212 events | Elapsed time: 21812.5s [2025-02-28T21:26:44.064Z]
### Progress: 309211/309212 events | Elapsed time: 21817.5s [2025-02-28T21:26:49.082Z]
### Progress: 309211/309212 events | Elapsed time: 21822.6s [2025-02-28T21:26:54.100Z]
### Progress: 309211/309212 events | Elapsed time: 21827.6s [2025-02-28T21:26:59.117Z]
### Progress: 309211/309212 events | Elapsed time: 21832.6s [2025-02-28T21:27:04.135Z]
### Progress: 309211/309212 events | Elapsed time: 21837.6s [2025-02-28T21:27:09.152Z]
### Progress: 309211/309212 events | Elapsed time: 21842.5s [2025-02-28T21:27:14.068Z]
### Progress: 309211/309212 events | Elapsed time: 21847.5s [2025-02-28T21:27:19.085Z]
### Progress: 309211/309212 events | Elapsed time: 21852.6s [2025-02-28T21:27:24.103Z]
### Progress: 309211/309212 events | Elapsed time: 21857.6s [2025-02-28T21:27:29.121Z]
### Progress: 309211/309212 events | Elapsed time: 21862.6s [2025-02-28T21:27:34.138Z]
### Progress: 309211/309212 events | Elapsed time: 21867.6s [2025-02-28T21:27:39.156Z]
### Progress: 309211/309212 events | Elapsed time: 21872.6s [2025-02-28T21:27:44.173Z]
### Progress: 309211/309212 events | Elapsed time: 21877.6s [2025-02-28T21:27:49.191Z]
### Progress: 309211/309212 events | Elapsed time: 21882.7s [2025-02-28T21:27:54.209Z]
### Progress: 309211/309212 events | Elapsed time: 21887.6s [2025-02-28T21:27:59.124Z]
### Progress: 309211/309212 events | Elapsed time: 21892.6s [2025-02-28T21:28:04.142Z]
### Progress: 309211/309212 events | Elapsed time: 21897.6s [2025-02-28T21:28:09.159Z]
### Progress: 309211/309212 events | Elapsed time: 21902.6s [2025-02-28T21:28:14.177Z]
### Progress: 309211/309212 events | Elapsed time: 21907.6s [2025-02-28T21:28:19.194Z]
### Progress: 309211/309212 events | Elapsed time: 21912.7s [2025-02-28T21:28:24.212Z]
### Progress: 309211/309212 events | Elapsed time: 21917.7s [2025-02-28T21:28:29.230Z]
### Progress: 309211/309212 events | Elapsed time: 21922.7s [2025-02-28T21:28:34.248Z]
### Progress: 309211/309212 events | Elapsed time: 21927.6s [2025-02-28T21:28:39.164Z]
### Progress: 309211/309212 events | Elapsed time: 21932.6s [2025-02-28T21:28:44.180Z]
### Progress: 309211/309212 events | Elapsed time: 21937.7s [2025-02-28T21:28:49.198Z]
### Progress: 309211/309212 events | Elapsed time: 21942.7s [2025-02-28T21:28:54.216Z]
### Progress: 309211/309212 events | Elapsed time: 21947.7s [2025-02-28T21:28:59.233Z]
### Progress: 309211/309212 events | Elapsed time: 21952.7s [2025-02-28T21:29:04.251Z]
### Progress: 309211/309212 events | Elapsed time: 21957.7s [2025-02-28T21:29:09.269Z]
### Progress: 309211/309212 events | Elapsed time: 21962.7s [2025-02-28T21:29:14.286Z]
### Progress: 309211/309212 events | Elapsed time: 21967.7s [2025-02-28T21:29:19.201Z]
### Progress: 309211/309212 events | Elapsed time: 21972.7s [2025-02-28T21:29:24.219Z]
### Progress: 309211/309212 events | Elapsed time: 21977.7s [2025-02-28T21:29:29.237Z]
### Progress: 309211/309212 events | Elapsed time: 21982.7s [2025-02-28T21:29:34.254Z]
### Progress: 309211/309212 events | Elapsed time: 21987.7s [2025-02-28T21:29:39.272Z]
### Progress: 309211/309212 events | Elapsed time: 21992.7s [2025-02-28T21:29:44.289Z]
### Progress: 309211/309212 events | Elapsed time: 21997.8s [2025-02-28T21:29:49.307Z]
### Progress: 309211/309212 events | Elapsed time: 22002.8s [2025-02-28T21:29:54.325Z]
### Progress: 309211/309212 events | Elapsed time: 22007.8s [2025-02-28T21:29:59.342Z]
### Progress: 309211/309212 events | Elapsed time: 22012.7s [2025-02-28T21:30:04.258Z]
### Progress: 309211/309212 events | Elapsed time: 22017.7s [2025-02-28T21:30:09.275Z]
### Progress: 309211/309212 events | Elapsed time: 22022.7s [2025-02-28T21:30:14.293Z]
### Progress: 309211/309212 events | Elapsed time: 22027.8s [2025-02-28T21:30:19.310Z]
### Progress: 309211/309212 events | Elapsed time: 22032.8s [2025-02-28T21:30:24.328Z]
### Progress: 309211/309212 events | Elapsed time: 22037.8s [2025-02-28T21:30:29.346Z]
### Progress: 309211/309212 events | Elapsed time: 22042.8s [2025-02-28T21:30:34.363Z]
### Progress: 309211/309212 events | Elapsed time: 22047.8s [2025-02-28T21:30:39.381Z]
### Progress: 309211/309212 events | Elapsed time: 22052.8s [2025-02-28T21:30:44.296Z]
### Progress: 309211/309212 events | Elapsed time: 22057.8s [2025-02-28T21:30:49.315Z]
### Progress: 309211/309212 events | Elapsed time: 22062.8s [2025-02-28T21:30:54.333Z]
### Progress: 309211/309212 events | Elapsed time: 22067.8s [2025-02-28T21:30:59.350Z]
### Progress: 309211/309212 events | Elapsed time: 22072.8s [2025-02-28T21:31:04.368Z]
### Progress: 309211/309212 events | Elapsed time: 22077.8s [2025-02-28T21:31:09.386Z]
### Progress: 309211/309212 events | Elapsed time: 22082.9s [2025-02-28T21:31:14.403Z]
### Progress: 309211/309212 events | Elapsed time: 22087.9s [2025-02-28T21:31:19.421Z]
### Progress: 309211/309212 events | Elapsed time: 22092.9s [2025-02-28T21:31:24.439Z]
### Progress: 309211/309212 events | Elapsed time: 22097.9s [2025-02-28T21:31:29.456Z]
### Progress: 309211/309212 events | Elapsed time: 22102.8s [2025-02-28T21:31:34.371Z]
### Progress: 309211/309212 events | Elapsed time: 22107.8s [2025-02-28T21:31:39.389Z]
### Progress: 309211/309212 events | Elapsed time: 22112.9s [2025-02-28T21:31:44.407Z]
### Progress: 309211/309212 events | Elapsed time: 22117.9s [2025-02-28T21:31:49.424Z]
### Progress: 309211/309212 events | Elapsed time: 22122.9s [2025-02-28T21:31:54.442Z]
### Progress: 309211/309212 events | Elapsed time: 22127.9s [2025-02-28T21:31:59.460Z]
### Progress: 309211/309212 events | Elapsed time: 22132.9s [2025-02-28T21:32:04.477Z]
### Progress: 309211/309212 events | Elapsed time: 22137.8s [2025-02-28T21:32:09.393Z]
### Progress: 309211/309212 events | Elapsed time: 22142.9s [2025-02-28T21:32:14.411Z]
### Progress: 309211/309212 events | Elapsed time: 22147.9s [2025-02-28T21:32:19.428Z]
### Progress: 309211/309212 events | Elapsed time: 22152.9s [2025-02-28T21:32:24.445Z]
### Progress: 309211/309212 events | Elapsed time: 22157.9s [2025-02-28T21:32:29.463Z]
### Progress: 309211/309212 events | Elapsed time: 22162.9s [2025-02-28T21:32:34.480Z]
### Progress: 309211/309212 events | Elapsed time: 22168.0s [2025-02-28T21:32:39.498Z]
### Progress: 309211/309212 events | Elapsed time: 22173.0s [2025-02-28T21:32:44.516Z]
### Progress: 309211/309212 events | Elapsed time: 22177.9s [2025-02-28T21:32:49.431Z]
### Progress: 309211/309212 events | Elapsed time: 22182.9s [2025-02-28T21:32:54.451Z]
### Progress: 309211/309212 events | Elapsed time: 22187.9s [2025-02-28T21:32:59.467Z]
### Progress: 309211/309212 events | Elapsed time: 22192.9s [2025-02-28T21:33:04.484Z]
### Progress: 309211/309212 events | Elapsed time: 22198.0s [2025-02-28T21:33:09.502Z]
### Progress: 309211/309212 events | Elapsed time: 22203.0s [2025-02-28T21:33:14.520Z]
### Progress: 309211/309212 events | Elapsed time: 22208.0s [2025-02-28T21:33:19.538Z]
### Progress: 309211/309212 events | Elapsed time: 22213.0s [2025-02-28T21:33:24.555Z]
### Progress: 309211/309212 events | Elapsed time: 22217.9s [2025-02-28T21:33:29.470Z]
### Progress: 309211/309212 events | Elapsed time: 22222.9s [2025-02-28T21:33:34.488Z]
### Progress: 309211/309212 events | Elapsed time: 22228.0s [2025-02-28T21:33:39.506Z]
### Progress: 309211/309212 events | Elapsed time: 22233.0s [2025-02-28T21:33:44.523Z]
### Progress: 309211/309212 events | Elapsed time: 22238.0s [2025-02-28T21:33:49.541Z]
### Progress: 309211/309212 events | Elapsed time: 22243.0s [2025-02-28T21:33:54.559Z]
### Progress: 309211/309212 events | Elapsed time: 22248.0s [2025-02-28T21:33:59.576Z]
### Progress: 309211/309212 events | Elapsed time: 22253.0s [2025-02-28T21:34:04.594Z]
### Progress: 309211/309212 events | Elapsed time: 22258.0s [2025-02-28T21:34:09.509Z]
### Progress: 309211/309212 events | Elapsed time: 22263.0s [2025-02-28T21:34:14.527Z]
### Progress: 309211/309212 events | Elapsed time: 22268.0s [2025-02-28T21:34:19.544Z]
### Progress: 309211/309212 events | Elapsed time: 22273.0s [2025-02-28T21:34:24.562Z]
### Progress: 309211/309212 events | Elapsed time: 22278.0s [2025-02-28T21:34:29.580Z]
### Progress: 309211/309212 events | Elapsed time: 22283.1s [2025-02-28T21:34:34.598Z]
### Progress: 309211/309212 events | Elapsed time: 22288.1s [2025-02-28T21:34:39.617Z]
### Progress: 309211/309212 events | Elapsed time: 22293.1s [2025-02-28T21:34:44.635Z]
### Progress: 309211/309212 events | Elapsed time: 22298.0s [2025-02-28T21:34:49.551Z]
### Progress: 309211/309212 events | Elapsed time: 22303.0s [2025-02-28T21:34:54.572Z]
### Progress: 309211/309212 events | Elapsed time: 22308.0s [2025-02-28T21:34:59.588Z]
### Progress: 309211/309212 events | Elapsed time: 22313.1s [2025-02-28T21:35:04.606Z]
### Progress: 309211/309212 events | Elapsed time: 22318.1s [2025-02-28T21:35:09.625Z]
### Progress: 309211/309212 events | Elapsed time: 22323.1s [2025-02-28T21:35:14.643Z]
### Progress: 309211/309212 events | Elapsed time: 22328.1s [2025-02-28T21:35:19.671Z]
### Progress: 309211/309212 events | Elapsed time: 22333.1s [2025-02-28T21:35:24.680Z]
### Progress: 309211/309212 events | Elapsed time: 22338.0s [2025-02-28T21:35:29.582Z]
### Progress: 309211/309212 events | Elapsed time: 22343.1s [2025-02-28T21:35:34.614Z]
### Progress: 309211/309212 events | Elapsed time: 22348.1s [2025-02-28T21:35:39.633Z]
### Progress: 309211/309212 events | Elapsed time: 22353.1s [2025-02-28T21:35:44.651Z]
### Progress: 309211/309212 events | Elapsed time: 22358.1s [2025-02-28T21:35:49.676Z]
### Progress: 309211/309212 events | Elapsed time: 22363.1s [2025-02-28T21:35:54.688Z]
### Progress: 309211/309212 events | Elapsed time: 22368.2s [2025-02-28T21:35:59.713Z]
### Progress: 309211/309212 events | Elapsed time: 22373.2s [2025-02-28T21:36:04.724Z]
### Progress: 309211/309212 events | Elapsed time: 22378.1s [2025-02-28T21:36:09.640Z]
### Progress: 309211/309212 events | Elapsed time: 22383.1s [2025-02-28T21:36:14.658Z]
### Progress: 309211/309212 events | Elapsed time: 22388.1s [2025-02-28T21:36:19.685Z]
### Progress: 309211/309212 events | Elapsed time: 22393.2s [2025-02-28T21:36:24.695Z]
### Progress: 309211/309212 events | Elapsed time: 22398.2s [2025-02-28T21:36:29.715Z]
### Progress: 309211/309212 events | Elapsed time: 22403.2s [2025-02-28T21:36:34.731Z]
### Progress: 309211/309212 events | Elapsed time: 22408.2s [2025-02-28T21:36:39.750Z]
### Progress: 309211/309212 events | Elapsed time: 22413.2s [2025-02-28T21:36:44.768Z]
### Progress: 309211/309212 events | Elapsed time: 22418.1s [2025-02-28T21:36:49.691Z]
### Progress: 309211/309212 events | Elapsed time: 22423.2s [2025-02-28T21:36:54.703Z]
### Progress: 309211/309212 events | Elapsed time: 22428.2s [2025-02-28T21:36:59.721Z]
### Progress: 309211/309212 events | Elapsed time: 22433.2s [2025-02-28T21:37:04.740Z]
### Progress: 309211/309212 events | Elapsed time: 22438.2s [2025-02-28T21:37:09.781Z]
### Progress: 309211/309212 events | Elapsed time: 22443.2s [2025-02-28T21:37:14.775Z]
### Progress: 309211/309212 events | Elapsed time: 22448.2s [2025-02-28T21:37:19.794Z]
### Progress: 309211/309212 events | Elapsed time: 22453.3s [2025-02-28T21:37:24.812Z]
### Progress: 309211/309212 events | Elapsed time: 22458.3s [2025-02-28T21:37:29.831Z]
### Progress: 309211/309212 events | Elapsed time: 22463.2s [2025-02-28T21:37:34.746Z]
### Progress: 309211/309212 events | Elapsed time: 22468.2s [2025-02-28T21:37:39.764Z]
### Progress: 309211/309212 events | Elapsed time: 22473.2s [2025-02-28T21:37:44.783Z]
### Progress: 309211/309212 events | Elapsed time: 22478.3s [2025-02-28T21:37:49.801Z]
### Progress: 309211/309212 events | Elapsed time: 22483.2s [2025-02-28T21:37:54.738Z]
### Progress: 309211/309212 events | Elapsed time: 22488.3s [2025-02-28T21:37:59.837Z]
### Progress: 309211/309212 events | Elapsed time: 22493.3s [2025-02-28T21:38:04.855Z]
### Progress: 309211/309212 events | Elapsed time: 22498.3s [2025-02-28T21:38:09.873Z]
### Progress: 309211/309212 events | Elapsed time: 22503.2s [2025-02-28T21:38:14.789Z]
### Progress: 309211/309212 events | Elapsed time: 22508.4s [2025-02-28T21:38:19.910Z]
### Progress: 309211/309212 events | Elapsed time: 22513.3s [2025-02-28T21:38:24.825Z]
### Progress: 309211/309212 events | Elapsed time: 22518.3s [2025-02-28T21:38:29.843Z]
### Progress: 309211/309212 events | Elapsed time: 22523.3s [2025-02-28T21:38:34.861Z]
### Progress: 309211/309212 events | Elapsed time: 22528.3s [2025-02-28T21:38:39.880Z]
### Progress: 309211/309212 events | Elapsed time: 22533.4s [2025-02-28T21:38:44.898Z]
### Progress: 309211/309212 events | Elapsed time: 22538.4s [2025-02-28T21:38:49.916Z]
### Progress: 309211/309212 events | Elapsed time: 22543.3s [2025-02-28T21:38:54.832Z]
### Progress: 309211/309212 events | Elapsed time: 22548.3s [2025-02-28T21:38:59.850Z]
### Progress: 309211/309212 events | Elapsed time: 22553.3s [2025-02-28T21:39:04.868Z]
### Progress: 309211/309212 events | Elapsed time: 22558.3s [2025-02-28T21:39:09.886Z]
### Progress: 309211/309212 events | Elapsed time: 22563.4s [2025-02-28T21:39:14.904Z]
### Progress: 309211/309212 events | Elapsed time: 22568.4s [2025-02-28T21:39:19.901Z]
### Progress: 309211/309212 events | Elapsed time: 22573.4s [2025-02-28T21:39:24.940Z]
### Progress: 309211/309212 events | Elapsed time: 22578.3s [2025-02-28T21:39:29.858Z]
### Progress: 309211/309212 events | Elapsed time: 22583.3s [2025-02-28T21:39:34.875Z]
### Progress: 309211/309212 events | Elapsed time: 22588.3s [2025-02-28T21:39:39.892Z]
### Progress: 309211/309212 events | Elapsed time: 22593.4s [2025-02-28T21:39:44.911Z]
### Progress: 309211/309212 events | Elapsed time: 22598.4s [2025-02-28T21:39:49.928Z]
### Progress: 309211/309212 events | Elapsed time: 22603.4s [2025-02-28T21:39:54.947Z]
### Progress: 309211/309212 events | Elapsed time: 22608.4s [2025-02-28T21:39:59.965Z]
### Progress: 309211/309212 events | Elapsed time: 22613.4s [2025-02-28T21:40:04.984Z]
### Progress: 309211/309212 events | Elapsed time: 22618.4s [2025-02-28T21:40:09.900Z]
### Progress: 309211/309212 events | Elapsed time: 22623.4s [2025-02-28T21:40:14.918Z]
### Progress: 309211/309212 events | Elapsed time: 22628.4s [2025-02-28T21:40:19.936Z]
### Progress: 309211/309212 events | Elapsed time: 22633.4s [2025-02-28T21:40:24.954Z]
### Progress: 309211/309212 events | Elapsed time: 22638.4s [2025-02-28T21:40:29.972Z]
### Progress: 309211/309212 events | Elapsed time: 22643.4s [2025-02-28T21:40:34.990Z]
### Progress: 309211/309212 events | Elapsed time: 22648.5s [2025-02-28T21:40:40.008Z]
### Progress: 309211/309212 events | Elapsed time: 22653.5s [2025-02-28T21:40:45.026Z]
### Progress: 309211/309212 events | Elapsed time: 22658.4s [2025-02-28T21:40:49.942Z]
### Progress: 309211/309212 events | Elapsed time: 22663.4s [2025-02-28T21:40:54.962Z]
### Progress: 309211/309212 events | Elapsed time: 22668.4s [2025-02-28T21:40:59.978Z]
### Progress: 309211/309212 events | Elapsed time: 22673.5s [2025-02-28T21:41:04.996Z]
### Progress: 309211/309212 events | Elapsed time: 22678.5s [2025-02-28T21:41:10.015Z]
### Progress: 309211/309212 events | Elapsed time: 22683.5s [2025-02-28T21:41:15.032Z]
### Progress: 309211/309212 events | Elapsed time: 22688.5s [2025-02-28T21:41:20.051Z]
### Progress: 309211/309212 events | Elapsed time: 22693.5s [2025-02-28T21:41:25.068Z]
### Progress: 309211/309212 events | Elapsed time: 22698.4s [2025-02-28T21:41:29.984Z]
### Progress: 309211/309212 events | Elapsed time: 22703.4s [2025-02-28T21:41:34.977Z]
### Progress: 309211/309212 events | Elapsed time: 22708.5s [2025-02-28T21:41:40.020Z]
### Progress: 309211/309212 events | Elapsed time: 22713.5s [2025-02-28T21:41:45.038Z]
### Progress: 309211/309212 events | Elapsed time: 22718.5s [2025-02-28T21:41:50.056Z]
### Progress: 309211/309212 events | Elapsed time: 22723.5s [2025-02-28T21:41:55.074Z]
### Progress: 309211/309212 events | Elapsed time: 22728.5s [2025-02-28T21:42:00.092Z]
### Progress: 309211/309212 events | Elapsed time: 22733.6s [2025-02-28T21:42:05.110Z]
### Progress: 309211/309212 events | Elapsed time: 22738.5s [2025-02-28T21:42:10.027Z]
### Progress: 309211/309212 events | Elapsed time: 22743.5s [2025-02-28T21:42:15.020Z]
### Progress: 309211/309212 events | Elapsed time: 22748.5s [2025-02-28T21:42:20.062Z]
### Progress: 309211/309212 events | Elapsed time: 22753.5s [2025-02-28T21:42:25.080Z]
### Progress: 309211/309212 events | Elapsed time: 22758.6s [2025-02-28T21:42:30.098Z]
### Progress: 309211/309212 events | Elapsed time: 22763.6s [2025-02-28T21:42:35.116Z]
### Progress: 309211/309212 events | Elapsed time: 22768.6s [2025-02-28T21:42:40.137Z]
### Progress: 309211/309212 events | Elapsed time: 22773.6s [2025-02-28T21:42:45.152Z]
### Progress: 309211/309212 events | Elapsed time: 22778.5s [2025-02-28T21:42:50.067Z]
### Progress: 309211/309212 events | Elapsed time: 22783.5s [2025-02-28T21:42:55.085Z]
### Progress: 309211/309212 events | Elapsed time: 22788.6s [2025-02-28T21:43:00.103Z]
### Progress: 309211/309212 events | Elapsed time: 22793.6s [2025-02-28T21:43:05.122Z]
### Progress: 309211/309212 events | Elapsed time: 22798.6s [2025-02-28T21:43:10.140Z]
### Progress: 309211/309212 events | Elapsed time: 22803.6s [2025-02-28T21:43:15.157Z]
### Progress: 309211/309212 events | Elapsed time: 22808.6s [2025-02-28T21:43:20.175Z]
### Progress: 309211/309212 events | Elapsed time: 22813.6s [2025-02-28T21:43:25.193Z]
### Progress: 309211/309212 events | Elapsed time: 22818.6s [2025-02-28T21:43:30.109Z]
### Progress: 309211/309212 events | Elapsed time: 22823.6s [2025-02-28T21:43:35.128Z]
### Progress: 309211/309212 events | Elapsed time: 22828.6s [2025-02-28T21:43:40.145Z]
### Progress: 309211/309212 events | Elapsed time: 22833.6s [2025-02-28T21:43:45.165Z]
### Progress: 309211/309212 events | Elapsed time: 22838.6s [2025-02-28T21:43:50.181Z]
### Progress: 309211/309212 events | Elapsed time: 22843.7s [2025-02-28T21:43:55.199Z]
### Progress: 309211/309212 events | Elapsed time: 22848.7s [2025-02-28T21:44:00.217Z]
### Progress: 309211/309212 events | Elapsed time: 22853.7s [2025-02-28T21:44:05.235Z]
### Progress: 309211/309212 events | Elapsed time: 22858.6s [2025-02-28T21:44:10.150Z]
### Progress: 309211/309212 events | Elapsed time: 22863.6s [2025-02-28T21:44:15.169Z]
### Progress: 309211/309212 events | Elapsed time: 22868.6s [2025-02-28T21:44:20.186Z]
### Progress: 309211/309212 events | Elapsed time: 22873.7s [2025-02-28T21:44:25.204Z]
### Progress: 309211/309212 events | Elapsed time: 22878.7s [2025-02-28T21:44:30.222Z]
### Progress: 309211/309212 events | Elapsed time: 22883.7s [2025-02-28T21:44:35.240Z]
### Progress: 309211/309212 events | Elapsed time: 22888.7s [2025-02-28T21:44:40.258Z]
### Progress: 309211/309212 events | Elapsed time: 22893.7s [2025-02-28T21:44:45.276Z]
### Progress: 309211/309212 events | Elapsed time: 22898.6s [2025-02-28T21:44:50.191Z]
### Progress: 309211/309212 events | Elapsed time: 22903.7s [2025-02-28T21:44:55.209Z]
### Progress: 309211/309212 events | Elapsed time: 22908.7s [2025-02-28T21:45:00.227Z]
### Progress: 309211/309212 events | Elapsed time: 22913.7s [2025-02-28T21:45:05.245Z]
### Progress: 309211/309212 events | Elapsed time: 22918.7s [2025-02-28T21:45:10.263Z]
### Progress: 309211/309212 events | Elapsed time: 22923.7s [2025-02-28T21:45:15.282Z]
### Progress: 309211/309212 events | Elapsed time: 22928.8s [2025-02-28T21:45:20.304Z]
### Progress: 309211/309212 events | Elapsed time: 22933.8s [2025-02-28T21:45:25.317Z]
### Progress: 309211/309212 events | Elapsed time: 22938.7s [2025-02-28T21:45:30.232Z]
### Progress: 309211/309212 events | Elapsed time: 22943.7s [2025-02-28T21:45:35.251Z]
### Progress: 309211/309212 events | Elapsed time: 22948.7s [2025-02-28T21:45:40.268Z]
### Progress: 309211/309212 events | Elapsed time: 22953.7s [2025-02-28T21:45:45.287Z]
### Progress: 309211/309212 events | Elapsed time: 22958.8s [2025-02-28T21:45:50.304Z]
### Progress: 309211/309212 events | Elapsed time: 22963.8s [2025-02-28T21:45:55.322Z]
### Progress: 309211/309212 events | Elapsed time: 22968.8s [2025-02-28T21:46:00.340Z]
### Progress: 309211/309212 events | Elapsed time: 22973.8s [2025-02-28T21:46:05.358Z]
### Progress: 309211/309212 events | Elapsed time: 22978.7s [2025-02-28T21:46:10.273Z]
### Progress: 309211/309212 events | Elapsed time: 22983.7s [2025-02-28T21:46:15.291Z]
### Progress: 309211/309212 events | Elapsed time: 22988.8s [2025-02-28T21:46:20.309Z]
### Progress: 309211/309212 events | Elapsed time: 22993.8s [2025-02-28T21:46:25.327Z]
### Progress: 309211/309212 events | Elapsed time: 22998.8s [2025-02-28T21:46:30.345Z]
### Progress: 309211/309212 events | Elapsed time: 23003.9s [2025-02-28T21:46:35.476Z]
### Progress: 309211/309212 events | Elapsed time: 23008.8s [2025-02-28T21:46:40.381Z]
### Progress: 309211/309212 events | Elapsed time: 23013.9s [2025-02-28T21:46:45.399Z]
### Progress: 309211/309212 events | Elapsed time: 23018.8s [2025-02-28T21:46:50.318Z]
### Progress: 309211/309212 events | Elapsed time: 23023.8s [2025-02-28T21:46:55.334Z]
### Progress: 309211/309212 events | Elapsed time: 23028.8s [2025-02-28T21:47:00.350Z]
### Progress: 309211/309212 events | Elapsed time: 23033.8s [2025-02-28T21:47:05.370Z]
### Progress: 309211/309212 events | Elapsed time: 23038.8s [2025-02-28T21:47:10.386Z]
### Progress: 309211/309212 events | Elapsed time: 23043.9s [2025-02-28T21:47:15.403Z]
### Progress: 309211/309212 events | Elapsed time: 23048.9s [2025-02-28T21:47:20.422Z]
### Progress: 309211/309212 events | Elapsed time: 23053.9s [2025-02-28T21:47:25.440Z]
### Progress: 309211/309212 events | Elapsed time: 23058.8s [2025-02-28T21:47:30.355Z]
### Progress: 309211/309212 events | Elapsed time: 23063.8s [2025-02-28T21:47:35.373Z]
### Progress: 309211/309212 events | Elapsed time: 23068.8s [2025-02-28T21:47:40.391Z]
### Progress: 309211/309212 events | Elapsed time: 23073.9s [2025-02-28T21:47:45.408Z]
### Progress: 309211/309212 events | Elapsed time: 23078.9s [2025-02-28T21:47:50.426Z]
### Progress: 309211/309212 events | Elapsed time: 23083.9s [2025-02-28T21:47:55.444Z]
### Progress: 309211/309212 events | Elapsed time: 23088.9s [2025-02-28T21:48:00.462Z]
### Progress: 309211/309212 events | Elapsed time: 23093.9s [2025-02-28T21:48:05.480Z]
### Progress: 309211/309212 events | Elapsed time: 23099.0s [2025-02-28T21:48:10.498Z]
### Progress: 309211/309212 events | Elapsed time: 23103.9s [2025-02-28T21:48:15.413Z]
### Progress: 309211/309212 events | Elapsed time: 23108.9s [2025-02-28T21:48:20.431Z]
### Progress: 309211/309212 events | Elapsed time: 23113.9s [2025-02-28T21:48:25.449Z]
### Progress: 309211/309212 events | Elapsed time: 23118.9s [2025-02-28T21:48:30.469Z]
### Progress: 309211/309212 events | Elapsed time: 23123.9s [2025-02-28T21:48:35.485Z]
### Progress: 309211/309212 events | Elapsed time: 23128.9s [2025-02-28T21:48:40.424Z]
### Progress: 309211/309212 events | Elapsed time: 23134.0s [2025-02-28T21:48:45.520Z]
### Progress: 309211/309212 events | Elapsed time: 23139.0s [2025-02-28T21:48:50.538Z]
### Progress: 309211/309212 events | Elapsed time: 23143.9s [2025-02-28T21:48:55.463Z]
### Progress: 309211/309212 events | Elapsed time: 23148.9s [2025-02-28T21:49:00.471Z]
### Progress: 309211/309212 events | Elapsed time: 23153.9s [2025-02-28T21:49:05.489Z]
### Progress: 309211/309212 events | Elapsed time: 23159.0s [2025-02-28T21:49:10.508Z]
### Progress: 309211/309212 events | Elapsed time: 23164.0s [2025-02-28T21:49:15.525Z]
### Progress: 309211/309212 events | Elapsed time: 23169.0s [2025-02-28T21:49:20.543Z]
### Progress: 309211/309212 events | Elapsed time: 23174.0s [2025-02-28T21:49:25.561Z]
### Progress: 309211/309212 events | Elapsed time: 23179.0s [2025-02-28T21:49:30.579Z]
### Progress: 309211/309212 events | Elapsed time: 23183.9s [2025-02-28T21:49:35.494Z]
### Progress: 309211/309212 events | Elapsed time: 23189.0s [2025-02-28T21:49:40.512Z]
### Progress: 309211/309212 events | Elapsed time: 23194.0s [2025-02-28T21:49:45.530Z]
### Progress: 309211/309212 events | Elapsed time: 23199.0s [2025-02-28T21:49:50.548Z]
### Progress: 309211/309212 events | Elapsed time: 23204.0s [2025-02-28T21:49:55.506Z]
### Progress: 309211/309212 events | Elapsed time: 23209.0s [2025-02-28T21:50:00.583Z]
### Progress: 309211/309212 events | Elapsed time: 23214.1s [2025-02-28T21:50:05.601Z]
### Progress: 309211/309212 events | Elapsed time: 23219.1s [2025-02-28T21:50:10.619Z]
### Progress: 309211/309212 events | Elapsed time: 23224.1s [2025-02-28T21:50:15.637Z]
### Progress: 309211/309212 events | Elapsed time: 23229.0s [2025-02-28T21:50:20.552Z]
### Progress: 309211/309212 events | Elapsed time: 23234.0s [2025-02-28T21:50:25.570Z]
### Progress: 309211/309212 events | Elapsed time: 23239.0s [2025-02-28T21:50:30.588Z]
### Progress: 309211/309212 events | Elapsed time: 23244.1s [2025-02-28T21:50:35.606Z]
### Progress: 309211/309212 events | Elapsed time: 23249.0s [2025-02-28T21:50:40.556Z]
### Progress: 309211/309212 events | Elapsed time: 23254.1s [2025-02-28T21:50:45.642Z]
### Progress: 309211/309212 events | Elapsed time: 23259.1s [2025-02-28T21:50:50.659Z]
### Progress: 309211/309212 events | Elapsed time: 23264.1s [2025-02-28T21:50:55.677Z]
### Progress: 309211/309212 events | Elapsed time: 23269.0s [2025-02-28T21:51:00.592Z]
### Progress: 309211/309212 events | Elapsed time: 23274.1s [2025-02-28T21:51:05.610Z]
### Progress: 309211/309212 events | Elapsed time: 23279.1s [2025-02-28T21:51:10.628Z]
### Progress: 309211/309212 events | Elapsed time: 23284.1s [2025-02-28T21:51:15.596Z]
### Progress: 309211/309212 events | Elapsed time: 23289.1s [2025-02-28T21:51:20.667Z]
### Progress: 309211/309212 events | Elapsed time: 23294.1s [2025-02-28T21:51:25.607Z]
### Progress: 309211/309212 events | Elapsed time: 23299.2s [2025-02-28T21:51:30.702Z]
### Progress: 309211/309212 events | Elapsed time: 23304.2s [2025-02-28T21:51:35.717Z]
### Progress: 309211/309212 events | Elapsed time: 23309.1s [2025-02-28T21:51:40.635Z]
### Progress: 309211/309212 events | Elapsed time: 23314.1s [2025-02-28T21:51:45.653Z]
### Progress: 309211/309212 events | Elapsed time: 23319.1s [2025-02-28T21:51:50.671Z]
### Progress: 309211/309212 events | Elapsed time: 23324.1s [2025-02-28T21:51:55.689Z]
### Progress: 309211/309212 events | Elapsed time: 23329.2s [2025-02-28T21:52:00.706Z]
### Progress: 309211/309212 events | Elapsed time: 23334.3s [2025-02-28T21:52:05.844Z]
### Progress: 309211/309212 events | Elapsed time: 23339.2s [2025-02-28T21:52:10.747Z]
### Progress: 309211/309212 events | Elapsed time: 23344.2s [2025-02-28T21:52:15.759Z]
### Progress: 309211/309212 events | Elapsed time: 23349.1s [2025-02-28T21:52:20.675Z]
### Progress: 309211/309212 events | Elapsed time: 23354.1s [2025-02-28T21:52:25.693Z]
### Progress: 309211/309212 events | Elapsed time: 23359.2s [2025-02-28T21:52:30.710Z]
### Progress: 309211/309212 events | Elapsed time: 23364.2s [2025-02-28T21:52:35.729Z]
### Progress: 309211/309212 events | Elapsed time: 23369.2s [2025-02-28T21:52:40.746Z]
### Progress: 309211/309212 events | Elapsed time: 23374.2s [2025-02-28T21:52:45.764Z]
### Progress: 309211/309212 events | Elapsed time: 23379.2s [2025-02-28T21:52:50.780Z]
### Progress: 309211/309212 events | Elapsed time: 23384.2s [2025-02-28T21:52:55.701Z]
### Progress: 309211/309212 events | Elapsed time: 23389.2s [2025-02-28T21:53:00.716Z]
### Progress: 309211/309212 events | Elapsed time: 23394.2s [2025-02-28T21:53:05.732Z]
### Progress: 309211/309212 events | Elapsed time: 23399.2s [2025-02-28T21:53:10.751Z]
### Progress: 309211/309212 events | Elapsed time: 23404.2s [2025-02-28T21:53:15.769Z]
### Progress: 309211/309212 events | Elapsed time: 23409.2s [2025-02-28T21:53:20.787Z]
### Progress: 309211/309212 events | Elapsed time: 23414.3s [2025-02-28T21:53:25.803Z]
### Progress: 309211/309212 events | Elapsed time: 23419.3s [2025-02-28T21:53:30.821Z]
### Progress: 309211/309212 events | Elapsed time: 23424.3s [2025-02-28T21:53:35.843Z]
### Progress: 309211/309212 events | Elapsed time: 23429.2s [2025-02-28T21:53:40.755Z]
### Progress: 309211/309212 events | Elapsed time: 23434.2s [2025-02-28T21:53:45.774Z]
### Progress: 309211/309212 events | Elapsed time: 23439.2s [2025-02-28T21:53:50.791Z]
### Progress: 309211/309212 events | Elapsed time: 23444.3s [2025-02-28T21:53:55.809Z]
### Progress: 309211/309212 events | Elapsed time: 23449.3s [2025-02-28T21:54:00.827Z]
### Progress: 309211/309212 events | Elapsed time: 23454.3s [2025-02-28T21:54:05.845Z]
### Progress: 309211/309212 events | Elapsed time: 23459.3s [2025-02-28T21:54:10.862Z]
### Progress: 309211/309212 events | Elapsed time: 23464.3s [2025-02-28T21:54:15.880Z]
### Progress: 309211/309212 events | Elapsed time: 23469.4s [2025-02-28T21:54:20.897Z]
### Progress: 309211/309212 events | Elapsed time: 23474.3s [2025-02-28T21:54:25.797Z]
### Progress: 309211/309212 events | Elapsed time: 23479.3s [2025-02-28T21:54:30.832Z]
### Progress: 309211/309212 events | Elapsed time: 23484.3s [2025-02-28T21:54:35.848Z]
### Progress: 309211/309212 events | Elapsed time: 23489.3s [2025-02-28T21:54:40.814Z]
### Progress: 309211/309212 events | Elapsed time: 23494.3s [2025-02-28T21:54:45.884Z]
### Progress: 309211/309212 events | Elapsed time: 23499.4s [2025-02-28T21:54:50.901Z]
### Progress: 309211/309212 events | Elapsed time: 23504.4s [2025-02-28T21:54:55.919Z]
### Progress: 309211/309212 events | Elapsed time: 23509.4s [2025-02-28T21:55:00.937Z]
### Progress: 309211/309212 events | Elapsed time: 23514.3s [2025-02-28T21:55:05.852Z]
### Progress: 309211/309212 events | Elapsed time: 23519.3s [2025-02-28T21:55:10.853Z]
### Progress: 309211/309212 events | Elapsed time: 23524.3s [2025-02-28T21:55:15.887Z]
### Progress: 309211/309212 events | Elapsed time: 23529.4s [2025-02-28T21:55:20.905Z]
### Progress: 309211/309212 events | Elapsed time: 23534.4s [2025-02-28T21:55:25.923Z]
### Progress: 309211/309212 events | Elapsed time: 23539.4s [2025-02-28T21:55:30.940Z]
### Progress: 309211/309212 events | Elapsed time: 23544.4s [2025-02-28T21:55:35.960Z]
### Progress: 309211/309212 events | Elapsed time: 23549.4s [2025-02-28T21:55:40.976Z]
### Progress: 309211/309212 events | Elapsed time: 23554.4s [2025-02-28T21:55:45.994Z]
### Progress: 309211/309212 events | Elapsed time: 23559.4s [2025-02-28T21:55:50.909Z]
### Progress: 309211/309212 events | Elapsed time: 23564.4s [2025-02-28T21:55:55.908Z]
### Progress: 309211/309212 events | Elapsed time: 23569.4s [2025-02-28T21:56:00.945Z]
### Progress: 309211/309212 events | Elapsed time: 23574.4s [2025-02-28T21:56:05.962Z]
### Progress: 309211/309212 events | Elapsed time: 23579.4s [2025-02-28T21:56:10.981Z]
### Progress: 309211/309212 events | Elapsed time: 23584.5s [2025-02-28T21:56:15.999Z]
### Progress: 309211/309212 events | Elapsed time: 23589.5s [2025-02-28T21:56:21.016Z]
### Progress: 309211/309212 events | Elapsed time: 23594.5s [2025-02-28T21:56:26.034Z]
### Progress: 309211/309212 events | Elapsed time: 23599.4s [2025-02-28T21:56:30.949Z]
### Progress: 309211/309212 events | Elapsed time: 23604.4s [2025-02-28T21:56:35.967Z]
### Progress: 309211/309212 events | Elapsed time: 23609.4s [2025-02-28T21:56:40.964Z]
### Progress: 309211/309212 events | Elapsed time: 23614.5s [2025-02-28T21:56:46.005Z]
### Progress: 309211/309212 events | Elapsed time: 23619.5s [2025-02-28T21:56:51.021Z]
### Progress: 309211/309212 events | Elapsed time: 23624.5s [2025-02-28T21:56:56.038Z]
### Progress: 309211/309212 events | Elapsed time: 23629.5s [2025-02-28T21:57:01.056Z]
### Progress: 309211/309212 events | Elapsed time: 23634.5s [2025-02-28T21:57:06.073Z]
### Progress: 309211/309212 events | Elapsed time: 23639.4s [2025-02-28T21:57:10.989Z]
### Progress: 309211/309212 events | Elapsed time: 23644.5s [2025-02-28T21:57:16.007Z]
### Progress: 309211/309212 events | Elapsed time: 23649.5s [2025-02-28T21:57:21.025Z]
### Progress: 309211/309212 events | Elapsed time: 23654.5s [2025-02-28T21:57:26.020Z]
### Progress: 309211/309212 events | Elapsed time: 23659.5s [2025-02-28T21:57:31.002Z]
### Progress: 309211/309212 events | Elapsed time: 23664.5s [2025-02-28T21:57:36.078Z]
### Progress: 309211/309212 events | Elapsed time: 23669.6s [2025-02-28T21:57:41.096Z]
### Progress: 309211/309212 events | Elapsed time: 23674.6s [2025-02-28T21:57:46.113Z]
### Progress: 309211/309212 events | Elapsed time: 23679.5s [2025-02-28T21:57:51.029Z]
### Progress: 309211/309212 events | Elapsed time: 23684.5s [2025-02-28T21:57:56.046Z]
### Progress: 309211/309212 events | Elapsed time: 23689.5s [2025-02-28T21:58:01.068Z]
### Progress: 309211/309212 events | Elapsed time: 23694.5s [2025-02-28T21:58:06.085Z]
### Progress: 309211/309212 events | Elapsed time: 23699.5s [2025-02-28T21:58:11.077Z]
### Progress: 309211/309212 events | Elapsed time: 23704.6s [2025-02-28T21:58:16.119Z]
### Progress: 309211/309212 events | Elapsed time: 23709.6s [2025-02-28T21:58:21.137Z]
### Progress: 309211/309212 events | Elapsed time: 23714.6s [2025-02-28T21:58:26.155Z]
### Progress: 309211/309212 events | Elapsed time: 23719.5s [2025-02-28T21:58:31.070Z]
### Progress: 309211/309212 events | Elapsed time: 23724.5s [2025-02-28T21:58:36.088Z]
### Progress: 309211/309212 events | Elapsed time: 23729.6s [2025-02-28T21:58:41.106Z]
### Progress: 309211/309212 events | Elapsed time: 23734.6s [2025-02-28T21:58:46.123Z]
### Progress: 309211/309212 events | Elapsed time: 23739.6s [2025-02-28T21:58:51.140Z]
### Progress: 309211/309212 events | Elapsed time: 23744.6s [2025-02-28T21:58:56.132Z]
### Progress: 309211/309212 events | Elapsed time: 23749.6s [2025-02-28T21:59:01.176Z]
### Progress: 309211/309212 events | Elapsed time: 23754.6s [2025-02-28T21:59:06.194Z]
### Progress: 309211/309212 events | Elapsed time: 23759.7s [2025-02-28T21:59:11.212Z]
### Progress: 309211/309212 events | Elapsed time: 23764.6s [2025-02-28T21:59:16.127Z]
### Progress: 309211/309212 events | Elapsed time: 23769.6s [2025-02-28T21:59:21.144Z]
### Progress: 309211/309212 events | Elapsed time: 23774.6s [2025-02-28T21:59:26.162Z]
### Progress: 309211/309212 events | Elapsed time: 23779.6s [2025-02-28T21:59:31.180Z]
### Progress: 309211/309212 events | Elapsed time: 23784.7s [2025-02-28T21:59:36.197Z]
### Progress: 309211/309212 events | Elapsed time: 23789.6s [2025-02-28T21:59:41.188Z]
### Progress: 309211/309212 events | Elapsed time: 23794.7s [2025-02-28T21:59:46.233Z]
### Progress: 309211/309212 events | Elapsed time: 23799.7s [2025-02-28T21:59:51.251Z]
### Progress: 309211/309212 events | Elapsed time: 23804.6s [2025-02-28T21:59:56.146Z]
### Progress: 309211/309212 events | Elapsed time: 23809.6s [2025-02-28T22:00:01.184Z]
### Progress: 309211/309212 events | Elapsed time: 23814.7s [2025-02-28T22:00:06.201Z]
### Progress: 309211/309212 events | Elapsed time: 23819.7s [2025-02-28T22:00:11.219Z]
### Progress: 309211/309212 events | Elapsed time: 23824.7s [2025-02-28T22:00:16.237Z]
### Progress: 309211/309212 events | Elapsed time: 23829.7s [2025-02-28T22:00:21.254Z]
### Progress: 309211/309212 events | Elapsed time: 23834.6s [2025-02-28T22:00:26.179Z]
### Progress: 309211/309212 events | Elapsed time: 23839.7s [2025-02-28T22:00:31.290Z]
### Progress: 309211/309212 events | Elapsed time: 23844.7s [2025-02-28T22:00:36.205Z]
### Progress: 309211/309212 events | Elapsed time: 23849.7s [2025-02-28T22:00:41.223Z]
### Progress: 309211/309212 events | Elapsed time: 23854.7s [2025-02-28T22:00:46.241Z]
### Progress: 309211/309212 events | Elapsed time: 23859.7s [2025-02-28T22:00:51.259Z]
### Progress: 309211/309212 events | Elapsed time: 23864.7s [2025-02-28T22:00:56.211Z]
### Progress: 309211/309212 events | Elapsed time: 23869.7s [2025-02-28T22:01:01.294Z]
### Progress: 309211/309212 events | Elapsed time: 23874.8s [2025-02-28T22:01:06.312Z]
### Progress: 309211/309212 events | Elapsed time: 23879.8s [2025-02-28T22:01:11.332Z]
### Progress: 309211/309212 events | Elapsed time: 23884.7s [2025-02-28T22:01:16.245Z]
### Progress: 309211/309212 events | Elapsed time: 23889.7s [2025-02-28T22:01:21.263Z]
### Progress: 309211/309212 events | Elapsed time: 23894.7s [2025-02-28T22:01:26.281Z]
### Progress: 309211/309212 events | Elapsed time: 23899.8s [2025-02-28T22:01:31.298Z]
### Progress: 309211/309212 events | Elapsed time: 23904.8s [2025-02-28T22:01:36.316Z]
### Progress: 309211/309212 events | Elapsed time: 23909.8s [2025-02-28T22:01:41.334Z]
### Progress: 309211/309212 events | Elapsed time: 23914.7s [2025-02-28T22:01:46.261Z]
### Progress: 309211/309212 events | Elapsed time: 23919.8s [2025-02-28T22:01:51.370Z]
### Progress: 309211/309212 events | Elapsed time: 23924.7s [2025-02-28T22:01:56.285Z]
### Progress: 309211/309212 events | Elapsed time: 23929.8s [2025-02-28T22:02:01.303Z]
### Progress: 309211/309212 events | Elapsed time: 23934.8s [2025-02-28T22:02:06.320Z]
### Progress: 309211/309212 events | Elapsed time: 23939.8s [2025-02-28T22:02:11.338Z]
### Progress: 309211/309212 events | Elapsed time: 23944.8s [2025-02-28T22:02:16.356Z]
### Progress: 309211/309212 events | Elapsed time: 23949.8s [2025-02-28T22:02:21.373Z]
### Progress: 309211/309212 events | Elapsed time: 23954.8s [2025-02-28T22:02:26.391Z]
### Progress: 309211/309212 events | Elapsed time: 23959.9s [2025-02-28T22:02:31.409Z]
### Progress: 309211/309212 events | Elapsed time: 23964.8s [2025-02-28T22:02:36.324Z]
### Progress: 309211/309212 events | Elapsed time: 23969.8s [2025-02-28T22:02:41.342Z]
### Progress: 309211/309212 events | Elapsed time: 23974.8s [2025-02-28T22:02:46.319Z]
### Progress: 309211/309212 events | Elapsed time: 23979.8s [2025-02-28T22:02:51.378Z]
### Progress: 309211/309212 events | Elapsed time: 23984.9s [2025-02-28T22:02:56.396Z]
### Progress: 309211/309212 events | Elapsed time: 23989.9s [2025-02-28T22:03:01.413Z]
### Progress: 309211/309212 events | Elapsed time: 23994.9s [2025-02-28T22:03:06.431Z]
### Progress: 309211/309212 events | Elapsed time: 23999.9s [2025-02-28T22:03:11.448Z]
### Progress: 309211/309212 events | Elapsed time: 24004.8s [2025-02-28T22:03:16.365Z]
### Progress: 309211/309212 events | Elapsed time: 24009.8s [2025-02-28T22:03:21.382Z]
### Progress: 309211/309212 events | Elapsed time: 24014.9s [2025-02-28T22:03:26.400Z]
### Progress: 309211/309212 events | Elapsed time: 24019.9s [2025-02-28T22:03:31.418Z]
### Progress: 309211/309212 events | Elapsed time: 24024.9s [2025-02-28T22:03:36.435Z]
### Progress: 309211/309212 events | Elapsed time: 24029.9s [2025-02-28T22:03:41.452Z]
### Progress: 309211/309212 events | Elapsed time: 24034.9s [2025-02-28T22:03:46.470Z]
### Progress: 309211/309212 events | Elapsed time: 24039.9s [2025-02-28T22:03:51.488Z]
### Progress: 309211/309212 events | Elapsed time: 24045.0s [2025-02-28T22:03:56.506Z]
### Progress: 309211/309212 events | Elapsed time: 24049.9s [2025-02-28T22:04:01.424Z]
### Progress: 309211/309212 events | Elapsed time: 24054.9s [2025-02-28T22:04:06.439Z]
### Progress: 309211/309212 events | Elapsed time: 24059.9s [2025-02-28T22:04:11.457Z]
### Progress: 309211/309212 events | Elapsed time: 24064.9s [2025-02-28T22:04:16.475Z]
### Progress: 309211/309212 events | Elapsed time: 24069.9s [2025-02-28T22:04:21.493Z]
### Progress: 309211/309212 events | Elapsed time: 24075.0s [2025-02-28T22:04:26.512Z]
### Progress: 309211/309212 events | Elapsed time: 24080.0s [2025-02-28T22:04:31.528Z]
### Progress: 309211/309212 events | Elapsed time: 24085.0s [2025-02-28T22:04:36.545Z]
### Progress: 309211/309212 events | Elapsed time: 24089.9s [2025-02-28T22:04:41.461Z]
### Progress: 309211/309212 events | Elapsed time: 24094.9s [2025-02-28T22:04:46.479Z]
### Progress: 309211/309212 events | Elapsed time: 24100.0s [2025-02-28T22:04:51.496Z]
### Progress: 309211/309212 events | Elapsed time: 24105.0s [2025-02-28T22:04:56.514Z]
### Progress: 309211/309212 events | Elapsed time: 24110.0s [2025-02-28T22:05:01.532Z]
### Progress: 309211/309212 events | Elapsed time: 24115.0s [2025-02-28T22:05:06.549Z]
### Progress: 309211/309212 events | Elapsed time: 24120.0s [2025-02-28T22:05:11.567Z]
### Progress: 309211/309212 events | Elapsed time: 24125.0s [2025-02-28T22:05:16.548Z]
### Progress: 309211/309212 events | Elapsed time: 24130.0s [2025-02-28T22:05:21.501Z]
### Progress: 309211/309212 events | Elapsed time: 24135.0s [2025-02-28T22:05:26.518Z]
### Progress: 309211/309212 events | Elapsed time: 24140.0s [2025-02-28T22:05:31.536Z]
### Progress: 309211/309212 events | Elapsed time: 24145.0s [2025-02-28T22:05:36.554Z]
### Progress: 309211/309212 events | Elapsed time: 24150.0s [2025-02-28T22:05:41.572Z]
### Progress: 309211/309212 events | Elapsed time: 24155.0s [2025-02-28T22:05:46.589Z]
### Progress: 309211/309212 events | Elapsed time: 24160.1s [2025-02-28T22:05:51.607Z]
### Progress: 309211/309212 events | Elapsed time: 24165.1s [2025-02-28T22:05:56.624Z]
### Progress: 309211/309212 events | Elapsed time: 24170.1s [2025-02-28T22:06:01.643Z]
### Progress: 309211/309212 events | Elapsed time: 24175.0s [2025-02-28T22:06:06.558Z]
### Progress: 309211/309212 events | Elapsed time: 24180.0s [2025-02-28T22:06:11.576Z]
### Progress: 309211/309212 events | Elapsed time: 24185.0s [2025-02-28T22:06:16.593Z]
### Progress: 309211/309212 events | Elapsed time: 24190.1s [2025-02-28T22:06:21.611Z]
### Progress: 309211/309212 events | Elapsed time: 24195.1s [2025-02-28T22:06:26.630Z]
### Progress: 309211/309212 events | Elapsed time: 24200.1s [2025-02-28T22:06:31.647Z]
### Progress: 309211/309212 events | Elapsed time: 24205.1s [2025-02-28T22:06:36.664Z]
### Progress: 309211/309212 events | Elapsed time: 24210.1s [2025-02-28T22:06:41.682Z]
### Progress: 309211/309212 events | Elapsed time: 24215.1s [2025-02-28T22:06:46.597Z]
### Progress: 309211/309212 events | Elapsed time: 24220.1s [2025-02-28T22:06:51.615Z]
### Progress: 309211/309212 events | Elapsed time: 24225.1s [2025-02-28T22:06:56.633Z]
### Progress: 309211/309212 events | Elapsed time: 24230.1s [2025-02-28T22:07:01.651Z]
### Progress: 309211/309212 events | Elapsed time: 24235.1s [2025-02-28T22:07:06.669Z]
### Progress: 309211/309212 events | Elapsed time: 24240.1s [2025-02-28T22:07:11.686Z]
### Progress: 309211/309212 events | Elapsed time: 24245.2s [2025-02-28T22:07:16.704Z]
### Progress: 309211/309212 events | Elapsed time: 24250.2s [2025-02-28T22:07:21.721Z]
### Progress: 309211/309212 events | Elapsed time: 24255.1s [2025-02-28T22:07:26.627Z]
### Progress: 309211/309212 events | Elapsed time: 24260.1s [2025-02-28T22:07:31.655Z]
### Progress: 309211/309212 events | Elapsed time: 24265.1s [2025-02-28T22:07:36.672Z]
### Progress: 309211/309212 events | Elapsed time: 24270.1s [2025-02-28T22:07:41.690Z]
### Progress: 309211/309212 events | Elapsed time: 24275.1s [2025-02-28T22:07:46.651Z]
### Progress: 309211/309212 events | Elapsed time: 24280.2s [2025-02-28T22:07:51.726Z]
### Progress: 309211/309212 events | Elapsed time: 24285.2s [2025-02-28T22:07:56.743Z]
### Progress: 309211/309212 events | Elapsed time: 24290.2s [2025-02-28T22:08:01.761Z]
### Progress: 309211/309212 events | Elapsed time: 24295.2s [2025-02-28T22:08:06.781Z]
### Progress: 309211/309212 events | Elapsed time: 24300.1s [2025-02-28T22:08:11.694Z]
### Progress: 309211/309212 events | Elapsed time: 24305.2s [2025-02-28T22:08:16.712Z]
### Progress: 309211/309212 events | Elapsed time: 24310.2s [2025-02-28T22:08:21.729Z]
### Progress: 309211/309212 events | Elapsed time: 24315.2s [2025-02-28T22:08:26.747Z]
### Progress: 309211/309212 events | Elapsed time: 24320.2s [2025-02-28T22:08:31.765Z]
### Progress: 309211/309212 events | Elapsed time: 24325.2s [2025-02-28T22:08:36.741Z]
### Progress: 309211/309212 events | Elapsed time: 24330.3s [2025-02-28T22:08:41.800Z]
### Progress: 309211/309212 events | Elapsed time: 24335.3s [2025-02-28T22:08:46.820Z]
### Progress: 309211/309212 events | Elapsed time: 24340.2s [2025-02-28T22:08:51.732Z]
### Progress: 309211/309212 events | Elapsed time: 24345.2s [2025-02-28T22:08:56.749Z]
### Progress: 309211/309212 events | Elapsed time: 24350.2s [2025-02-28T22:09:01.732Z]
### Progress: 309211/309212 events | Elapsed time: 24355.2s [2025-02-28T22:09:06.783Z]
### Progress: 309211/309212 events | Elapsed time: 24360.3s [2025-02-28T22:09:11.801Z]
### Progress: 309211/309212 events | Elapsed time: 24365.3s [2025-02-28T22:09:16.818Z]
### Progress: 309211/309212 events | Elapsed time: 24370.3s [2025-02-28T22:09:21.835Z]
### Progress: 309211/309212 events | Elapsed time: 24375.3s [2025-02-28T22:09:26.852Z]
### Progress: 309211/309212 events | Elapsed time: 24380.3s [2025-02-28T22:09:31.869Z]
### Progress: 309211/309212 events | Elapsed time: 24385.2s [2025-02-28T22:09:36.784Z]
### Progress: 309211/309212 events | Elapsed time: 24390.3s [2025-02-28T22:09:41.804Z]
### Progress: 309211/309212 events | Elapsed time: 24395.3s [2025-02-28T22:09:46.818Z]
### Progress: 309211/309212 events | Elapsed time: 24400.4s [2025-02-28T22:09:51.938Z]
### Progress: 309211/309212 events | Elapsed time: 24405.3s [2025-02-28T22:09:56.854Z]
### Progress: 309211/309212 events | Elapsed time: 24410.3s [2025-02-28T22:10:01.870Z]
### Progress: 309211/309212 events | Elapsed time: 24415.3s [2025-02-28T22:10:06.887Z]
### Progress: 309211/309212 events | Elapsed time: 24420.4s [2025-02-28T22:10:11.904Z]
### Progress: 309211/309212 events | Elapsed time: 24425.3s [2025-02-28T22:10:16.819Z]
### Progress: 309211/309212 events | Elapsed time: 24430.3s [2025-02-28T22:10:21.836Z]
### Progress: 309211/309212 events | Elapsed time: 24435.3s [2025-02-28T22:10:26.854Z]
### Progress: 309211/309212 events | Elapsed time: 24440.3s [2025-02-28T22:10:31.871Z]
### Progress: 309211/309212 events | Elapsed time: 24445.3s [2025-02-28T22:10:36.888Z]
### Progress: 309211/309212 events | Elapsed time: 24450.4s [2025-02-28T22:10:41.905Z]
### Progress: 309211/309212 events | Elapsed time: 24455.3s [2025-02-28T22:10:46.844Z]
### Progress: 309211/309212 events | Elapsed time: 24460.4s [2025-02-28T22:10:51.940Z]
### Progress: 309211/309212 events | Elapsed time: 24465.4s [2025-02-28T22:10:56.957Z]
### Progress: 309211/309212 events | Elapsed time: 24470.3s [2025-02-28T22:11:01.872Z]
### Progress: 309211/309212 events | Elapsed time: 24475.3s [2025-02-28T22:11:06.889Z]
### Progress: 309211/309212 events | Elapsed time: 24480.4s [2025-02-28T22:11:11.906Z]
### Progress: 309211/309212 events | Elapsed time: 24485.4s [2025-02-28T22:11:16.924Z]
### Progress: 309211/309212 events | Elapsed time: 24490.4s [2025-02-28T22:11:21.941Z]
### Progress: 309211/309212 events | Elapsed time: 24495.4s [2025-02-28T22:11:26.958Z]
### Progress: 309211/309212 events | Elapsed time: 24500.3s [2025-02-28T22:11:31.890Z]
### Progress: 309211/309212 events | Elapsed time: 24505.4s [2025-02-28T22:11:36.993Z]
### Progress: 309211/309212 events | Elapsed time: 24510.5s [2025-02-28T22:11:42.010Z]
### Progress: 309211/309212 events | Elapsed time: 24515.4s [2025-02-28T22:11:46.949Z]
### Progress: 309211/309212 events | Elapsed time: 24520.4s [2025-02-28T22:11:51.942Z]
### Progress: 309211/309212 events | Elapsed time: 24525.4s [2025-02-28T22:11:56.959Z]
### Progress: 309211/309212 events | Elapsed time: 24530.4s [2025-02-28T22:12:01.976Z]
### Progress: 309211/309212 events | Elapsed time: 24535.4s [2025-02-28T22:12:06.994Z]
### Progress: 309211/309212 events | Elapsed time: 24540.5s [2025-02-28T22:12:12.011Z]
### Progress: 309211/309212 events | Elapsed time: 24545.5s [2025-02-28T22:12:17.028Z]
### Progress: 309211/309212 events | Elapsed time: 24550.5s [2025-02-28T22:12:22.046Z]
### Progress: 309211/309212 events | Elapsed time: 24555.4s [2025-02-28T22:12:26.961Z]
### Progress: 309211/309212 events | Elapsed time: 24560.4s [2025-02-28T22:12:31.979Z]
### Progress: 309211/309212 events | Elapsed time: 24565.5s [2025-02-28T22:12:36.995Z]
### Progress: 309211/309212 events | Elapsed time: 24570.4s [2025-02-28T22:12:41.990Z]
### Progress: 309211/309212 events | Elapsed time: 24575.5s [2025-02-28T22:12:47.030Z]
### Progress: 309211/309212 events | Elapsed time: 24580.5s [2025-02-28T22:12:52.047Z]
### Progress: 309211/309212 events | Elapsed time: 24585.5s [2025-02-28T22:12:57.065Z]
### Progress: 309211/309212 events | Elapsed time: 24590.5s [2025-02-28T22:13:02.082Z]
### Progress: 309211/309212 events | Elapsed time: 24595.6s [2025-02-28T22:13:07.099Z]
### Progress: 309211/309212 events | Elapsed time: 24600.5s [2025-02-28T22:13:12.014Z]
### Progress: 309211/309212 events | Elapsed time: 24605.5s [2025-02-28T22:13:17.032Z]
### Progress: 309211/309212 events | Elapsed time: 24610.5s [2025-02-28T22:13:22.049Z]
### Progress: 309211/309212 events | Elapsed time: 24615.5s [2025-02-28T22:13:27.066Z]
### Progress: 309211/309212 events | Elapsed time: 24620.5s [2025-02-28T22:13:32.084Z]
### Progress: 309211/309212 events | Elapsed time: 24625.6s [2025-02-28T22:13:37.101Z]
### Progress: 309211/309212 events | Elapsed time: 24630.6s [2025-02-28T22:13:42.118Z]
### Progress: 309211/309212 events | Elapsed time: 24635.5s [2025-02-28T22:13:47.035Z]
### Progress: 309211/309212 events | Elapsed time: 24640.5s [2025-02-28T22:13:52.050Z]
### Progress: 309211/309212 events | Elapsed time: 24645.5s [2025-02-28T22:13:57.068Z]
### Progress: 309211/309212 events | Elapsed time: 24650.5s [2025-02-28T22:14:02.085Z]
### Progress: 309211/309212 events | Elapsed time: 24655.6s [2025-02-28T22:14:07.105Z]
### Progress: 309211/309212 events | Elapsed time: 24660.6s [2025-02-28T22:14:12.120Z]
### Progress: 309211/309212 events | Elapsed time: 24665.6s [2025-02-28T22:14:17.137Z]
### Progress: 309211/309212 events | Elapsed time: 24670.6s [2025-02-28T22:14:22.155Z]
### Progress: 309211/309212 events | Elapsed time: 24675.6s [2025-02-28T22:14:27.172Z]
### Progress: 309211/309212 events | Elapsed time: 24680.6s [2025-02-28T22:14:32.190Z]
### Progress: 309211/309212 events | Elapsed time: 24685.6s [2025-02-28T22:14:37.105Z]
### Progress: 309211/309212 events | Elapsed time: 24690.6s [2025-02-28T22:14:42.122Z]
### Progress: 309211/309212 events | Elapsed time: 24695.6s [2025-02-28T22:14:47.139Z]
### Progress: 309211/309212 events | Elapsed time: 24700.6s [2025-02-28T22:14:52.106Z]
### Progress: 309211/309212 events | Elapsed time: 24705.6s [2025-02-28T22:14:57.187Z]
### Progress: 309211/309212 events | Elapsed time: 24710.6s [2025-02-28T22:15:02.191Z]
### Progress: 309211/309212 events | Elapsed time: 24715.7s [2025-02-28T22:15:07.209Z]
### Progress: 309211/309212 events | Elapsed time: 24720.7s [2025-02-28T22:15:12.227Z]
### Progress: 309211/309212 events | Elapsed time: 24725.6s [2025-02-28T22:15:17.141Z]
### Progress: 309211/309212 events | Elapsed time: 24730.6s [2025-02-28T22:15:22.159Z]
### Progress: 309211/309212 events | Elapsed time: 24735.6s [2025-02-28T22:15:27.176Z]
### Progress: 309211/309212 events | Elapsed time: 24740.6s [2025-02-28T22:15:32.194Z]
### Progress: 309211/309212 events | Elapsed time: 24745.7s [2025-02-28T22:15:37.211Z]
### Progress: 309211/309212 events | Elapsed time: 24750.7s [2025-02-28T22:15:42.228Z]
### Progress: 309211/309212 events | Elapsed time: 24755.7s [2025-02-28T22:15:47.246Z]
### Progress: 309211/309212 events | Elapsed time: 24760.7s [2025-02-28T22:15:52.264Z]
### Progress: 309211/309212 events | Elapsed time: 24765.7s [2025-02-28T22:15:57.281Z]
### Progress: 309211/309212 events | Elapsed time: 24770.7s [2025-02-28T22:16:02.196Z]
### Progress: 309211/309212 events | Elapsed time: 24775.7s [2025-02-28T22:16:07.213Z]
### Progress: 309211/309212 events | Elapsed time: 24780.7s [2025-02-28T22:16:12.231Z]
### Progress: 309211/309212 events | Elapsed time: 24785.7s [2025-02-28T22:16:17.248Z]
### Progress: 309211/309212 events | Elapsed time: 24790.7s [2025-02-28T22:16:22.265Z]
### Progress: 309211/309212 events | Elapsed time: 24795.7s [2025-02-28T22:16:27.268Z]
### Progress: 309211/309212 events | Elapsed time: 24800.8s [2025-02-28T22:16:32.300Z]
### Progress: 309211/309212 events | Elapsed time: 24805.8s [2025-02-28T22:16:37.318Z]
### Progress: 309211/309212 events | Elapsed time: 24810.7s [2025-02-28T22:16:42.233Z]
### Progress: 309211/309212 events | Elapsed time: 24815.7s [2025-02-28T22:16:47.250Z]
### Progress: 309211/309212 events | Elapsed time: 24820.7s [2025-02-28T22:16:52.267Z]
### Progress: 309211/309212 events | Elapsed time: 24825.7s [2025-02-28T22:16:57.285Z]
### Progress: 309211/309212 events | Elapsed time: 24830.8s [2025-02-28T22:17:02.302Z]
### Progress: 309211/309212 events | Elapsed time: 24835.8s [2025-02-28T22:17:07.320Z]
### Progress: 309211/309212 events | Elapsed time: 24840.8s [2025-02-28T22:17:12.337Z]
### Progress: 309211/309212 events | Elapsed time: 24845.8s [2025-02-28T22:17:17.355Z]
### Progress: 309211/309212 events | Elapsed time: 24850.8s [2025-02-28T22:17:22.372Z]
### Progress: 309211/309212 events | Elapsed time: 24855.7s [2025-02-28T22:17:27.273Z]
### Progress: 309211/309212 events | Elapsed time: 24860.8s [2025-02-28T22:17:32.305Z]
### Progress: 309211/309212 events | Elapsed time: 24865.8s [2025-02-28T22:17:37.322Z]
### Progress: 309211/309212 events | Elapsed time: 24870.8s [2025-02-28T22:17:42.340Z]
### Progress: 309211/309212 events | Elapsed time: 24875.8s [2025-02-28T22:17:47.357Z]
### Progress: 309211/309212 events | Elapsed time: 24880.8s [2025-02-28T22:17:52.374Z]
### Progress: 309211/309212 events | Elapsed time: 24885.8s [2025-02-28T22:17:57.380Z]
### Progress: 309211/309212 events | Elapsed time: 24890.9s [2025-02-28T22:18:02.410Z]
### Progress: 309211/309212 events | Elapsed time: 24895.8s [2025-02-28T22:18:07.325Z]
### Progress: 309211/309212 events | Elapsed time: 24900.8s [2025-02-28T22:18:12.342Z]
### Progress: 309211/309212 events | Elapsed time: 24905.8s [2025-02-28T22:18:17.359Z]
### Progress: 309211/309212 events | Elapsed time: 24910.8s [2025-02-28T22:18:22.377Z]
### Progress: 309211/309212 events | Elapsed time: 24915.8s [2025-02-28T22:18:27.394Z]
### Progress: 309211/309212 events | Elapsed time: 24920.9s [2025-02-28T22:18:32.412Z]
### Progress: 309211/309212 events | Elapsed time: 24925.9s [2025-02-28T22:18:37.429Z]
### Progress: 309211/309212 events | Elapsed time: 24930.9s [2025-02-28T22:18:42.447Z]
### Progress: 309211/309212 events | Elapsed time: 24935.9s [2025-02-28T22:18:47.464Z]
### Progress: 309211/309212 events | Elapsed time: 24940.8s [2025-02-28T22:18:52.379Z]
### Progress: 309211/309212 events | Elapsed time: 24945.8s [2025-02-28T22:18:57.364Z]
### Progress: 309211/309212 events | Elapsed time: 24950.9s [2025-02-28T22:19:02.414Z]
### Progress: 309211/309212 events | Elapsed time: 24955.9s [2025-02-28T22:19:07.432Z]
### Progress: 309211/309212 events | Elapsed time: 24960.9s [2025-02-28T22:19:12.449Z]
### Progress: 309211/309212 events | Elapsed time: 24965.9s [2025-02-28T22:19:17.467Z]
### Progress: 309211/309212 events | Elapsed time: 24970.8s [2025-02-28T22:19:22.394Z]
### Progress: 309211/309212 events | Elapsed time: 24975.9s [2025-02-28T22:19:27.492Z]
### Progress: 309211/309212 events | Elapsed time: 24980.9s [2025-02-28T22:19:32.417Z]
### Progress: 309211/309212 events | Elapsed time: 24985.9s [2025-02-28T22:19:37.435Z]
### Progress: 309211/309212 events | Elapsed time: 24990.9s [2025-02-28T22:19:42.454Z]
### Progress: 309211/309212 events | Elapsed time: 24995.9s [2025-02-28T22:19:47.460Z]
### Progress: 309211/309212 events | Elapsed time: 25000.9s [2025-02-28T22:19:52.487Z]
### Progress: 309211/309212 events | Elapsed time: 25006.0s [2025-02-28T22:19:57.504Z]
### Progress: 309211/309212 events | Elapsed time: 25011.0s [2025-02-28T22:20:02.522Z]
### Progress: 309211/309212 events | Elapsed time: 25016.0s [2025-02-28T22:20:07.539Z]
### Progress: 309211/309212 events | Elapsed time: 25020.9s [2025-02-28T22:20:12.454Z]
### Progress: 309211/309212 events | Elapsed time: 25025.9s [2025-02-28T22:20:17.472Z]
### Progress: 309211/309212 events | Elapsed time: 25030.9s [2025-02-28T22:20:22.489Z]
### Progress: 309211/309212 events | Elapsed time: 25035.9s [2025-02-28T22:20:27.462Z]
### Progress: 309211/309212 events | Elapsed time: 25041.0s [2025-02-28T22:20:32.524Z]
### Progress: 309211/309212 events | Elapsed time: 25046.0s [2025-02-28T22:20:37.542Z]
### Progress: 309211/309212 events | Elapsed time: 25051.0s [2025-02-28T22:20:42.559Z]
### Progress: 309211/309212 events | Elapsed time: 25056.0s [2025-02-28T22:20:47.577Z]
### Progress: 309211/309212 events | Elapsed time: 25061.0s [2025-02-28T22:20:52.595Z]
### Progress: 309211/309212 events | Elapsed time: 25066.0s [2025-02-28T22:20:57.510Z]
### Progress: 309211/309212 events | Elapsed time: 25071.0s [2025-02-28T22:21:02.527Z]
### Progress: 309211/309212 events | Elapsed time: 25076.0s [2025-02-28T22:21:07.547Z]
### Progress: 309211/309212 events | Elapsed time: 25081.0s [2025-02-28T22:21:12.562Z]
### Progress: 309211/309212 events | Elapsed time: 25086.0s [2025-02-28T22:21:17.580Z]
### Progress: 309211/309212 events | Elapsed time: 25091.1s [2025-02-28T22:21:22.597Z]
### Progress: 309211/309212 events | Elapsed time: 25096.1s [2025-02-28T22:21:27.618Z]
### Progress: 309211/309212 events | Elapsed time: 25101.1s [2025-02-28T22:21:32.633Z]
### Progress: 309211/309212 events | Elapsed time: 25106.0s [2025-02-28T22:21:37.548Z]
### Progress: 309211/309212 events | Elapsed time: 25111.0s [2025-02-28T22:21:42.565Z]
### Progress: 309211/309212 events | Elapsed time: 25116.0s [2025-02-28T22:21:47.583Z]
### Progress: 309211/309212 events | Elapsed time: 25121.1s [2025-02-28T22:21:52.600Z]
### Progress: 309211/309212 events | Elapsed time: 25126.0s [2025-02-28T22:21:57.559Z]
### Progress: 309211/309212 events | Elapsed time: 25131.1s [2025-02-28T22:22:02.635Z]
### Progress: 309211/309212 events | Elapsed time: 25136.1s [2025-02-28T22:22:07.653Z]
### Progress: 309211/309212 events | Elapsed time: 25141.1s [2025-02-28T22:22:12.670Z]
### Progress: 309211/309212 events | Elapsed time: 25146.1s [2025-02-28T22:22:17.688Z]
### Progress: 309211/309212 events | Elapsed time: 25151.1s [2025-02-28T22:22:22.603Z]
### Progress: 309211/309212 events | Elapsed time: 25156.1s [2025-02-28T22:22:27.621Z]
### Progress: 309211/309212 events | Elapsed time: 25161.1s [2025-02-28T22:22:32.638Z]
### Progress: 309211/309212 events | Elapsed time: 25166.1s [2025-02-28T22:22:37.656Z]
### Progress: 309211/309212 events | Elapsed time: 25171.1s [2025-02-28T22:22:42.673Z]
### Progress: 309211/309212 events | Elapsed time: 25176.1s [2025-02-28T22:22:47.691Z]
### Progress: 309211/309212 events | Elapsed time: 25181.2s [2025-02-28T22:22:52.708Z]
### Progress: 309211/309212 events | Elapsed time: 25186.2s [2025-02-28T22:22:57.726Z]
### Progress: 309211/309212 events | Elapsed time: 25191.1s [2025-02-28T22:23:02.641Z]
### Progress: 309211/309212 events | Elapsed time: 25196.1s [2025-02-28T22:23:07.659Z]
### Progress: 309211/309212 events | Elapsed time: 25201.1s [2025-02-28T22:23:12.676Z]
### Progress: 309211/309212 events | Elapsed time: 25206.1s [2025-02-28T22:23:17.693Z]
### Progress: 309211/309212 events | Elapsed time: 25211.2s [2025-02-28T22:23:22.711Z]
### Progress: 309211/309212 events | Elapsed time: 25216.1s [2025-02-28T22:23:27.655Z]
### Progress: 309211/309212 events | Elapsed time: 25221.2s [2025-02-28T22:23:32.746Z]
### Progress: 309211/309212 events | Elapsed time: 25226.2s [2025-02-28T22:23:37.764Z]
### Progress: 309211/309212 events | Elapsed time: 25231.2s [2025-02-28T22:23:42.781Z]
### Progress: 309211/309212 events | Elapsed time: 25236.2s [2025-02-28T22:23:47.696Z]
### Progress: 309211/309212 events | Elapsed time: 25241.3s [2025-02-28T22:23:52.816Z]
### Progress: 309211/309212 events | Elapsed time: 25246.2s [2025-02-28T22:23:57.731Z]
### Progress: 309211/309212 events | Elapsed time: 25251.2s [2025-02-28T22:24:02.749Z]
### Progress: 309211/309212 events | Elapsed time: 25256.2s [2025-02-28T22:24:07.767Z]
### Progress: 309211/309212 events | Elapsed time: 25261.2s [2025-02-28T22:24:12.784Z]
### Progress: 309211/309212 events | Elapsed time: 25266.3s [2025-02-28T22:24:17.801Z]
### Progress: 309211/309212 events | Elapsed time: 25271.3s [2025-02-28T22:24:22.820Z]
### Progress: 309211/309212 events | Elapsed time: 25276.2s [2025-02-28T22:24:27.735Z]
### Progress: 309211/309212 events | Elapsed time: 25281.2s [2025-02-28T22:24:32.752Z]
### Progress: 309211/309212 events | Elapsed time: 25286.2s [2025-02-28T22:24:37.769Z]
### Progress: 309211/309212 events | Elapsed time: 25291.3s [2025-02-28T22:24:42.796Z]
### Progress: 309211/309212 events | Elapsed time: 25296.3s [2025-02-28T22:24:47.805Z]
### Progress: 309211/309212 events | Elapsed time: 25301.3s [2025-02-28T22:24:52.823Z]
### Progress: 309211/309212 events | Elapsed time: 25306.3s [2025-02-28T22:24:57.841Z]
### Progress: 309211/309212 events | Elapsed time: 25311.3s [2025-02-28T22:25:02.859Z]
### Progress: 309211/309212 events | Elapsed time: 25316.2s [2025-02-28T22:25:07.780Z]
### Progress: 309211/309212 events | Elapsed time: 25321.3s [2025-02-28T22:25:12.799Z]
### Progress: 309211/309212 events | Elapsed time: 25326.3s [2025-02-28T22:25:17.809Z]
### Progress: 309211/309212 events | Elapsed time: 25331.3s [2025-02-28T22:25:22.820Z]
### Progress: 309211/309212 events | Elapsed time: 25336.3s [2025-02-28T22:25:27.844Z]
### Progress: 309211/309212 events | Elapsed time: 25341.3s [2025-02-28T22:25:32.862Z]
### Progress: 309211/309212 events | Elapsed time: 25346.3s [2025-02-28T22:25:37.880Z]
### Progress: 309211/309212 events | Elapsed time: 25351.3s [2025-02-28T22:25:42.799Z]
### Progress: 309211/309212 events | Elapsed time: 25356.3s [2025-02-28T22:25:47.895Z]
### Progress: 309211/309212 events | Elapsed time: 25361.3s [2025-02-28T22:25:52.829Z]
### Progress: 309211/309212 events | Elapsed time: 25366.3s [2025-02-28T22:25:57.848Z]
### Progress: 309211/309212 events | Elapsed time: 25371.3s [2025-02-28T22:26:02.865Z]
### Progress: 309211/309212 events | Elapsed time: 25376.3s [2025-02-28T22:26:07.883Z]
### Progress: 309211/309212 events | Elapsed time: 25381.3s [2025-02-28T22:26:12.831Z]
### Progress: 309211/309212 events | Elapsed time: 25386.3s [2025-02-28T22:26:17.895Z]
### Progress: 309211/309212 events | Elapsed time: 25391.3s [2025-02-28T22:26:22.895Z]
### Progress: 309211/309212 events | Elapsed time: 25396.4s [2025-02-28T22:26:27.903Z]
### Progress: 309211/309212 events | Elapsed time: 25401.3s [2025-02-28T22:26:32.868Z]
### Progress: 309211/309212 events | Elapsed time: 25406.3s [2025-02-28T22:26:37.886Z]
### Progress: 309211/309212 events | Elapsed time: 25411.3s [2025-02-28T22:26:42.894Z]
### Progress: 309211/309212 events | Elapsed time: 25416.3s [2025-02-28T22:26:47.895Z]
### Progress: 309211/309212 events | Elapsed time: 25421.4s [2025-02-28T22:26:52.897Z]
### Progress: 309211/309212 events | Elapsed time: 25426.3s [2025-02-28T22:26:57.879Z]
### Progress: 309211/309212 events | Elapsed time: 25431.3s [2025-02-28T22:27:02.895Z]
### Progress: 309211/309212 events | Elapsed time: 25436.3s [2025-02-28T22:27:07.895Z]
### Progress: 309211/309212 events | Elapsed time: 25441.3s [2025-02-28T22:27:12.894Z]
### Progress: 309211/309212 events | Elapsed time: 25446.4s [2025-02-28T22:27:17.899Z]
### Progress: 309211/309212 events | Elapsed time: 25451.4s [2025-02-28T22:27:22.905Z]
### Progress: 309211/309212 events | Elapsed time: 25456.4s [2025-02-28T22:27:27.917Z]
### Progress: 309211/309212 events | Elapsed time: 25461.4s [2025-02-28T22:27:32.917Z]
### Progress: 309211/309212 events | Elapsed time: 25466.4s [2025-02-28T22:27:37.922Z]
### Progress: 309211/309212 events | Elapsed time: 25471.4s [2025-02-28T22:27:42.928Z]
### Progress: 309211/309212 events | Elapsed time: 25476.4s [2025-02-28T22:27:47.934Z]
### Progress: 309211/309212 events | Elapsed time: 25481.4s [2025-02-28T22:27:52.941Z]
### Progress: 309211/309212 events | Elapsed time: 25486.4s [2025-02-28T22:27:57.944Z]
### Progress: 309211/309212 events | Elapsed time: 25491.4s [2025-02-28T22:28:02.949Z]
### Progress: 309211/309212 events | Elapsed time: 25496.4s [2025-02-28T22:28:07.955Z]
### Progress: 309211/309212 events | Elapsed time: 25501.4s [2025-02-28T22:28:12.959Z]
### Progress: 309211/309212 events | Elapsed time: 25506.4s [2025-02-28T22:28:17.964Z]
### Progress: 309211/309212 events | Elapsed time: 25511.4s [2025-02-28T22:28:22.972Z]
### Progress: 309211/309212 events | Elapsed time: 25516.4s [2025-02-28T22:28:27.978Z]
### Progress: 309211/309212 events | Elapsed time: 25521.4s [2025-02-28T22:28:32.982Z]
### Progress: 309211/309212 events | Elapsed time: 25526.4s [2025-02-28T22:28:37.986Z]
### Progress: 309211/309212 events | Elapsed time: 25531.4s [2025-02-28T22:28:42.992Z]
### Progress: 309211/309212 events | Elapsed time: 25536.5s [2025-02-28T22:28:48.035Z]
### Progress: 309211/309212 events | Elapsed time: 25541.5s [2025-02-28T22:28:53.053Z]
### Progress: 309211/309212 events | Elapsed time: 25546.5s [2025-02-28T22:28:58.070Z]
### Progress: 309211/309212 events | Elapsed time: 25551.5s [2025-02-28T22:29:03.090Z]
### Progress: 309211/309212 events | Elapsed time: 25556.6s [2025-02-28T22:29:08.110Z]
### Progress: 309211/309212 events | Elapsed time: 25561.6s [2025-02-28T22:29:13.124Z]
### Progress: 309211/309212 events | Elapsed time: 25566.5s [2025-02-28T22:29:18.038Z]
### Progress: 309211/309212 events | Elapsed time: 25571.5s [2025-02-28T22:29:23.036Z]
### Progress: 309211/309212 events | Elapsed time: 25576.5s [2025-02-28T22:29:28.074Z]
### Progress: 309211/309212 events | Elapsed time: 25581.5s [2025-02-28T22:29:33.092Z]
### Progress: 309211/309212 events | Elapsed time: 25586.6s [2025-02-28T22:29:38.110Z]
### Progress: 309211/309212 events | Elapsed time: 25591.6s [2025-02-28T22:29:43.127Z]
### Progress: 309211/309212 events | Elapsed time: 25596.5s [2025-02-28T22:29:48.059Z]
### Progress: 309211/309212 events | Elapsed time: 25601.5s [2025-02-28T22:29:53.064Z]
### Progress: 309211/309212 events | Elapsed time: 25606.6s [2025-02-28T22:29:58.180Z]
### Progress: 309211/309212 events | Elapsed time: 25611.5s [2025-02-28T22:30:03.094Z]
### Progress: 309211/309212 events | Elapsed time: 25616.6s [2025-02-28T22:30:08.112Z]
### Progress: 309211/309212 events | Elapsed time: 25621.6s [2025-02-28T22:30:13.130Z]
### Progress: 309211/309212 events | Elapsed time: 25626.6s [2025-02-28T22:30:18.150Z]
### Progress: 309211/309212 events | Elapsed time: 25631.6s [2025-02-28T22:30:23.108Z]
### Progress: 309211/309212 events | Elapsed time: 25636.6s [2025-02-28T22:30:28.192Z]
### Progress: 309211/309212 events | Elapsed time: 25641.7s [2025-02-28T22:30:33.200Z]
### Progress: 309211/309212 events | Elapsed time: 25646.6s [2025-02-28T22:30:38.115Z]
### Progress: 309211/309212 events | Elapsed time: 25651.6s [2025-02-28T22:30:43.133Z]
### Progress: 309211/309212 events | Elapsed time: 25656.6s [2025-02-28T22:30:48.151Z]
### Progress: 309211/309212 events | Elapsed time: 25661.6s [2025-02-28T22:30:53.168Z]
### Progress: 309211/309212 events | Elapsed time: 25666.6s [2025-02-28T22:30:58.186Z]
### Progress: 309211/309212 events | Elapsed time: 25671.7s [2025-02-28T22:31:03.203Z]
### Progress: 309211/309212 events | Elapsed time: 25676.7s [2025-02-28T22:31:08.221Z]
### Progress: 309211/309212 events | Elapsed time: 25681.6s [2025-02-28T22:31:13.148Z]
### Progress: 309211/309212 events | Elapsed time: 25686.6s [2025-02-28T22:31:18.154Z]
### Progress: 309211/309212 events | Elapsed time: 25691.6s [2025-02-28T22:31:23.171Z]
### Progress: 309211/309212 events | Elapsed time: 25696.6s [2025-02-28T22:31:28.189Z]
### Progress: 309211/309212 events | Elapsed time: 25701.7s [2025-02-28T22:31:33.207Z]
### Progress: 309211/309212 events | Elapsed time: 25706.7s [2025-02-28T22:31:38.224Z]
### Progress: 309211/309212 events | Elapsed time: 25711.6s [2025-02-28T22:31:43.170Z]
### Progress: 309211/309212 events | Elapsed time: 25716.6s [2025-02-28T22:31:48.177Z]
### Progress: 309211/309212 events | Elapsed time: 25721.6s [2025-02-28T22:31:53.181Z]
### Progress: 309211/309212 events | Elapsed time: 25726.6s [2025-02-28T22:31:58.192Z]
### Progress: 309211/309212 events | Elapsed time: 25731.7s [2025-02-28T22:32:03.209Z]
### Progress: 309211/309212 events | Elapsed time: 25736.7s [2025-02-28T22:32:08.227Z]
### Progress: 309211/309212 events | Elapsed time: 25741.7s [2025-02-28T22:32:13.254Z]
### Progress: 309211/309212 events | Elapsed time: 25746.7s [2025-02-28T22:32:18.207Z]
### Progress: 309211/309212 events | Elapsed time: 25751.7s [2025-02-28T22:32:23.212Z]
### Progress: 309211/309212 events | Elapsed time: 25756.7s [2025-02-28T22:32:28.225Z]
### Progress: 309211/309212 events | Elapsed time: 25761.7s [2025-02-28T22:32:33.222Z]
### Progress: 309211/309212 events | Elapsed time: 25766.7s [2025-02-28T22:32:38.230Z]
### Progress: 309211/309212 events | Elapsed time: 25771.7s [2025-02-28T22:32:43.237Z]
### Progress: 309211/309212 events | Elapsed time: 25776.7s [2025-02-28T22:32:48.241Z]
### Progress: 309211/309212 events | Elapsed time: 25781.7s [2025-02-28T22:32:53.244Z]
### Progress: 309211/309212 events | Elapsed time: 25786.7s [2025-02-28T22:32:58.253Z]
### Progress: 309211/309212 events | Elapsed time: 25791.7s [2025-02-28T22:33:03.257Z]
### Progress: 309211/309212 events | Elapsed time: 25796.8s [2025-02-28T22:33:08.336Z]
### Progress: 309211/309212 events | Elapsed time: 25801.8s [2025-02-28T22:33:13.354Z]
### Progress: 309211/309212 events | Elapsed time: 25806.8s [2025-02-28T22:33:18.371Z]
### Progress: 309211/309212 events | Elapsed time: 25811.8s [2025-02-28T22:33:23.389Z]
### Progress: 309211/309212 events | Elapsed time: 25816.8s [2025-02-28T22:33:28.304Z]
### Progress: 309211/309212 events | Elapsed time: 25821.8s [2025-02-28T22:33:33.321Z]
### Progress: 309211/309212 events | Elapsed time: 25826.8s [2025-02-28T22:33:38.339Z]
### Progress: 309211/309212 events | Elapsed time: 25831.8s [2025-02-28T22:33:43.357Z]
### Progress: 309211/309212 events | Elapsed time: 25836.8s [2025-02-28T22:33:48.376Z]
### Progress: 309211/309212 events | Elapsed time: 25841.8s [2025-02-28T22:33:53.359Z]
### Progress: 309211/309212 events | Elapsed time: 25846.9s [2025-02-28T22:33:58.410Z]
### Progress: 309211/309212 events | Elapsed time: 25851.9s [2025-02-28T22:34:03.427Z]
### Progress: 309211/309212 events | Elapsed time: 25856.8s [2025-02-28T22:34:08.343Z]
### Progress: 309211/309212 events | Elapsed time: 25861.8s [2025-02-28T22:34:13.360Z]
### Progress: 309211/309212 events | Elapsed time: 25866.8s [2025-02-28T22:34:18.378Z]
### Progress: 309211/309212 events | Elapsed time: 25871.9s [2025-02-28T22:34:23.396Z]
### Progress: 309211/309212 events | Elapsed time: 25876.9s [2025-02-28T22:34:28.413Z]
### Progress: 309211/309212 events | Elapsed time: 25881.9s [2025-02-28T22:34:33.431Z]
### Progress: 309211/309212 events | Elapsed time: 25886.9s [2025-02-28T22:34:38.448Z]
### Progress: 309211/309212 events | Elapsed time: 25891.9s [2025-02-28T22:34:43.468Z]
### Progress: 309211/309212 events | Elapsed time: 25896.8s [2025-02-28T22:34:48.381Z]
### Progress: 309211/309212 events | Elapsed time: 25901.9s [2025-02-28T22:34:53.399Z]
### Progress: 309211/309212 events | Elapsed time: 25906.9s [2025-02-28T22:34:58.416Z]
### Progress: 309211/309212 events | Elapsed time: 25911.9s [2025-02-28T22:35:03.434Z]
### Progress: 309211/309212 events | Elapsed time: 25916.9s [2025-02-28T22:35:08.453Z]
### Progress: 309211/309212 events | Elapsed time: 25921.9s [2025-02-28T22:35:13.469Z]
### Progress: 309211/309212 events | Elapsed time: 25926.9s [2025-02-28T22:35:18.487Z]
### Progress: 309211/309212 events | Elapsed time: 25931.9s [2025-02-28T22:35:23.415Z]
### Progress: 309211/309212 events | Elapsed time: 25937.0s [2025-02-28T22:35:28.522Z]
### Progress: 309211/309212 events | Elapsed time: 25941.9s [2025-02-28T22:35:33.437Z]
### Progress: 309211/309212 events | Elapsed time: 25946.9s [2025-02-28T22:35:38.455Z]
### Progress: 309211/309212 events | Elapsed time: 25951.9s [2025-02-28T22:35:43.472Z]
### Progress: 309211/309212 events | Elapsed time: 25956.9s [2025-02-28T22:35:48.490Z]
### Progress: 309211/309212 events | Elapsed time: 25962.0s [2025-02-28T22:35:53.507Z]
### Progress: 309211/309212 events | Elapsed time: 25967.0s [2025-02-28T22:35:58.525Z]
### Progress: 309211/309212 events | Elapsed time: 25972.0s [2025-02-28T22:36:03.543Z]
### Progress: 309211/309212 events | Elapsed time: 25977.0s [2025-02-28T22:36:08.560Z]
### Progress: 309211/309212 events | Elapsed time: 25981.9s [2025-02-28T22:36:13.492Z]
### Progress: 309211/309212 events | Elapsed time: 25986.9s [2025-02-28T22:36:18.493Z]
### Progress: 309211/309212 events | Elapsed time: 25992.0s [2025-02-28T22:36:23.511Z]
### Progress: 309211/309212 events | Elapsed time: 25997.0s [2025-02-28T22:36:28.529Z]
### Progress: 309211/309212 events | Elapsed time: 26002.0s [2025-02-28T22:36:33.546Z]
### Progress: 309211/309212 events | Elapsed time: 26007.0s [2025-02-28T22:36:38.565Z]
### Progress: 309211/309212 events | Elapsed time: 26012.0s [2025-02-28T22:36:43.581Z]
### Progress: 309211/309212 events | Elapsed time: 26017.1s [2025-02-28T22:36:48.599Z]
### Progress: 309211/309212 events | Elapsed time: 26022.0s [2025-02-28T22:36:53.514Z]
### Progress: 309211/309212 events | Elapsed time: 26027.1s [2025-02-28T22:36:58.634Z]
### Progress: 309211/309212 events | Elapsed time: 26032.0s [2025-02-28T22:37:03.549Z]
### Progress: 309211/309212 events | Elapsed time: 26037.0s [2025-02-28T22:37:08.567Z]
### Progress: 309211/309212 events | Elapsed time: 26042.1s [2025-02-28T22:37:13.598Z]
### Progress: 309211/309212 events | Elapsed time: 26047.2s [2025-02-28T22:37:18.718Z]
### Progress: 309211/309212 events | Elapsed time: 26052.1s [2025-02-28T22:37:23.620Z]
### Progress: 309211/309212 events | Elapsed time: 26057.1s [2025-02-28T22:37:28.637Z]
### Progress: 309211/309212 events | Elapsed time: 26062.1s [2025-02-28T22:37:33.655Z]
### Progress: 309211/309212 events | Elapsed time: 26067.1s [2025-02-28T22:37:38.674Z]
### Progress: 309211/309212 events | Elapsed time: 26072.0s [2025-02-28T22:37:43.588Z]
### Progress: 309211/309212 events | Elapsed time: 26077.1s [2025-02-28T22:37:48.605Z]
### Progress: 309211/309212 events | Elapsed time: 26082.1s [2025-02-28T22:37:53.625Z]
### Progress: 309211/309212 events | Elapsed time: 26087.1s [2025-02-28T22:37:58.645Z]
### Progress: 309211/309212 events | Elapsed time: 26092.1s [2025-02-28T22:38:03.658Z]
### Progress: 309211/309212 events | Elapsed time: 26097.1s [2025-02-28T22:38:08.676Z]
### Progress: 309211/309212 events | Elapsed time: 26102.2s [2025-02-28T22:38:13.703Z]
### Progress: 309211/309212 events | Elapsed time: 26107.1s [2025-02-28T22:38:18.609Z]
### Progress: 309211/309212 events | Elapsed time: 26112.2s [2025-02-28T22:38:23.729Z]
### Progress: 309211/309212 events | Elapsed time: 26117.1s [2025-02-28T22:38:28.645Z]
### Progress: 309211/309212 events | Elapsed time: 26122.1s [2025-02-28T22:38:33.661Z]
### Progress: 309211/309212 events | Elapsed time: 26127.1s [2025-02-28T22:38:38.691Z]
### Progress: 309211/309212 events | Elapsed time: 26132.1s [2025-02-28T22:38:43.678Z]
### Progress: 309211/309212 events | Elapsed time: 26137.2s [2025-02-28T22:38:48.714Z]
### Progress: 309211/309212 events | Elapsed time: 26142.2s [2025-02-28T22:38:53.732Z]
### Progress: 309211/309212 events | Elapsed time: 26147.2s [2025-02-28T22:38:58.749Z]
### Progress: 309211/309212 events | Elapsed time: 26152.1s [2025-02-28T22:39:03.665Z]
### Progress: 309211/309212 events | Elapsed time: 26157.1s [2025-02-28T22:39:08.682Z]
### Progress: 309211/309212 events | Elapsed time: 26162.2s [2025-02-28T22:39:13.700Z]
### Progress: 309211/309212 events | Elapsed time: 26167.2s [2025-02-28T22:39:18.720Z]
### Progress: 309211/309212 events | Elapsed time: 26172.1s [2025-02-28T22:39:23.669Z]
### Progress: 309211/309212 events | Elapsed time: 26177.2s [2025-02-28T22:39:28.753Z]
### Progress: 309211/309212 events | Elapsed time: 26182.2s [2025-02-28T22:39:33.772Z]
### Progress: 309211/309212 events | Elapsed time: 26187.2s [2025-02-28T22:39:38.793Z]
### Progress: 309211/309212 events | Elapsed time: 26192.2s [2025-02-28T22:39:43.703Z]
### Progress: 309211/309212 events | Elapsed time: 26197.2s [2025-02-28T22:39:48.721Z]
### Progress: 309211/309212 events | Elapsed time: 26202.2s [2025-02-28T22:39:53.738Z]
### Progress: 309211/309212 events | Elapsed time: 26207.3s [2025-02-28T22:39:58.858Z]
### Progress: 309211/309212 events | Elapsed time: 26212.2s [2025-02-28T22:40:03.774Z]
### Progress: 309211/309212 events | Elapsed time: 26217.3s [2025-02-28T22:40:08.795Z]
### Progress: 309211/309212 events | Elapsed time: 26222.2s [2025-02-28T22:40:13.725Z]
### Progress: 309211/309212 events | Elapsed time: 26227.3s [2025-02-28T22:40:18.827Z]
### Progress: 309211/309212 events | Elapsed time: 26232.2s [2025-02-28T22:40:23.743Z]
### Progress: 309211/309212 events | Elapsed time: 26237.2s [2025-02-28T22:40:28.760Z]
### Progress: 309211/309212 events | Elapsed time: 26242.2s [2025-02-28T22:40:33.778Z]
### Progress: 309211/309212 events | Elapsed time: 26247.3s [2025-02-28T22:40:38.795Z]
### Progress: 309211/309212 events | Elapsed time: 26252.3s [2025-02-28T22:40:43.819Z]
### Progress: 309211/309212 events | Elapsed time: 26257.3s [2025-02-28T22:40:48.831Z]
### Progress: 309211/309212 events | Elapsed time: 26262.3s [2025-02-28T22:40:53.849Z]
### Progress: 309211/309212 events | Elapsed time: 26267.3s [2025-02-28T22:40:58.882Z]
### Progress: 309211/309212 events | Elapsed time: 26272.5s [2025-02-28T22:41:04.000Z]
### Progress: 309211/309212 events | Elapsed time: 26277.3s [2025-02-28T22:41:08.799Z]
### Progress: 309211/309212 events | Elapsed time: 26282.3s [2025-02-28T22:41:13.817Z]
### Progress: 309211/309212 events | Elapsed time: 26287.3s [2025-02-28T22:41:18.795Z]
### Progress: 309211/309212 events | Elapsed time: 26292.3s [2025-02-28T22:41:23.851Z]
### Progress: 309211/309212 events | Elapsed time: 26297.3s [2025-02-28T22:41:28.869Z]
### Progress: 309211/309212 events | Elapsed time: 26302.3s [2025-02-28T22:41:33.887Z]
### Progress: 309211/309212 events | Elapsed time: 26307.4s [2025-02-28T22:41:38.904Z]
### Progress: 309211/309212 events | Elapsed time: 26312.4s [2025-02-28T22:41:43.922Z]
### Progress: 309211/309212 events | Elapsed time: 26317.4s [2025-02-28T22:41:48.940Z]
### Progress: 309211/309212 events | Elapsed time: 26322.3s [2025-02-28T22:41:53.855Z]
### Progress: 309211/309212 events | Elapsed time: 26327.3s [2025-02-28T22:41:58.873Z]
### Progress: 309211/309212 events | Elapsed time: 26332.3s [2025-02-28T22:42:03.890Z]
### Progress: 309211/309212 events | Elapsed time: 26337.4s [2025-02-28T22:42:08.907Z]
### Progress: 309211/309212 events | Elapsed time: 26342.4s [2025-02-28T22:42:13.926Z]
### Progress: 309211/309212 events | Elapsed time: 26347.4s [2025-02-28T22:42:18.943Z]
### Progress: 309211/309212 events | Elapsed time: 26352.4s [2025-02-28T22:42:23.961Z]
### Progress: 309211/309212 events | Elapsed time: 26357.4s [2025-02-28T22:42:28.978Z]
### Progress: 309211/309212 events | Elapsed time: 26362.3s [2025-02-28T22:42:33.894Z]
### Progress: 309211/309212 events | Elapsed time: 26367.4s [2025-02-28T22:42:38.911Z]
### Progress: 309211/309212 events | Elapsed time: 26372.4s [2025-02-28T22:42:43.929Z]
### Progress: 309211/309212 events | Elapsed time: 26377.4s [2025-02-28T22:42:48.947Z]
### Progress: 309211/309212 events | Elapsed time: 26382.4s [2025-02-28T22:42:53.965Z]
### Progress: 309211/309212 events | Elapsed time: 26387.4s [2025-02-28T22:42:58.983Z]
### Progress: 309211/309212 events | Elapsed time: 26392.5s [2025-02-28T22:43:04.001Z]
### Progress: 309211/309212 events | Elapsed time: 26397.5s [2025-02-28T22:43:09.021Z]
### Progress: 309211/309212 events | Elapsed time: 26402.4s [2025-02-28T22:43:13.924Z]
### Progress: 309211/309212 events | Elapsed time: 26407.4s [2025-02-28T22:43:18.953Z]
### Progress: 309211/309212 events | Elapsed time: 26412.4s [2025-02-28T22:43:23.973Z]
### Progress: 309211/309212 events | Elapsed time: 26417.4s [2025-02-28T22:43:28.989Z]
### Progress: 309211/309212 events | Elapsed time: 26422.5s [2025-02-28T22:43:34.007Z]
### Progress: 309211/309212 events | Elapsed time: 26427.5s [2025-02-28T22:43:39.025Z]
### Progress: 309211/309212 events | Elapsed time: 26432.5s [2025-02-28T22:43:44.043Z]
### Progress: 309211/309212 events | Elapsed time: 26437.5s [2025-02-28T22:43:49.062Z]
### Progress: 309211/309212 events | Elapsed time: 26442.4s [2025-02-28T22:43:53.976Z]
### Progress: 309211/309212 events | Elapsed time: 26447.4s [2025-02-28T22:43:58.980Z]
### Progress: 309211/309212 events | Elapsed time: 26452.5s [2025-02-28T22:44:04.014Z]
### Progress: 309211/309212 events | Elapsed time: 26457.5s [2025-02-28T22:44:09.033Z]
### Progress: 309211/309212 events | Elapsed time: 26462.5s [2025-02-28T22:44:14.049Z]
### Progress: 309211/309212 events | Elapsed time: 26467.5s [2025-02-28T22:44:19.067Z]
### Progress: 309211/309212 events | Elapsed time: 26472.5s [2025-02-28T22:44:24.085Z]
### Progress: 309211/309212 events | Elapsed time: 26477.6s [2025-02-28T22:44:29.103Z]
### Progress: 309211/309212 events | Elapsed time: 26482.5s [2025-02-28T22:44:34.018Z]
### Progress: 309211/309212 events | Elapsed time: 26487.5s [2025-02-28T22:44:39.036Z]
### Progress: 309211/309212 events | Elapsed time: 26492.5s [2025-02-28T22:44:44.036Z]
### Progress: 309211/309212 events | Elapsed time: 26497.5s [2025-02-28T22:44:49.073Z]
### Progress: 309211/309212 events | Elapsed time: 26502.5s [2025-02-28T22:44:54.091Z]
### Progress: 309211/309212 events | Elapsed time: 26507.6s [2025-02-28T22:44:59.108Z]
### Progress: 309211/309212 events | Elapsed time: 26512.6s [2025-02-28T22:45:04.126Z]
### Progress: 309211/309212 events | Elapsed time: 26517.6s [2025-02-28T22:45:09.144Z]
### Progress: 309211/309212 events | Elapsed time: 26522.5s [2025-02-28T22:45:14.061Z]
### Progress: 309211/309212 events | Elapsed time: 26527.5s [2025-02-28T22:45:19.078Z]
### Progress: 309211/309212 events | Elapsed time: 26532.6s [2025-02-28T22:45:24.096Z]
### Progress: 309211/309212 events | Elapsed time: 26537.5s [2025-02-28T22:45:29.092Z]
### Progress: 309211/309212 events | Elapsed time: 26542.6s [2025-02-28T22:45:34.132Z]
### Progress: 309211/309212 events | Elapsed time: 26547.6s [2025-02-28T22:45:39.150Z]
### Progress: 309211/309212 events | Elapsed time: 26552.6s [2025-02-28T22:45:44.168Z]
### Progress: 309211/309212 events | Elapsed time: 26557.6s [2025-02-28T22:45:49.185Z]
### Progress: 309211/309212 events | Elapsed time: 26562.6s [2025-02-28T22:45:54.101Z]
### Progress: 309211/309212 events | Elapsed time: 26567.6s [2025-02-28T22:45:59.119Z]
### Progress: 309211/309212 events | Elapsed time: 26572.6s [2025-02-28T22:46:04.137Z]
### Progress: 309211/309212 events | Elapsed time: 26577.6s [2025-02-28T22:46:09.155Z]
### Progress: 309211/309212 events | Elapsed time: 26582.6s [2025-02-28T22:46:14.148Z]
### Progress: 309211/309212 events | Elapsed time: 26587.6s [2025-02-28T22:46:19.191Z]
### Progress: 309211/309212 events | Elapsed time: 26592.7s [2025-02-28T22:46:24.209Z]
### Progress: 309211/309212 events | Elapsed time: 26597.6s [2025-02-28T22:46:29.130Z]
### Progress: 309211/309212 events | Elapsed time: 26602.6s [2025-02-28T22:46:34.142Z]
### Progress: 309211/309212 events | Elapsed time: 26607.6s [2025-02-28T22:46:39.160Z]
### Progress: 309211/309212 events | Elapsed time: 26612.6s [2025-02-28T22:46:44.178Z]
### Progress: 309211/309212 events | Elapsed time: 26617.7s [2025-02-28T22:46:49.196Z]
### Progress: 309211/309212 events | Elapsed time: 26622.7s [2025-02-28T22:46:54.214Z]
### Progress: 309211/309212 events | Elapsed time: 26627.7s [2025-02-28T22:46:59.204Z]
### Progress: 309211/309212 events | Elapsed time: 26632.7s [2025-02-28T22:47:04.250Z]
### Progress: 309211/309212 events | Elapsed time: 26637.7s [2025-02-28T22:47:09.268Z]
### Progress: 309211/309212 events | Elapsed time: 26642.7s [2025-02-28T22:47:14.286Z]
### Progress: 309211/309212 events | Elapsed time: 26647.7s [2025-02-28T22:47:19.201Z]
### Progress: 309211/309212 events | Elapsed time: 26652.7s [2025-02-28T22:47:24.219Z]
### Progress: 309211/309212 events | Elapsed time: 26657.6s [2025-02-28T22:47:29.194Z]
### Progress: 309211/309212 events | Elapsed time: 26662.7s [2025-02-28T22:47:34.255Z]
### Progress: 309211/309212 events | Elapsed time: 26667.7s [2025-02-28T22:47:39.274Z]
### Progress: 309211/309212 events | Elapsed time: 26672.7s [2025-02-28T22:47:44.291Z]
### Progress: 309211/309212 events | Elapsed time: 26677.8s [2025-02-28T22:47:49.308Z]
### Progress: 309211/309212 events | Elapsed time: 26682.8s [2025-02-28T22:47:54.327Z]
### Progress: 309211/309212 events | Elapsed time: 26687.7s [2025-02-28T22:47:59.242Z]
### Progress: 309211/309212 events | Elapsed time: 26692.7s [2025-02-28T22:48:04.260Z]
### Progress: 309211/309212 events | Elapsed time: 26697.7s [2025-02-28T22:48:09.278Z]
### Progress: 309211/309212 events | Elapsed time: 26702.8s [2025-02-28T22:48:14.296Z]
### Progress: 309211/309212 events | Elapsed time: 26707.8s [2025-02-28T22:48:19.313Z]
### Progress: 309211/309212 events | Elapsed time: 26712.8s [2025-02-28T22:48:24.331Z]
### Progress: 309211/309212 events | Elapsed time: 26717.8s [2025-02-28T22:48:29.351Z]
### Progress: 309211/309212 events | Elapsed time: 26722.8s [2025-02-28T22:48:34.367Z]
### Progress: 309211/309212 events | Elapsed time: 26727.7s [2025-02-28T22:48:39.283Z]
### Progress: 309211/309212 events | Elapsed time: 26732.8s [2025-02-28T22:48:44.301Z]
### Progress: 309211/309212 events | Elapsed time: 26737.8s [2025-02-28T22:48:49.318Z]
### Progress: 309211/309212 events | Elapsed time: 26742.8s [2025-02-28T22:48:54.336Z]
### Progress: 309211/309212 events | Elapsed time: 26747.8s [2025-02-28T22:48:59.354Z]
### Progress: 309211/309212 events | Elapsed time: 26752.8s [2025-02-28T22:49:04.372Z]
### Progress: 309211/309212 events | Elapsed time: 26757.8s [2025-02-28T22:49:09.390Z]
### Progress: 309211/309212 events | Elapsed time: 26762.9s [2025-02-28T22:49:14.410Z]
### Progress: 309211/309212 events | Elapsed time: 26767.8s [2025-02-28T22:49:19.323Z]
### Progress: 309211/309212 events | Elapsed time: 26772.8s [2025-02-28T22:49:24.341Z]
### Progress: 309211/309212 events | Elapsed time: 26777.8s [2025-02-28T22:49:29.359Z]
### Progress: 309211/309212 events | Elapsed time: 26782.8s [2025-02-28T22:49:34.377Z]
### Progress: 309211/309212 events | Elapsed time: 26787.9s [2025-02-28T22:49:39.397Z]
### Progress: 309211/309212 events | Elapsed time: 26792.9s [2025-02-28T22:49:44.413Z]
### Progress: 309211/309212 events | Elapsed time: 26797.9s [2025-02-28T22:49:49.430Z]
### Progress: 309211/309212 events | Elapsed time: 26802.9s [2025-02-28T22:49:54.448Z]
### Progress: 309211/309212 events | Elapsed time: 26807.9s [2025-02-28T22:49:59.466Z]
### Progress: 309211/309212 events | Elapsed time: 26812.8s [2025-02-28T22:50:04.382Z]
### Progress: 309211/309212 events | Elapsed time: 26817.9s [2025-02-28T22:50:09.399Z]
### Progress: 309211/309212 events | Elapsed time: 26822.9s [2025-02-28T22:50:14.417Z]
### Progress: 309211/309212 events | Elapsed time: 26827.9s [2025-02-28T22:50:19.435Z]
### Progress: 309211/309212 events | Elapsed time: 26832.9s [2025-02-28T22:50:24.453Z]
### Progress: 309211/309212 events | Elapsed time: 26837.9s [2025-02-28T22:50:29.471Z]
### Progress: 309211/309212 events | Elapsed time: 26842.9s [2025-02-28T22:50:34.489Z]
### Progress: 309211/309212 events | Elapsed time: 26848.0s [2025-02-28T22:50:39.507Z]
### Progress: 309211/309212 events | Elapsed time: 26852.9s [2025-02-28T22:50:44.422Z]
### Progress: 309211/309212 events | Elapsed time: 26857.9s [2025-02-28T22:50:49.440Z]
### Progress: 309211/309212 events | Elapsed time: 26863.0s [2025-02-28T22:50:54.560Z]
### Progress: 309211/309212 events | Elapsed time: 26867.9s [2025-02-28T22:50:59.475Z]
### Progress: 309211/309212 events | Elapsed time: 26872.9s [2025-02-28T22:51:04.493Z]
### Progress: 309211/309212 events | Elapsed time: 26878.0s [2025-02-28T22:51:09.511Z]
### Progress: 309211/309212 events | Elapsed time: 26883.0s [2025-02-28T22:51:14.530Z]
### Progress: 309211/309212 events | Elapsed time: 26888.0s [2025-02-28T22:51:19.547Z]
### Progress: 309211/309212 events | Elapsed time: 26892.9s [2025-02-28T22:51:24.463Z]
### Progress: 309211/309212 events | Elapsed time: 26897.9s [2025-02-28T22:51:29.480Z]
### Progress: 309211/309212 events | Elapsed time: 26903.0s [2025-02-28T22:51:34.498Z]
### Progress: 309211/309212 events | Elapsed time: 26908.0s [2025-02-28T22:51:39.516Z]
### Progress: 309211/309212 events | Elapsed time: 26913.0s [2025-02-28T22:51:44.534Z]
### Progress: 309211/309212 events | Elapsed time: 26918.0s [2025-02-28T22:51:49.552Z]
### Progress: 309211/309212 events | Elapsed time: 26923.0s [2025-02-28T22:51:54.570Z]
### Progress: 309211/309212 events | Elapsed time: 26928.0s [2025-02-28T22:51:59.588Z]
### Progress: 309211/309212 events | Elapsed time: 26933.1s [2025-02-28T22:52:04.606Z]
### Progress: 309211/309212 events | Elapsed time: 26938.0s [2025-02-28T22:52:09.521Z]
### Progress: 309211/309212 events | Elapsed time: 26943.0s [2025-02-28T22:52:14.540Z]
### Progress: 309211/309212 events | Elapsed time: 26948.0s [2025-02-28T22:52:19.557Z]
### Progress: 309211/309212 events | Elapsed time: 26953.0s [2025-02-28T22:52:24.575Z]
### Progress: 309211/309212 events | Elapsed time: 26958.0s [2025-02-28T22:52:29.592Z]
### Progress: 309211/309212 events | Elapsed time: 26963.1s [2025-02-28T22:52:34.610Z]
### Progress: 309211/309212 events | Elapsed time: 26968.1s [2025-02-28T22:52:39.628Z]
### Progress: 309211/309212 events | Elapsed time: 26973.1s [2025-02-28T22:52:44.645Z]
### Progress: 309211/309212 events | Elapsed time: 26978.0s [2025-02-28T22:52:49.564Z]
### Progress: 309211/309212 events | Elapsed time: 26983.0s [2025-02-28T22:52:54.579Z]
### Progress: 309211/309212 events | Elapsed time: 26988.1s [2025-02-28T22:52:59.596Z]
### Progress: 309211/309212 events | Elapsed time: 26993.1s [2025-02-28T22:53:04.614Z]
### Progress: 309211/309212 events | Elapsed time: 26998.1s [2025-02-28T22:53:09.631Z]
### Progress: 309211/309212 events | Elapsed time: 27003.1s [2025-02-28T22:53:14.650Z]
### Progress: 309211/309212 events | Elapsed time: 27008.1s [2025-02-28T22:53:19.621Z]
### Progress: 309211/309212 events | Elapsed time: 27013.1s [2025-02-28T22:53:24.688Z]
### Progress: 309211/309212 events | Elapsed time: 27018.1s [2025-02-28T22:53:29.600Z]
### Progress: 309211/309212 events | Elapsed time: 27023.1s [2025-02-28T22:53:34.618Z]
### Progress: 309211/309212 events | Elapsed time: 27028.1s [2025-02-28T22:53:39.636Z]
### Progress: 309211/309212 events | Elapsed time: 27033.1s [2025-02-28T22:53:44.654Z]
### Progress: 309211/309212 events | Elapsed time: 27038.1s [2025-02-28T22:53:49.672Z]
### Progress: 309211/309212 events | Elapsed time: 27043.1s [2025-02-28T22:53:54.690Z]
### Progress: 309211/309212 events | Elapsed time: 27048.2s [2025-02-28T22:53:59.707Z]
### Progress: 309211/309212 events | Elapsed time: 27053.2s [2025-02-28T22:54:04.725Z]
### Progress: 309211/309212 events | Elapsed time: 27058.2s [2025-02-28T22:54:09.743Z]
### Progress: 309211/309212 events | Elapsed time: 27063.1s [2025-02-28T22:54:14.658Z]
### Progress: 309211/309212 events | Elapsed time: 27068.1s [2025-02-28T22:54:19.676Z]
### Progress: 309211/309212 events | Elapsed time: 27073.1s [2025-02-28T22:54:24.649Z]
### Progress: 309211/309212 events | Elapsed time: 27078.2s [2025-02-28T22:54:29.712Z]
### Progress: 309211/309212 events | Elapsed time: 27083.2s [2025-02-28T22:54:34.729Z]
### Progress: 309211/309212 events | Elapsed time: 27088.2s [2025-02-28T22:54:39.747Z]
### Progress: 309211/309212 events | Elapsed time: 27093.2s [2025-02-28T22:54:44.765Z]
### Progress: 309211/309212 events | Elapsed time: 27098.2s [2025-02-28T22:54:49.783Z]
### Progress: 309211/309212 events | Elapsed time: 27103.2s [2025-02-28T22:54:54.699Z]
### Progress: 309211/309212 events | Elapsed time: 27108.1s [2025-02-28T22:54:59.688Z]
### Progress: 309211/309212 events | Elapsed time: 27113.2s [2025-02-28T22:55:04.734Z]
### Progress: 309211/309212 events | Elapsed time: 27118.2s [2025-02-28T22:55:09.699Z]
### Progress: 309211/309212 events | Elapsed time: 27123.2s [2025-02-28T22:55:14.769Z]
### Progress: 309211/309212 events | Elapsed time: 27128.2s [2025-02-28T22:55:19.789Z]
### Progress: 309211/309212 events | Elapsed time: 27133.3s [2025-02-28T22:55:24.806Z]
### Progress: 309211/309212 events | Elapsed time: 27138.3s [2025-02-28T22:55:29.823Z]
### Progress: 309211/309212 events | Elapsed time: 27143.3s [2025-02-28T22:55:34.841Z]
### Progress: 309211/309212 events | Elapsed time: 27148.2s [2025-02-28T22:55:39.756Z]
### Progress: 309211/309212 events | Elapsed time: 27153.2s [2025-02-28T22:55:44.774Z]
### Progress: 309211/309212 events | Elapsed time: 27158.2s [2025-02-28T22:55:49.793Z]
### Progress: 309211/309212 events | Elapsed time: 27163.3s [2025-02-28T22:55:54.809Z]
### Progress: 309211/309212 events | Elapsed time: 27168.3s [2025-02-28T22:55:59.827Z]
### Progress: 309211/309212 events | Elapsed time: 27173.3s [2025-02-28T22:56:04.846Z]
### Progress: 309211/309212 events | Elapsed time: 27178.3s [2025-02-28T22:56:09.879Z]
### Progress: 309211/309212 events | Elapsed time: 27183.2s [2025-02-28T22:56:14.768Z]
### Progress: 309211/309212 events | Elapsed time: 27188.3s [2025-02-28T22:56:19.796Z]
### Progress: 309211/309212 events | Elapsed time: 27193.3s [2025-02-28T22:56:24.813Z]
### Progress: 309211/309212 events | Elapsed time: 27198.3s [2025-02-28T22:56:29.833Z]
### Progress: 309211/309212 events | Elapsed time: 27203.4s [2025-02-28T22:56:34.951Z]
### Progress: 309211/309212 events | Elapsed time: 27208.3s [2025-02-28T22:56:39.869Z]
### Progress: 309211/309212 events | Elapsed time: 27213.3s [2025-02-28T22:56:44.884Z]
### Progress: 309211/309212 events | Elapsed time: 27218.4s [2025-02-28T22:56:49.902Z]
### Progress: 309211/309212 events | Elapsed time: 27223.4s [2025-02-28T22:56:54.920Z]
### Progress: 309211/309212 events | Elapsed time: 27228.3s [2025-02-28T22:56:59.836Z]
### Progress: 309211/309212 events | Elapsed time: 27233.3s [2025-02-28T22:57:04.853Z]
### Progress: 309211/309212 events | Elapsed time: 27238.3s [2025-02-28T22:57:09.871Z]
### Progress: 309211/309212 events | Elapsed time: 27243.3s [2025-02-28T22:57:14.888Z]
### Progress: 309211/309212 events | Elapsed time: 27248.4s [2025-02-28T22:57:19.908Z]
### Progress: 309211/309212 events | Elapsed time: 27253.4s [2025-02-28T22:57:24.924Z]
### Progress: 309211/309212 events | Elapsed time: 27258.4s [2025-02-28T22:57:29.942Z]
### Progress: 309211/309212 events | Elapsed time: 27263.4s [2025-02-28T22:57:34.959Z]
### Progress: 309211/309212 events | Elapsed time: 27268.3s [2025-02-28T22:57:39.875Z]
### Progress: 309211/309212 events | Elapsed time: 27273.3s [2025-02-28T22:57:44.895Z]
### Progress: 309211/309212 events | Elapsed time: 27278.4s [2025-02-28T22:57:49.910Z]
### Progress: 309211/309212 events | Elapsed time: 27283.5s [2025-02-28T22:57:55.030Z]
### Progress: 309211/309212 events | Elapsed time: 27288.4s [2025-02-28T22:57:59.962Z]
### Progress: 309211/309212 events | Elapsed time: 27293.4s [2025-02-28T22:58:04.963Z]
### Progress: 309211/309212 events | Elapsed time: 27298.4s [2025-02-28T22:58:09.981Z]
### Progress: 309211/309212 events | Elapsed time: 27303.5s [2025-02-28T22:58:14.999Z]
### Progress: 309211/309212 events | Elapsed time: 27308.5s [2025-02-28T22:58:20.017Z]
### Progress: 309211/309212 events | Elapsed time: 27313.4s [2025-02-28T22:58:24.932Z]
### Progress: 309211/309212 events | Elapsed time: 27318.4s [2025-02-28T22:58:29.949Z]
### Progress: 309211/309212 events | Elapsed time: 27323.4s [2025-02-28T22:58:34.968Z]
### Progress: 309211/309212 events | Elapsed time: 27328.4s [2025-02-28T22:58:39.985Z]
### Progress: 309211/309212 events | Elapsed time: 27333.5s [2025-02-28T22:58:45.003Z]
### Progress: 309211/309212 events | Elapsed time: 27338.5s [2025-02-28T22:58:50.021Z]
### Progress: 309211/309212 events | Elapsed time: 27343.5s [2025-02-28T22:58:55.042Z]
### Progress: 309211/309212 events | Elapsed time: 27348.5s [2025-02-28T22:59:00.056Z]
### Progress: 309211/309212 events | Elapsed time: 27353.4s [2025-02-28T22:59:04.972Z]
### Progress: 309211/309212 events | Elapsed time: 27358.4s [2025-02-28T22:59:09.990Z]
### Progress: 309211/309212 events | Elapsed time: 27363.4s [2025-02-28T22:59:14.967Z]
### Progress: 309211/309212 events | Elapsed time: 27368.5s [2025-02-28T22:59:20.025Z]
### Progress: 309211/309212 events | Elapsed time: 27373.5s [2025-02-28T22:59:25.043Z]
### Progress: 309211/309212 events | Elapsed time: 27378.5s [2025-02-28T22:59:30.064Z]
### Progress: 309211/309212 events | Elapsed time: 27383.5s [2025-02-28T22:59:35.078Z]
### Progress: 309211/309212 events | Elapsed time: 27388.6s [2025-02-28T22:59:40.096Z]
### Progress: 309211/309212 events | Elapsed time: 27393.5s [2025-02-28T22:59:45.011Z]
### Progress: 309211/309212 events | Elapsed time: 27398.5s [2025-02-28T22:59:50.029Z]
### Progress: 309211/309212 events | Elapsed time: 27403.5s [2025-02-28T22:59:55.047Z]
### Progress: 309211/309212 events | Elapsed time: 27408.5s [2025-02-28T23:00:00.065Z]
### Progress: 309211/309212 events | Elapsed time: 27413.5s [2025-02-28T23:00:05.082Z]
### Progress: 309211/309212 events | Elapsed time: 27418.6s [2025-02-28T23:00:10.100Z]
### Progress: 309211/309212 events | Elapsed time: 27423.6s [2025-02-28T23:00:15.118Z]
### Progress: 309211/309212 events | Elapsed time: 27428.6s [2025-02-28T23:00:20.137Z]
### Progress: 309211/309212 events | Elapsed time: 27433.6s [2025-02-28T23:00:25.153Z]
### Progress: 309211/309212 events | Elapsed time: 27438.5s [2025-02-28T23:00:30.069Z]
### Progress: 309211/309212 events | Elapsed time: 27443.5s [2025-02-28T23:00:35.086Z]
### Progress: 309211/309212 events | Elapsed time: 27448.6s [2025-02-28T23:00:40.104Z]
### Progress: 309211/309212 events | Elapsed time: 27453.5s [2025-02-28T23:00:45.064Z]
### Progress: 309211/309212 events | Elapsed time: 27458.6s [2025-02-28T23:00:50.140Z]
### Progress: 309211/309212 events | Elapsed time: 27463.6s [2025-02-28T23:00:55.157Z]
### Progress: 309211/309212 events | Elapsed time: 27468.6s [2025-02-28T23:01:00.179Z]
### Progress: 309211/309212 events | Elapsed time: 27473.6s [2025-02-28T23:01:05.193Z]
### Progress: 309211/309212 events | Elapsed time: 27478.6s [2025-02-28T23:01:10.108Z]
### Progress: 309211/309212 events | Elapsed time: 27483.6s [2025-02-28T23:01:15.126Z]
### Progress: 309211/309212 events | Elapsed time: 27488.6s [2025-02-28T23:01:20.143Z]
### Progress: 309211/309212 events | Elapsed time: 27493.6s [2025-02-28T23:01:25.162Z]
### Progress: 309211/309212 events | Elapsed time: 27498.6s [2025-02-28T23:01:30.179Z]
### Progress: 309211/309212 events | Elapsed time: 27503.7s [2025-02-28T23:01:35.197Z]
### Progress: 309211/309212 events | Elapsed time: 27508.7s [2025-02-28T23:01:40.214Z]
### Progress: 309211/309212 events | Elapsed time: 27513.7s [2025-02-28T23:01:45.232Z]
### Progress: 309211/309212 events | Elapsed time: 27518.6s [2025-02-28T23:01:50.148Z]
### Progress: 309211/309212 events | Elapsed time: 27523.6s [2025-02-28T23:01:55.165Z]
### Progress: 309211/309212 events | Elapsed time: 27528.6s [2025-02-28T23:02:00.183Z]
### Progress: 309211/309212 events | Elapsed time: 27533.7s [2025-02-28T23:02:05.200Z]
### Progress: 309211/309212 events | Elapsed time: 27538.9s [2025-02-28T23:02:10.435Z]
### Progress: 309211/309212 events | Elapsed time: 27543.6s [2025-02-28T23:02:15.172Z]
### Progress: 309211/309212 events | Elapsed time: 27548.7s [2025-02-28T23:02:20.254Z]
### Progress: 309211/309212 events | Elapsed time: 27553.7s [2025-02-28T23:02:25.271Z]
### Progress: 309211/309212 events | Elapsed time: 27558.6s [2025-02-28T23:02:30.190Z]
### Progress: 309211/309212 events | Elapsed time: 27563.7s [2025-02-28T23:02:35.205Z]
### Progress: 309211/309212 events | Elapsed time: 27568.7s [2025-02-28T23:02:40.222Z]
### Progress: 309211/309212 events | Elapsed time: 27573.7s [2025-02-28T23:02:45.240Z]
### Progress: 309211/309212 events | Elapsed time: 27578.7s [2025-02-28T23:02:50.258Z]
### Progress: 309211/309212 events | Elapsed time: 27583.7s [2025-02-28T23:02:55.278Z]
### Progress: 309211/309212 events | Elapsed time: 27588.7s [2025-02-28T23:03:00.293Z]
### Progress: 309211/309212 events | Elapsed time: 27593.7s [2025-02-28T23:03:05.212Z]
### Progress: 309211/309212 events | Elapsed time: 27598.7s [2025-02-28T23:03:10.226Z]
### Progress: 309211/309212 events | Elapsed time: 27603.7s [2025-02-28T23:03:15.244Z]
### Progress: 309211/309212 events | Elapsed time: 27608.7s [2025-02-28T23:03:20.263Z]
### Progress: 309211/309212 events | Elapsed time: 27613.7s [2025-02-28T23:03:25.279Z]
### Progress: 309211/309212 events | Elapsed time: 27618.8s [2025-02-28T23:03:30.297Z]
### Progress: 309211/309212 events | Elapsed time: 27623.8s [2025-02-28T23:03:35.315Z]
### Progress: 309211/309212 events | Elapsed time: 27628.8s [2025-02-28T23:03:40.332Z]
### Progress: 309211/309212 events | Elapsed time: 27633.8s [2025-02-28T23:03:45.350Z]
### Progress: 309211/309212 events | Elapsed time: 27638.7s [2025-02-28T23:03:50.266Z]
### Progress: 309211/309212 events | Elapsed time: 27643.7s [2025-02-28T23:03:55.283Z]
### Progress: 309211/309212 events | Elapsed time: 27648.8s [2025-02-28T23:04:00.301Z]
### Progress: 309211/309212 events | Elapsed time: 27653.8s [2025-02-28T23:04:05.319Z]
### Progress: 309211/309212 events | Elapsed time: 27658.8s [2025-02-28T23:04:10.336Z]
### Progress: 309211/309212 events | Elapsed time: 27663.8s [2025-02-28T23:04:15.354Z]
### Progress: 309211/309212 events | Elapsed time: 27668.8s [2025-02-28T23:04:20.372Z]
### Progress: 309211/309212 events | Elapsed time: 27673.8s [2025-02-28T23:04:25.390Z]
### Progress: 309211/309212 events | Elapsed time: 27678.8s [2025-02-28T23:04:30.305Z]
### Progress: 309211/309212 events | Elapsed time: 27683.8s [2025-02-28T23:04:35.322Z]
### Progress: 309211/309212 events | Elapsed time: 27688.8s [2025-02-28T23:04:40.342Z]
### Progress: 309211/309212 events | Elapsed time: 27693.8s [2025-02-28T23:04:45.358Z]
### Progress: 309211/309212 events | Elapsed time: 27698.8s [2025-02-28T23:04:50.375Z]
### Progress: 309211/309212 events | Elapsed time: 27703.8s [2025-02-28T23:04:55.393Z]
### Progress: 309211/309212 events | Elapsed time: 27708.9s [2025-02-28T23:05:00.411Z]
### Progress: 309211/309212 events | Elapsed time: 27713.9s [2025-02-28T23:05:05.430Z]
### Progress: 309211/309212 events | Elapsed time: 27718.9s [2025-02-28T23:05:10.447Z]
### Progress: 309211/309212 events | Elapsed time: 27723.8s [2025-02-28T23:05:15.362Z]
### Progress: 309211/309212 events | Elapsed time: 27728.8s [2025-02-28T23:05:20.380Z]
### Progress: 309211/309212 events | Elapsed time: 27733.9s [2025-02-28T23:05:25.398Z]
### Progress: 309211/309212 events | Elapsed time: 27738.9s [2025-02-28T23:05:30.415Z]
### Progress: 309211/309212 events | Elapsed time: 27743.9s [2025-02-28T23:05:35.432Z]
### Progress: 309211/309212 events | Elapsed time: 27748.9s [2025-02-28T23:05:40.450Z]
### Progress: 309211/309212 events | Elapsed time: 27753.9s [2025-02-28T23:05:45.468Z]
### Progress: 309211/309212 events | Elapsed time: 27758.9s [2025-02-28T23:05:50.485Z]
### Progress: 309211/309212 events | Elapsed time: 27763.9s [2025-02-28T23:05:55.401Z]
### Progress: 309211/309212 events | Elapsed time: 27768.9s [2025-02-28T23:06:00.420Z]
### Progress: 309211/309212 events | Elapsed time: 27773.9s [2025-02-28T23:06:05.437Z]
### Progress: 309211/309212 events | Elapsed time: 27778.9s [2025-02-28T23:06:10.454Z]
### Progress: 309211/309212 events | Elapsed time: 27783.9s [2025-02-28T23:06:15.472Z]
### Progress: 309211/309212 events | Elapsed time: 27788.9s [2025-02-28T23:06:20.490Z]
### Progress: 309211/309212 events | Elapsed time: 27794.0s [2025-02-28T23:06:25.507Z]
### Progress: 309211/309212 events | Elapsed time: 27799.0s [2025-02-28T23:06:30.525Z]
### Progress: 309211/309212 events | Elapsed time: 27803.9s [2025-02-28T23:06:35.440Z]
### Progress: 309211/309212 events | Elapsed time: 27808.9s [2025-02-28T23:06:40.460Z]
### Progress: 309211/309212 events | Elapsed time: 27813.9s [2025-02-28T23:06:45.476Z]
### Progress: 309211/309212 events | Elapsed time: 27818.9s [2025-02-28T23:06:50.494Z]
### Progress: 309211/309212 events | Elapsed time: 27824.0s [2025-02-28T23:06:55.511Z]
### Progress: 309211/309212 events | Elapsed time: 27829.0s [2025-02-28T23:07:00.529Z]
### Progress: 309211/309212 events | Elapsed time: 27834.0s [2025-02-28T23:07:05.547Z]
### Progress: 309211/309212 events | Elapsed time: 27839.0s [2025-02-28T23:07:10.565Z]
### Progress: 309211/309212 events | Elapsed time: 27844.0s [2025-02-28T23:07:15.582Z]
### Progress: 309211/309212 events | Elapsed time: 27849.0s [2025-02-28T23:07:20.498Z]
### Progress: 309211/309212 events | Elapsed time: 27854.0s [2025-02-28T23:07:25.515Z]
### Progress: 309211/309212 events | Elapsed time: 27859.0s [2025-02-28T23:07:30.533Z]
### Progress: 309211/309212 events | Elapsed time: 27864.0s [2025-02-28T23:07:35.551Z]
### Progress: 309211/309212 events | Elapsed time: 27869.0s [2025-02-28T23:07:40.568Z]
### Progress: 309211/309212 events | Elapsed time: 27874.0s [2025-02-28T23:07:45.586Z]
### Progress: 309211/309212 events | Elapsed time: 27879.1s [2025-02-28T23:07:50.604Z]
### Progress: 309211/309212 events | Elapsed time: 27884.1s [2025-02-28T23:07:55.621Z]
### Progress: 309211/309212 events | Elapsed time: 27889.0s [2025-02-28T23:08:00.537Z]
### Progress: 309211/309212 events | Elapsed time: 27894.0s [2025-02-28T23:08:05.555Z]
### Progress: 309211/309212 events | Elapsed time: 27899.0s [2025-02-28T23:08:10.572Z]
### Progress: 309211/309212 events | Elapsed time: 27904.0s [2025-02-28T23:08:15.537Z]
### Progress: 309211/309212 events | Elapsed time: 27909.1s [2025-02-28T23:08:20.608Z]
### Progress: 309211/309212 events | Elapsed time: 27914.1s [2025-02-28T23:08:25.626Z]
### Progress: 309211/309212 events | Elapsed time: 27919.1s [2025-02-28T23:08:30.643Z]
### Progress: 309211/309212 events | Elapsed time: 27924.1s [2025-02-28T23:08:35.661Z]
### Progress: 309211/309212 events | Elapsed time: 27929.0s [2025-02-28T23:08:40.575Z]
### Progress: 309211/309212 events | Elapsed time: 27934.0s [2025-02-28T23:08:45.594Z]
### Progress: 309211/309212 events | Elapsed time: 27939.1s [2025-02-28T23:08:50.611Z]
### Progress: 309211/309212 events | Elapsed time: 27944.1s [2025-02-28T23:08:55.629Z]
### Progress: 309211/309212 events | Elapsed time: 27949.1s [2025-02-28T23:09:00.647Z]
### Progress: 309211/309212 events | Elapsed time: 27954.1s [2025-02-28T23:09:05.665Z]
### Progress: 309211/309212 events | Elapsed time: 27959.1s [2025-02-28T23:09:10.687Z]
### Progress: 309211/309212 events | Elapsed time: 27964.2s [2025-02-28T23:09:15.700Z]
### Progress: 309211/309212 events | Elapsed time: 27969.3s [2025-02-28T23:09:20.820Z]
### Progress: 309211/309212 events | Elapsed time: 27974.1s [2025-02-28T23:09:25.633Z]
### Progress: 309211/309212 events | Elapsed time: 27979.1s [2025-02-28T23:09:30.651Z]
### Progress: 309211/309212 events | Elapsed time: 27984.1s [2025-02-28T23:09:35.668Z]
### Progress: 309211/309212 events | Elapsed time: 27989.1s [2025-02-28T23:09:40.693Z]
### Progress: 309211/309212 events | Elapsed time: 27994.2s [2025-02-28T23:09:45.704Z]
### Progress: 309211/309212 events | Elapsed time: 27999.2s [2025-02-28T23:09:50.729Z]
### Progress: 309211/309212 events | Elapsed time: 28004.2s [2025-02-28T23:09:55.739Z]
### Progress: 309211/309212 events | Elapsed time: 28009.2s [2025-02-28T23:10:00.757Z]
### Progress: 309211/309212 events | Elapsed time: 28014.1s [2025-02-28T23:10:05.672Z]
### Progress: 309211/309212 events | Elapsed time: 28019.1s [2025-02-28T23:10:10.692Z]
### Progress: 309211/309212 events | Elapsed time: 28024.2s [2025-02-28T23:10:15.707Z]
### Progress: 309211/309212 events | Elapsed time: 28029.3s [2025-02-28T23:10:20.827Z]
### Progress: 309211/309212 events | Elapsed time: 28034.2s [2025-02-28T23:10:25.743Z]
### Progress: 309211/309212 events | Elapsed time: 28039.2s [2025-02-28T23:10:30.760Z]
### Progress: 309211/309212 events | Elapsed time: 28044.1s [2025-02-28T23:10:35.689Z]
### Progress: 309211/309212 events | Elapsed time: 28049.4s [2025-02-28T23:10:40.898Z]
### Progress: 309211/309212 events | Elapsed time: 28054.2s [2025-02-28T23:10:45.711Z]
### Progress: 309211/309212 events | Elapsed time: 28059.3s [2025-02-28T23:10:50.831Z]
### Progress: 309211/309212 events | Elapsed time: 28064.2s [2025-02-28T23:10:55.747Z]
### Progress: 309211/309212 events | Elapsed time: 28069.2s [2025-02-28T23:11:00.764Z]
### Progress: 309211/309212 events | Elapsed time: 28074.2s [2025-02-28T23:11:05.785Z]
### Progress: 309211/309212 events | Elapsed time: 28079.3s [2025-02-28T23:11:10.800Z]
### Progress: 309211/309212 events | Elapsed time: 28084.3s [2025-02-28T23:11:15.817Z]
### Progress: 309211/309212 events | Elapsed time: 28089.3s [2025-02-28T23:11:20.835Z]
### Progress: 309211/309212 events | Elapsed time: 28094.3s [2025-02-28T23:11:25.853Z]
### Progress: 309211/309212 events | Elapsed time: 28099.3s [2025-02-28T23:11:30.871Z]
### Progress: 309211/309212 events | Elapsed time: 28104.2s [2025-02-28T23:11:35.787Z]
### Progress: 309211/309212 events | Elapsed time: 28109.4s [2025-02-28T23:11:40.906Z]
### Progress: 309211/309212 events | Elapsed time: 28114.3s [2025-02-28T23:11:45.822Z]
### Progress: 309211/309212 events | Elapsed time: 28119.3s [2025-02-28T23:11:50.839Z]
### Progress: 309211/309212 events | Elapsed time: 28124.3s [2025-02-28T23:11:55.857Z]
### Progress: 309211/309212 events | Elapsed time: 28129.3s [2025-02-28T23:12:00.874Z]
### Progress: 309211/309212 events | Elapsed time: 28134.3s [2025-02-28T23:12:05.892Z]
### Progress: 309211/309212 events | Elapsed time: 28139.3s [2025-02-28T23:12:10.807Z]
### Progress: 309211/309212 events | Elapsed time: 28144.4s [2025-02-28T23:12:15.928Z]
### Progress: 309211/309212 events | Elapsed time: 28149.3s [2025-02-28T23:12:20.843Z]
### Progress: 309211/309212 events | Elapsed time: 28154.3s [2025-02-28T23:12:25.861Z]
### Progress: 309211/309212 events | Elapsed time: 28159.3s [2025-02-28T23:12:30.878Z]
### Progress: 309211/309212 events | Elapsed time: 28164.4s [2025-02-28T23:12:35.896Z]
### Progress: 309211/309212 events | Elapsed time: 28169.4s [2025-02-28T23:12:40.914Z]
### Progress: 309211/309212 events | Elapsed time: 28174.4s [2025-02-28T23:12:45.931Z]
### Progress: 309211/309212 events | Elapsed time: 28179.3s [2025-02-28T23:12:50.847Z]
### Progress: 309211/309212 events | Elapsed time: 28184.3s [2025-02-28T23:12:55.864Z]
### Progress: 309211/309212 events | Elapsed time: 28189.3s [2025-02-28T23:13:00.882Z]
### Progress: 309211/309212 events | Elapsed time: 28194.4s [2025-02-28T23:13:05.900Z]
### Progress: 309211/309212 events | Elapsed time: 28199.4s [2025-02-28T23:13:10.917Z]
### Progress: 309211/309212 events | Elapsed time: 28204.4s [2025-02-28T23:13:15.935Z]
### Progress: 309211/309212 events | Elapsed time: 28209.4s [2025-02-28T23:13:20.953Z]
### Progress: 309211/309212 events | Elapsed time: 28214.4s [2025-02-28T23:13:25.970Z]
### Progress: 309211/309212 events | Elapsed time: 28219.3s [2025-02-28T23:13:30.886Z]
### Progress: 309211/309212 events | Elapsed time: 28224.4s [2025-02-28T23:13:35.903Z]
### Progress: 309211/309212 events | Elapsed time: 28229.4s [2025-02-28T23:13:40.921Z]
### Progress: 309211/309212 events | Elapsed time: 28234.4s [2025-02-28T23:13:45.939Z]
### Progress: 309211/309212 events | Elapsed time: 28239.4s [2025-02-28T23:13:50.957Z]
### Progress: 309211/309212 events | Elapsed time: 28244.4s [2025-02-28T23:13:55.974Z]
### Progress: 309211/309212 events | Elapsed time: 28249.4s [2025-02-28T23:14:00.992Z]
### Progress: 309211/309212 events | Elapsed time: 28254.5s [2025-02-28T23:14:06.010Z]
### Progress: 309211/309212 events | Elapsed time: 28259.4s [2025-02-28T23:14:10.925Z]
### Progress: 309211/309212 events | Elapsed time: 28264.4s [2025-02-28T23:14:15.943Z]
### Progress: 309211/309212 events | Elapsed time: 28269.4s [2025-02-28T23:14:20.960Z]
### Progress: 309211/309212 events | Elapsed time: 28274.4s [2025-02-28T23:14:25.978Z]
### Progress: 309211/309212 events | Elapsed time: 28279.5s [2025-02-28T23:14:30.996Z]
### Progress: 309211/309212 events | Elapsed time: 28284.5s [2025-02-28T23:14:36.013Z]
### Progress: 309211/309212 events | Elapsed time: 28289.4s [2025-02-28T23:14:40.980Z]
### Progress: 309211/309212 events | Elapsed time: 28294.5s [2025-02-28T23:14:46.049Z]
### Progress: 309211/309212 events | Elapsed time: 28299.5s [2025-02-28T23:14:51.066Z]
### Progress: 309211/309212 events | Elapsed time: 28304.4s [2025-02-28T23:14:55.981Z]
### Progress: 309211/309212 events | Elapsed time: 28309.5s [2025-02-28T23:15:00.999Z]
### Progress: 309211/309212 events | Elapsed time: 28314.5s [2025-02-28T23:15:06.017Z]
### Progress: 309211/309212 events | Elapsed time: 28319.5s [2025-02-28T23:15:11.034Z]
### Progress: 309211/309212 events | Elapsed time: 28324.5s [2025-02-28T23:15:16.052Z]
### Progress: 309211/309212 events | Elapsed time: 28329.5s [2025-02-28T23:15:21.070Z]
### Progress: 309211/309212 events | Elapsed time: 28334.5s [2025-02-28T23:15:26.088Z]
### Progress: 309211/309212 events | Elapsed time: 28339.6s [2025-02-28T23:15:31.106Z]
### Progress: 309211/309212 events | Elapsed time: 28344.5s [2025-02-28T23:15:36.021Z]
### Progress: 309211/309212 events | Elapsed time: 28349.5s [2025-02-28T23:15:41.039Z]
### Progress: 309211/309212 events | Elapsed time: 28354.5s [2025-02-28T23:15:46.056Z]
### Progress: 309211/309212 events | Elapsed time: 28359.5s [2025-02-28T23:15:51.074Z]
### Progress: 309211/309212 events | Elapsed time: 28364.5s [2025-02-28T23:15:56.091Z]
### Progress: 309211/309212 events | Elapsed time: 28369.6s [2025-02-28T23:16:01.109Z]
### Progress: 309211/309212 events | Elapsed time: 28374.6s [2025-02-28T23:16:06.127Z]
### Progress: 309211/309212 events | Elapsed time: 28379.6s [2025-02-28T23:16:11.144Z]
### Progress: 309211/309212 events | Elapsed time: 28384.5s [2025-02-28T23:16:16.060Z]
### Progress: 309211/309212 events | Elapsed time: 28389.5s [2025-02-28T23:16:21.077Z]
### Progress: 309211/309212 events | Elapsed time: 28394.5s [2025-02-28T23:16:26.095Z]
### Progress: 309211/309212 events | Elapsed time: 28399.6s [2025-02-28T23:16:31.113Z]
### Progress: 309211/309212 events | Elapsed time: 28404.6s [2025-02-28T23:16:36.130Z]
### Progress: 309211/309212 events | Elapsed time: 28409.6s [2025-02-28T23:16:41.148Z]
### Progress: 309211/309212 events | Elapsed time: 28414.6s [2025-02-28T23:16:46.166Z]
### Progress: 309211/309212 events | Elapsed time: 28419.6s [2025-02-28T23:16:51.184Z]
### Progress: 309211/309212 events | Elapsed time: 28424.6s [2025-02-28T23:16:56.100Z]
### Progress: 309211/309212 events | Elapsed time: 28429.7s [2025-02-28T23:17:01.220Z]
### Progress: 309211/309212 events | Elapsed time: 28434.6s [2025-02-28T23:17:06.136Z]
### Progress: 309211/309212 events | Elapsed time: 28439.6s [2025-02-28T23:17:11.154Z]
### Progress: 309211/309212 events | Elapsed time: 28444.6s [2025-02-28T23:17:16.172Z]
### Progress: 309211/309212 events | Elapsed time: 28449.6s [2025-02-28T23:17:21.116Z]
### Progress: 309211/309212 events | Elapsed time: 28454.6s [2025-02-28T23:17:26.122Z]
### Progress: 309211/309212 events | Elapsed time: 28459.7s [2025-02-28T23:17:31.227Z]
### Progress: 309211/309212 events | Elapsed time: 28464.6s [2025-02-28T23:17:36.143Z]
### Progress: 309211/309212 events | Elapsed time: 28469.6s [2025-02-28T23:17:41.161Z]
### Progress: 309211/309212 events | Elapsed time: 28474.6s [2025-02-28T23:17:46.181Z]
### Progress: 309211/309212 events | Elapsed time: 28479.7s [2025-02-28T23:17:51.199Z]
### Progress: 309211/309212 events | Elapsed time: 28484.6s [2025-02-28T23:17:56.149Z]
### Progress: 309211/309212 events | Elapsed time: 28489.7s [2025-02-28T23:18:01.233Z]
### Progress: 309211/309212 events | Elapsed time: 28494.7s [2025-02-28T23:18:06.253Z]
### Progress: 309211/309212 events | Elapsed time: 28499.7s [2025-02-28T23:18:11.271Z]
### Progress: 309211/309212 events | Elapsed time: 28504.6s [2025-02-28T23:18:16.187Z]
### Progress: 309211/309212 events | Elapsed time: 28509.6s [2025-02-28T23:18:21.174Z]
### Progress: 309211/309212 events | Elapsed time: 28514.6s [2025-02-28T23:18:26.180Z]
### Progress: 309211/309212 events | Elapsed time: 28519.7s [2025-02-28T23:18:31.241Z]
### Progress: 309211/309212 events | Elapsed time: 28524.7s [2025-02-28T23:18:36.259Z]
### Progress: 309211/309212 events | Elapsed time: 28529.7s [2025-02-28T23:18:41.277Z]
### Progress: 309211/309212 events | Elapsed time: 28534.8s [2025-02-28T23:18:46.300Z]
### Progress: 309211/309212 events | Elapsed time: 28539.8s [2025-02-28T23:18:51.313Z]
### Progress: 309211/309212 events | Elapsed time: 28544.7s [2025-02-28T23:18:56.229Z]
### Progress: 309211/309212 events | Elapsed time: 28549.7s [2025-02-28T23:19:01.247Z]
### Progress: 309211/309212 events | Elapsed time: 28554.7s [2025-02-28T23:19:06.264Z]
### Progress: 309211/309212 events | Elapsed time: 28559.7s [2025-02-28T23:19:11.282Z]
### Progress: 309211/309212 events | Elapsed time: 28564.8s [2025-02-28T23:19:16.302Z]
### Progress: 309211/309212 events | Elapsed time: 28569.8s [2025-02-28T23:19:21.319Z]
### Progress: 309211/309212 events | Elapsed time: 28574.8s [2025-02-28T23:19:26.337Z]
### Progress: 309211/309212 events | Elapsed time: 28579.8s [2025-02-28T23:19:31.355Z]
### Progress: 309211/309212 events | Elapsed time: 28584.7s [2025-02-28T23:19:36.271Z]
### Progress: 309211/309212 events | Elapsed time: 28589.7s [2025-02-28T23:19:41.289Z]
### Progress: 309211/309212 events | Elapsed time: 28594.8s [2025-02-28T23:19:46.305Z]
### Progress: 309211/309212 events | Elapsed time: 28599.8s [2025-02-28T23:19:51.325Z]
### Progress: 309211/309212 events | Elapsed time: 28604.8s [2025-02-28T23:19:56.342Z]
### Progress: 309211/309212 events | Elapsed time: 28609.8s [2025-02-28T23:20:01.361Z]
### Progress: 309211/309212 events | Elapsed time: 28614.8s [2025-02-28T23:20:06.379Z]
### Progress: 309211/309212 events | Elapsed time: 28619.7s [2025-02-28T23:20:11.294Z]
### Progress: 309211/309212 events | Elapsed time: 28624.8s [2025-02-28T23:20:16.312Z]
### Progress: 309211/309212 events | Elapsed time: 28629.8s [2025-02-28T23:20:21.330Z]
### Progress: 309211/309212 events | Elapsed time: 28634.8s [2025-02-28T23:20:26.299Z]
### Progress: 309211/309212 events | Elapsed time: 28639.8s [2025-02-28T23:20:31.307Z]
### Progress: 309211/309212 events | Elapsed time: 28644.8s [2025-02-28T23:20:36.310Z]
### Progress: 309211/309212 events | Elapsed time: 28649.8s [2025-02-28T23:20:41.316Z]
### Progress: 309211/309212 events | Elapsed time: 28654.9s [2025-02-28T23:20:46.422Z]
### Progress: 309211/309212 events | Elapsed time: 28659.8s [2025-02-28T23:20:51.337Z]
### Progress: 309211/309212 events | Elapsed time: 28664.8s [2025-02-28T23:20:56.355Z]
### Progress: 309211/309212 events | Elapsed time: 28669.8s [2025-02-28T23:21:01.334Z]
### Progress: 309211/309212 events | Elapsed time: 28674.8s [2025-02-28T23:21:06.390Z]
### Progress: 309211/309212 events | Elapsed time: 28679.9s [2025-02-28T23:21:11.408Z]
### Progress: 309211/309212 events | Elapsed time: 28684.9s [2025-02-28T23:21:16.426Z]
### Progress: 309211/309212 events | Elapsed time: 28689.9s [2025-02-28T23:21:21.443Z]
### Progress: 309211/309212 events | Elapsed time: 28694.9s [2025-02-28T23:21:26.461Z]
### Progress: 309211/309212 events | Elapsed time: 28699.8s [2025-02-28T23:21:31.377Z]
### Progress: 309211/309212 events | Elapsed time: 28704.8s [2025-02-28T23:21:36.377Z]
### Progress: 309211/309212 events | Elapsed time: 28709.9s [2025-02-28T23:21:41.413Z]
### Progress: 309211/309212 events | Elapsed time: 28714.9s [2025-02-28T23:21:46.431Z]
### Progress: 309211/309212 events | Elapsed time: 28719.9s [2025-02-28T23:21:51.449Z]
### Progress: 309211/309212 events | Elapsed time: 28724.9s [2025-02-28T23:21:56.474Z]
### Progress: 309211/309212 events | Elapsed time: 28729.8s [2025-02-28T23:22:01.394Z]
### Progress: 309211/309212 events | Elapsed time: 28734.9s [2025-02-28T23:22:06.415Z]
### Progress: 309211/309212 events | Elapsed time: 28739.9s [2025-02-28T23:22:11.403Z]
### Progress: 309211/309212 events | Elapsed time: 28744.9s [2025-02-28T23:22:16.435Z]
### Progress: 309211/309212 events | Elapsed time: 28749.9s [2025-02-28T23:22:21.453Z]
### Progress: 309211/309212 events | Elapsed time: 28754.9s [2025-02-28T23:22:26.421Z]
### Progress: 309211/309212 events | Elapsed time: 28760.9s [2025-02-28T23:22:32.411Z]
### Progress: 309211/309212 events | Elapsed time: 28765.4s [2025-02-28T23:22:36.917Z]
### Progress: 309211/309212 events | Elapsed time: 28770.4s [2025-02-28T23:22:41.934Z]
### Progress: 309211/309212 events | Elapsed time: 28775.4s [2025-02-28T23:22:46.953Z]
### Progress: 309211/309212 events | Elapsed time: 28779.9s [2025-02-28T23:22:51.459Z]
### Progress: 309211/309212 events | Elapsed time: 28784.9s [2025-02-28T23:22:56.476Z]
### Progress: 309211/309212 events | Elapsed time: 28789.9s [2025-02-28T23:23:01.494Z]
### Progress: 309211/309212 events | Elapsed time: 28794.9s [2025-02-28T23:23:06.461Z]
### Progress: 309211/309212 events | Elapsed time: 28800.5s [2025-02-28T23:23:12.043Z]
### Progress: 309211/309212 events | Elapsed time: 28805.5s [2025-02-28T23:23:17.061Z]
### Progress: 309211/309212 events | Elapsed time: 28811.9s [2025-02-28T23:23:23.444Z]
### Progress: 309211/309212 events | Elapsed time: 28815.0s [2025-02-28T23:23:26.532Z]
### Progress: 309211/309212 events | Elapsed time: 28820.9s [2025-02-28T23:23:32.458Z]
### Progress: 309211/309212 events | Elapsed time: 28825.0s [2025-02-28T23:23:36.518Z]
### Progress: 309211/309212 events | Elapsed time: 28831.0s [2025-02-28T23:23:42.560Z]
### Progress: 309211/309212 events | Elapsed time: 28835.0s [2025-02-28T23:23:46.501Z]
### Progress: 309211/309212 events | Elapsed time: 28840.0s [2025-02-28T23:23:51.504Z]
### Progress: 309211/309212 events | Elapsed time: 28846.0s [2025-02-28T23:23:57.511Z]
### Progress: 309211/309212 events | Elapsed time: 28850.1s [2025-02-28T23:24:01.613Z]
### Progress: 309211/309212 events | Elapsed time: 28855.5s [2025-02-28T23:24:07.035Z]
### Progress: 309211/309212 events | Elapsed time: 28860.0s [2025-02-28T23:24:11.541Z]
### Progress: 309211/309212 events | Elapsed time: 28865.0s [2025-02-28T23:24:16.559Z]
### Progress: 309211/309212 events | Elapsed time: 28870.0s [2025-02-28T23:24:21.538Z]
### Progress: 309211/309212 events | Elapsed time: 28877.0s [2025-02-28T23:24:28.540Z]
### Progress: 309211/309212 events | Elapsed time: 28880.1s [2025-02-28T23:24:31.612Z]
### Progress: 309211/309212 events | Elapsed time: 28885.1s [2025-02-28T23:24:36.631Z]
### Progress: 309211/309212 events | Elapsed time: 28890.1s [2025-02-28T23:24:41.649Z]
### Progress: 309211/309212 events | Elapsed time: 28895.1s [2025-02-28T23:24:46.666Z]
### Progress: 309211/309212 events | Elapsed time: 28900.0s [2025-02-28T23:24:51.582Z]
### Progress: 309211/309212 events | Elapsed time: 28905.1s [2025-02-28T23:24:56.600Z]
### Progress: 309211/309212 events | Elapsed time: 28910.1s [2025-02-28T23:25:01.618Z]
### Progress: 309211/309212 events | Elapsed time: 28915.1s [2025-02-28T23:25:06.635Z]
### Progress: 309211/309212 events | Elapsed time: 28920.1s [2025-02-28T23:25:11.654Z]
### Progress: 309211/309212 events | Elapsed time: 28925.1s [2025-02-28T23:25:16.673Z]
### Progress: 309211/309212 events | Elapsed time: 28930.1s [2025-02-28T23:25:21.689Z]
### Progress: 309211/309212 events | Elapsed time: 28935.2s [2025-02-28T23:25:26.709Z]
### Progress: 309211/309212 events | Elapsed time: 28940.1s [2025-02-28T23:25:31.624Z]
### Progress: 309211/309212 events | Elapsed time: 28945.1s [2025-02-28T23:25:36.642Z]
### Progress: 309211/309212 events | Elapsed time: 28950.1s [2025-02-28T23:25:41.661Z]
### Progress: 309211/309212 events | Elapsed time: 28955.1s [2025-02-28T23:25:46.678Z]
### Progress: 309211/309212 events | Elapsed time: 28960.2s [2025-02-28T23:25:51.695Z]
### Progress: 309211/309212 events | Elapsed time: 28965.2s [2025-02-28T23:25:56.713Z]
### Progress: 309211/309212 events | Elapsed time: 28970.1s [2025-02-28T23:26:01.645Z]
### Progress: 309211/309212 events | Elapsed time: 28975.2s [2025-02-28T23:26:06.748Z]
### Progress: 309211/309212 events | Elapsed time: 28980.2s [2025-02-28T23:26:11.769Z]
### Progress: 309211/309212 events | Elapsed time: 28985.1s [2025-02-28T23:26:16.681Z]
### Progress: 309211/309212 events | Elapsed time: 28990.2s [2025-02-28T23:26:21.700Z]
### Progress: 309211/309212 events | Elapsed time: 28995.2s [2025-02-28T23:26:26.717Z]
### Progress: 309211/309212 events | Elapsed time: 29000.2s [2025-02-28T23:26:31.735Z]
### Progress: 309211/309212 events | Elapsed time: 29005.2s [2025-02-28T23:26:36.753Z]
### Progress: 309211/309212 events | Elapsed time: 29010.7s [2025-02-28T23:26:42.283Z]
### Progress: 309211/309212 events | Elapsed time: 29015.2s [2025-02-28T23:26:46.788Z]
### Progress: 309211/309212 events | Elapsed time: 29020.3s [2025-02-28T23:26:51.806Z]
### Progress: 309211/309212 events | Elapsed time: 29025.2s [2025-02-28T23:26:56.722Z]
### Progress: 309211/309212 events | Elapsed time: 29030.2s [2025-02-28T23:27:01.742Z]
### Progress: 309211/309212 events | Elapsed time: 29036.2s [2025-02-28T23:27:07.781Z]
### Progress: 309211/309212 events | Elapsed time: 29040.2s [2025-02-28T23:27:11.776Z]
### Progress: 309211/309212 events | Elapsed time: 29045.2s [2025-02-28T23:27:16.793Z]
### Progress: 309211/309212 events | Elapsed time: 29050.2s [2025-02-28T23:27:21.748Z]
### Progress: 309211/309212 events | Elapsed time: 29055.8s [2025-02-28T23:27:27.341Z]
### Progress: 309211/309212 events | Elapsed time: 29060.2s [2025-02-28T23:27:31.739Z]
### Progress: 309211/309212 events | Elapsed time: 29065.2s [2025-02-28T23:27:36.762Z]
### Progress: 309211/309212 events | Elapsed time: 29070.2s [2025-02-28T23:27:41.780Z]
### Progress: 309211/309212 events | Elapsed time: 29075.3s [2025-02-28T23:27:46.798Z]
### Progress: 309211/309212 events | Elapsed time: 29081.3s [2025-02-28T23:27:52.840Z]
### Progress: 309211/309212 events | Elapsed time: 29085.8s [2025-02-28T23:27:57.346Z]
### Progress: 309211/309212 events | Elapsed time: 29090.8s [2025-02-28T23:28:02.364Z]
### Progress: 309211/309212 events | Elapsed time: 29099.4s [2025-02-28T23:28:10.966Z]
### Progress: 309211/309212 events | Elapsed time: 29100.9s [2025-02-28T23:28:12.399Z]
### Progress: 309211/309212 events | Elapsed time: 29113.2s [2025-02-28T23:28:24.791Z]
### Progress: 309211/309212 events | Elapsed time: 29114.1s [2025-02-28T23:28:25.612Z]
### Progress: 309211/309212 events | Elapsed time: 29115.3s [2025-02-28T23:28:26.839Z]
### Progress: 309211/309212 events | Elapsed time: 29120.3s [2025-02-28T23:28:31.856Z]
### Progress: 309211/309212 events | Elapsed time: 29125.3s [2025-02-28T23:28:36.874Z]
### Progress: 309211/309212 events | Elapsed time: 29130.9s [2025-02-28T23:28:42.404Z]
### Progress: 309211/309212 events | Elapsed time: 29135.4s [2025-02-28T23:28:46.912Z]
### Progress: 309211/309212 events | Elapsed time: 29140.3s [2025-02-28T23:28:51.825Z]
### Progress: 309211/309212 events | Elapsed time: 29145.3s [2025-02-28T23:28:56.843Z]
### Progress: 309211/309212 events | Elapsed time: 29150.3s [2025-02-28T23:29:01.828Z]
### Progress: 309211/309212 events | Elapsed time: 29155.3s [2025-02-28T23:29:06.879Z]
### Progress: 309211/309212 events | Elapsed time: 29160.4s [2025-02-28T23:29:11.897Z]
### Progress: 309211/309212 events | Elapsed time: 29165.4s [2025-02-28T23:29:16.917Z]
### Progress: 309211/309212 events | Elapsed time: 29170.4s [2025-02-28T23:29:21.932Z]
### Progress: 309211/309212 events | Elapsed time: 29175.4s [2025-02-28T23:29:26.916Z]
### Progress: 309211/309212 events | Elapsed time: 29180.4s [2025-02-28T23:29:31.968Z]
### Progress: 309211/309212 events | Elapsed time: 29185.3s [2025-02-28T23:29:36.884Z]
### Progress: 309211/309212 events | Elapsed time: 29190.4s [2025-02-28T23:29:41.901Z]
### Progress: 309211/309212 events | Elapsed time: 29195.4s [2025-02-28T23:29:46.921Z]
### Progress: 309211/309212 events | Elapsed time: 29200.4s [2025-02-28T23:29:51.937Z]
### Progress: 309211/309212 events | Elapsed time: 29205.4s [2025-02-28T23:29:56.955Z]
### Progress: 309211/309212 events | Elapsed time: 29210.4s [2025-02-28T23:30:01.974Z]
### Progress: 309211/309212 events | Elapsed time: 29215.4s [2025-02-28T23:30:06.990Z]
### Progress: 309211/309212 events | Elapsed time: 29220.5s [2025-02-28T23:30:12.009Z]
### Progress: 309211/309212 events | Elapsed time: 29225.4s [2025-02-28T23:30:16.918Z]
### Progress: 309211/309212 events | Elapsed time: 29230.4s [2025-02-28T23:30:21.942Z]
### Progress: 309211/309212 events | Elapsed time: 29235.4s [2025-02-28T23:30:26.960Z]
### Progress: 309211/309212 events | Elapsed time: 29240.4s [2025-02-28T23:30:31.977Z]
### Progress: 309211/309212 events | Elapsed time: 29245.5s [2025-02-28T23:30:36.995Z]
### Progress: 309211/309212 events | Elapsed time: 29250.5s [2025-02-28T23:30:42.013Z]
### Progress: 309211/309212 events | Elapsed time: 29255.5s [2025-02-28T23:30:47.037Z]
### Progress: 309211/309212 events | Elapsed time: 29260.5s [2025-02-28T23:30:52.049Z]
### Progress: 309211/309212 events | Elapsed time: 29265.4s [2025-02-28T23:30:56.964Z]
### Progress: 309211/309212 events | Elapsed time: 29270.4s [2025-02-28T23:31:01.982Z]
### Progress: 309211/309212 events | Elapsed time: 29275.5s [2025-02-28T23:31:07.000Z]
### Progress: 309211/309212 events | Elapsed time: 29280.5s [2025-02-28T23:31:12.018Z]
### Progress: 309211/309212 events | Elapsed time: 29285.5s [2025-02-28T23:31:17.036Z]
### Progress: 309211/309212 events | Elapsed time: 29290.5s [2025-02-28T23:31:22.054Z]
### Progress: 309211/309212 events | Elapsed time: 29295.5s [2025-02-28T23:31:27.071Z]
### Progress: 309211/309212 events | Elapsed time: 29300.5s [2025-02-28T23:31:32.089Z]
### Progress: 309211/309212 events | Elapsed time: 29305.6s [2025-02-28T23:31:37.107Z]
### Progress: 309211/309212 events | Elapsed time: 29310.5s [2025-02-28T23:31:42.025Z]
### Progress: 309211/309212 events | Elapsed time: 29315.5s [2025-02-28T23:31:47.040Z]
### Progress: 309211/309212 events | Elapsed time: 29320.5s [2025-02-28T23:31:52.058Z]
### Progress: 309211/309212 events | Elapsed time: 29325.5s [2025-02-28T23:31:57.076Z]
### Progress: 309211/309212 events | Elapsed time: 29330.5s [2025-02-28T23:32:02.094Z]
### Progress: 309211/309212 events | Elapsed time: 29335.6s [2025-02-28T23:32:07.112Z]
### Progress: 309211/309212 events | Elapsed time: 29340.6s [2025-02-28T23:32:12.129Z]
### Progress: 309211/309212 events | Elapsed time: 29345.6s [2025-02-28T23:32:17.147Z]
### Progress: 309211/309212 events | Elapsed time: 29350.5s [2025-02-28T23:32:22.047Z]
### Progress: 309211/309212 events | Elapsed time: 29355.5s [2025-02-28T23:32:27.082Z]
### Progress: 309211/309212 events | Elapsed time: 29360.6s [2025-02-28T23:32:32.098Z]
### Progress: 309211/309212 events | Elapsed time: 29365.6s [2025-02-28T23:32:37.116Z]
### Progress: 309211/309212 events | Elapsed time: 29370.5s [2025-02-28T23:32:42.071Z]
### Progress: 309211/309212 events | Elapsed time: 29375.6s [2025-02-28T23:32:47.152Z]
### Progress: 309211/309212 events | Elapsed time: 29380.5s [2025-02-28T23:32:52.080Z]
### Progress: 309211/309212 events | Elapsed time: 29385.6s [2025-02-28T23:32:57.188Z]
### Progress: 309211/309212 events | Elapsed time: 29390.6s [2025-02-28T23:33:02.116Z]
### Progress: 309211/309212 events | Elapsed time: 29395.5s [2025-02-28T23:33:07.095Z]
### Progress: 309211/309212 events | Elapsed time: 29400.6s [2025-02-28T23:33:12.139Z]
### Progress: 309211/309212 events | Elapsed time: 29405.6s [2025-02-28T23:33:17.157Z]
### Progress: 309211/309212 events | Elapsed time: 29410.6s [2025-02-28T23:33:22.174Z]
### Progress: 309211/309212 events | Elapsed time: 29415.6s [2025-02-28T23:33:27.192Z]
### Progress: 309211/309212 events | Elapsed time: 29420.7s [2025-02-28T23:33:32.210Z]
### Progress: 309211/309212 events | Elapsed time: 29425.7s [2025-02-28T23:33:37.230Z]
### Progress: 309211/309212 events | Elapsed time: 29430.6s [2025-02-28T23:33:42.143Z]
### Progress: 309211/309212 events | Elapsed time: 29435.6s [2025-02-28T23:33:47.162Z]
### Progress: 309211/309212 events | Elapsed time: 29440.6s [2025-02-28T23:33:52.179Z]
### Progress: 309211/309212 events | Elapsed time: 29445.7s [2025-02-28T23:33:57.204Z]
### Progress: 309211/309212 events | Elapsed time: 29450.7s [2025-02-28T23:34:02.214Z]
### Progress: 309211/309212 events | Elapsed time: 29455.7s [2025-02-28T23:34:07.232Z]
### Progress: 309211/309212 events | Elapsed time: 29460.7s [2025-02-28T23:34:12.250Z]
### Progress: 309211/309212 events | Elapsed time: 29465.7s [2025-02-28T23:34:17.268Z]
### Progress: 309211/309212 events | Elapsed time: 29470.7s [2025-02-28T23:34:22.293Z]
### Progress: 309211/309212 events | Elapsed time: 29475.7s [2025-02-28T23:34:27.211Z]
### Progress: 309211/309212 events | Elapsed time: 29480.7s [2025-02-28T23:34:32.219Z]
### Progress: 309211/309212 events | Elapsed time: 29485.7s [2025-02-28T23:34:37.237Z]
### Progress: 309211/309212 events | Elapsed time: 29490.7s [2025-02-28T23:34:42.254Z]
### Progress: 309211/309212 events | Elapsed time: 29495.7s [2025-02-28T23:34:47.272Z]
### Progress: 309211/309212 events | Elapsed time: 29500.7s [2025-02-28T23:34:52.291Z]
### Progress: 309211/309212 events | Elapsed time: 29505.8s [2025-02-28T23:34:57.308Z]
### Progress: 309211/309212 events | Elapsed time: 29510.8s [2025-02-28T23:35:02.326Z]
### Progress: 309211/309212 events | Elapsed time: 29515.7s [2025-02-28T23:35:07.241Z]
### Progress: 309211/309212 events | Elapsed time: 29520.7s [2025-02-28T23:35:12.259Z]
### Progress: 309211/309212 events | Elapsed time: 29525.7s [2025-02-28T23:35:17.277Z]
### Progress: 309211/309212 events | Elapsed time: 29530.7s [2025-02-28T23:35:22.294Z]
### Progress: 309211/309212 events | Elapsed time: 29535.8s [2025-02-28T23:35:27.312Z]
### Progress: 309211/309212 events | Elapsed time: 29540.9s [2025-02-28T23:35:32.466Z]
### Progress: 309211/309212 events | Elapsed time: 29545.8s [2025-02-28T23:35:37.348Z]
### Progress: 309211/309212 events | Elapsed time: 29550.8s [2025-02-28T23:35:42.365Z]
### Progress: 309211/309212 events | Elapsed time: 29555.7s [2025-02-28T23:35:47.281Z]
### Progress: 309211/309212 events | Elapsed time: 29560.8s [2025-02-28T23:35:52.299Z]
### Progress: 309211/309212 events | Elapsed time: 29565.8s [2025-02-28T23:35:57.317Z]
### Progress: 309211/309212 events | Elapsed time: 29570.8s [2025-02-28T23:36:02.334Z]
### Progress: 309211/309212 events | Elapsed time: 29575.8s [2025-02-28T23:36:07.352Z]
### Progress: 309211/309212 events | Elapsed time: 29580.8s [2025-02-28T23:36:12.376Z]
### Progress: 309211/309212 events | Elapsed time: 29585.8s [2025-02-28T23:36:17.388Z]
### Progress: 309211/309212 events | Elapsed time: 29590.9s [2025-02-28T23:36:22.406Z]
### Progress: 309211/309212 events | Elapsed time: 29595.8s [2025-02-28T23:36:27.314Z]
### Progress: 309211/309212 events | Elapsed time: 29600.8s [2025-02-28T23:36:32.339Z]
### Progress: 309211/309212 events | Elapsed time: 29605.8s [2025-02-28T23:36:37.357Z]
### Progress: 309211/309212 events | Elapsed time: 29610.8s [2025-02-28T23:36:42.374Z]
### Progress: 309211/309212 events | Elapsed time: 29615.8s [2025-02-28T23:36:47.392Z]
### Progress: 309211/309212 events | Elapsed time: 29620.9s [2025-02-28T23:36:52.410Z]
### Progress: 309211/309212 events | Elapsed time: 29625.9s [2025-02-28T23:36:57.428Z]
### Progress: 309211/309212 events | Elapsed time: 29630.9s [2025-02-28T23:37:02.445Z]
### Progress: 309211/309212 events | Elapsed time: 29635.9s [2025-02-28T23:37:07.463Z]
### Progress: 309211/309212 events | Elapsed time: 29640.8s [2025-02-28T23:37:12.379Z]
### Progress: 309211/309212 events | Elapsed time: 29645.9s [2025-02-28T23:37:17.396Z]
### Progress: 309211/309212 events | Elapsed time: 29650.9s [2025-02-28T23:37:22.414Z]
### Progress: 309211/309212 events | Elapsed time: 29655.9s [2025-02-28T23:37:27.432Z]
### Progress: 309211/309212 events | Elapsed time: 29660.9s [2025-02-28T23:37:32.450Z]
### Progress: 309211/309212 events | Elapsed time: 29665.9s [2025-02-28T23:37:37.468Z]
### Progress: 309211/309212 events | Elapsed time: 29670.8s [2025-02-28T23:37:42.392Z]
### Progress: 309211/309212 events | Elapsed time: 29676.0s [2025-02-28T23:37:47.503Z]
### Progress: 309211/309212 events | Elapsed time: 29680.9s [2025-02-28T23:37:52.418Z]
### Progress: 309211/309212 events | Elapsed time: 29685.9s [2025-02-28T23:37:57.438Z]
### Progress: 309211/309212 events | Elapsed time: 29690.9s [2025-02-28T23:38:02.454Z]
### Progress: 309211/309212 events | Elapsed time: 29695.9s [2025-02-28T23:38:07.472Z]
### Progress: 309211/309212 events | Elapsed time: 29700.9s [2025-02-28T23:38:12.490Z]
### Progress: 309211/309212 events | Elapsed time: 29706.0s [2025-02-28T23:38:17.507Z]
### Progress: 309211/309212 events | Elapsed time: 29711.0s [2025-02-28T23:38:22.525Z]
### Progress: 309211/309212 events | Elapsed time: 29716.0s [2025-02-28T23:38:27.546Z]
### Progress: 309211/309212 events | Elapsed time: 29720.9s [2025-02-28T23:38:32.459Z]
### Progress: 309211/309212 events | Elapsed time: 29725.9s [2025-02-28T23:38:37.476Z]
### Progress: 309211/309212 events | Elapsed time: 29730.9s [2025-02-28T23:38:42.494Z]
### Progress: 309211/309212 events | Elapsed time: 29736.0s [2025-02-28T23:38:47.512Z]
### Progress: 309211/309212 events | Elapsed time: 29741.0s [2025-02-28T23:38:52.530Z]
### Progress: 309211/309212 events | Elapsed time: 29745.9s [2025-02-28T23:38:57.465Z]
### Progress: 309211/309212 events | Elapsed time: 29750.9s [2025-02-28T23:39:02.475Z]
### Progress: 309211/309212 events | Elapsed time: 29756.0s [2025-02-28T23:39:07.583Z]
### Progress: 309211/309212 events | Elapsed time: 29761.0s [2025-02-28T23:39:12.498Z]
### Progress: 309211/309212 events | Elapsed time: 29766.0s [2025-02-28T23:39:17.516Z]
### Progress: 309211/309212 events | Elapsed time: 29771.0s [2025-02-28T23:39:22.534Z]
### Progress: 309211/309212 events | Elapsed time: 29776.0s [2025-02-28T23:39:27.551Z]
### Progress: 309211/309212 events | Elapsed time: 29781.0s [2025-02-28T23:39:32.572Z]
### Progress: 309211/309212 events | Elapsed time: 29786.0s [2025-02-28T23:39:37.587Z]
### Progress: 309211/309212 events | Elapsed time: 29791.1s [2025-02-28T23:39:42.605Z]
### Progress: 309211/309212 events | Elapsed time: 29796.1s [2025-02-28T23:39:47.623Z]
### Progress: 309211/309212 events | Elapsed time: 29801.0s [2025-02-28T23:39:52.538Z]
### Progress: 309211/309212 events | Elapsed time: 29806.0s [2025-02-28T23:39:57.556Z]
### Progress: 309211/309212 events | Elapsed time: 29811.0s [2025-02-28T23:40:02.574Z]
### Progress: 309211/309212 events | Elapsed time: 29816.0s [2025-02-28T23:40:07.591Z]
### Progress: 309211/309212 events | Elapsed time: 29821.1s [2025-02-28T23:40:12.610Z]
### Progress: 309211/309212 events | Elapsed time: 29826.1s [2025-02-28T23:40:17.627Z]
### Progress: 309211/309212 events | Elapsed time: 29831.1s [2025-02-28T23:40:22.645Z]
### Progress: 309211/309212 events | Elapsed time: 29836.1s [2025-02-28T23:40:27.663Z]
### Progress: 309211/309212 events | Elapsed time: 29841.0s [2025-02-28T23:40:32.578Z]
### Progress: 309211/309212 events | Elapsed time: 29846.1s [2025-02-28T23:40:37.596Z]
### Progress: 309211/309212 events | Elapsed time: 29851.1s [2025-02-28T23:40:42.613Z]
### Progress: 309211/309212 events | Elapsed time: 29856.1s [2025-02-28T23:40:47.631Z]
### Progress: 309211/309212 events | Elapsed time: 29861.1s [2025-02-28T23:40:52.649Z]
### Progress: 309211/309212 events | Elapsed time: 29866.1s [2025-02-28T23:40:57.667Z]
### Progress: 309211/309212 events | Elapsed time: 29871.1s [2025-02-28T23:41:02.685Z]
### Progress: 309211/309212 events | Elapsed time: 29876.2s [2025-02-28T23:41:07.702Z]
### Progress: 309211/309212 events | Elapsed time: 29881.1s [2025-02-28T23:41:12.618Z]
### Progress: 309211/309212 events | Elapsed time: 29886.1s [2025-02-28T23:41:17.636Z]
### Progress: 309211/309212 events | Elapsed time: 29891.1s [2025-02-28T23:41:22.653Z]
### Progress: 309211/309212 events | Elapsed time: 29896.1s [2025-02-28T23:41:27.671Z]
### Progress: 309211/309212 events | Elapsed time: 29901.1s [2025-02-28T23:41:32.689Z]
### Progress: 309211/309212 events | Elapsed time: 29906.2s [2025-02-28T23:41:37.707Z]
### Progress: 309211/309212 events | Elapsed time: 29911.2s [2025-02-28T23:41:42.724Z]
### Progress: 309211/309212 events | Elapsed time: 29916.2s [2025-02-28T23:41:47.742Z]
### Progress: 309211/309212 events | Elapsed time: 29921.2s [2025-02-28T23:41:52.760Z]
### Progress: 309211/309212 events | Elapsed time: 29926.1s [2025-02-28T23:41:57.675Z]
### Progress: 309211/309212 events | Elapsed time: 29931.1s [2025-02-28T23:42:02.693Z]
### Progress: 309211/309212 events | Elapsed time: 29936.2s [2025-02-28T23:42:07.711Z]
### Progress: 309211/309212 events | Elapsed time: 29941.2s [2025-02-28T23:42:12.729Z]
### Progress: 309211/309212 events | Elapsed time: 29946.2s [2025-02-28T23:42:17.747Z]
### Progress: 309211/309212 events | Elapsed time: 29951.2s [2025-02-28T23:42:22.764Z]
### Progress: 309211/309212 events | Elapsed time: 29956.2s [2025-02-28T23:42:27.782Z]
### Progress: 309211/309212 events | Elapsed time: 29961.2s [2025-02-28T23:42:32.697Z]
### Progress: 309211/309212 events | Elapsed time: 29966.2s [2025-02-28T23:42:37.715Z]
### Progress: 309211/309212 events | Elapsed time: 29971.2s [2025-02-28T23:42:42.735Z]
### Progress: 309211/309212 events | Elapsed time: 29976.2s [2025-02-28T23:42:47.751Z]
### Progress: 309211/309212 events | Elapsed time: 29981.2s [2025-02-28T23:42:52.769Z]
### Progress: 309211/309212 events | Elapsed time: 29986.2s [2025-02-28T23:42:57.714Z]
### Progress: 309211/309212 events | Elapsed time: 29991.4s [2025-02-28T23:43:02.912Z]
### Progress: 309211/309212 events | Elapsed time: 29996.3s [2025-02-28T23:43:07.822Z]
### Progress: 309211/309212 events | Elapsed time: 30001.3s [2025-02-28T23:43:12.839Z]
### Progress: 309211/309212 events | Elapsed time: 30006.2s [2025-02-28T23:43:17.755Z]
### Progress: 309211/309212 events | Elapsed time: 30011.2s [2025-02-28T23:43:22.773Z]
### Progress: 309211/309212 events | Elapsed time: 30016.2s [2025-02-28T23:43:27.791Z]
### Progress: 309211/309212 events | Elapsed time: 30021.3s [2025-02-28T23:43:32.808Z]
### Progress: 309211/309212 events | Elapsed time: 30026.3s [2025-02-28T23:43:37.826Z]
### Progress: 309211/309212 events | Elapsed time: 30031.3s [2025-02-28T23:43:42.844Z]
### Progress: 309211/309212 events | Elapsed time: 30036.3s [2025-02-28T23:43:47.862Z]
### Progress: 309211/309212 events | Elapsed time: 30041.3s [2025-02-28T23:43:52.879Z]
### Progress: 309211/309212 events | Elapsed time: 30046.3s [2025-02-28T23:43:57.795Z]
### Progress: 309211/309212 events | Elapsed time: 30051.3s [2025-02-28T23:44:02.813Z]
### Progress: 309211/309212 events | Elapsed time: 30056.3s [2025-02-28T23:44:07.830Z]
### Progress: 309211/309212 events | Elapsed time: 30061.3s [2025-02-28T23:44:12.848Z]
### Progress: 309211/309212 events | Elapsed time: 30066.3s [2025-02-28T23:44:17.866Z]
### Progress: 309211/309212 events | Elapsed time: 30071.4s [2025-02-28T23:44:22.897Z]
### Progress: 309211/309212 events | Elapsed time: 30076.4s [2025-02-28T23:44:27.902Z]
### Progress: 309211/309212 events | Elapsed time: 30081.3s [2025-02-28T23:44:32.894Z]
### Progress: 309211/309212 events | Elapsed time: 30086.4s [2025-02-28T23:44:37.937Z]
### Progress: 309211/309212 events | Elapsed time: 30091.3s [2025-02-28T23:44:42.852Z]
### Progress: 309211/309212 events | Elapsed time: 30096.3s [2025-02-28T23:44:47.871Z]
### Progress: 309211/309212 events | Elapsed time: 30101.3s [2025-02-28T23:44:52.888Z]
### Progress: 309211/309212 events | Elapsed time: 30106.4s [2025-02-28T23:44:57.906Z]
### Progress: 309211/309212 events | Elapsed time: 30111.3s [2025-02-28T23:45:02.895Z]
### Progress: 309211/309212 events | Elapsed time: 30116.4s [2025-02-28T23:45:07.942Z]
### Progress: 309211/309212 events | Elapsed time: 30121.3s [2025-02-28T23:45:12.894Z]
### Progress: 309211/309212 events | Elapsed time: 30126.4s [2025-02-28T23:45:17.977Z]
### Progress: 309211/309212 events | Elapsed time: 30131.3s [2025-02-28T23:45:22.892Z]
### Progress: 309211/309212 events | Elapsed time: 30136.4s [2025-02-28T23:45:27.910Z]
### Progress: 309211/309212 events | Elapsed time: 30141.3s [2025-02-28T23:45:32.895Z]
### Progress: 309211/309212 events | Elapsed time: 30146.4s [2025-02-28T23:45:37.945Z]
### Progress: 309211/309212 events | Elapsed time: 30151.3s [2025-02-28T23:45:42.895Z]
### Progress: 309211/309212 events | Elapsed time: 30156.4s [2025-02-28T23:45:47.994Z]
### Progress: 309211/309212 events | Elapsed time: 30161.4s [2025-02-28T23:45:52.904Z]
### Progress: 309211/309212 events | Elapsed time: 30166.5s [2025-02-28T23:45:58.017Z]
### Progress: 309211/309212 events | Elapsed time: 30171.4s [2025-02-28T23:46:02.913Z]
### Progress: 309211/309212 events | Elapsed time: 30176.4s [2025-02-28T23:46:07.950Z]
### Progress: 309211/309212 events | Elapsed time: 30181.4s [2025-02-28T23:46:12.923Z]
### Progress: 309211/309212 events | Elapsed time: 30186.4s [2025-02-28T23:46:17.985Z]
### Progress: 309211/309212 events | Elapsed time: 30191.4s [2025-02-28T23:46:22.935Z]
### Progress: 309211/309212 events | Elapsed time: 30196.5s [2025-02-28T23:46:28.021Z]
### Progress: 309211/309212 events | Elapsed time: 30201.4s [2025-02-28T23:46:32.940Z]
### Progress: 309211/309212 events | Elapsed time: 30206.4s [2025-02-28T23:46:37.954Z]
### Progress: 309211/309212 events | Elapsed time: 30211.4s [2025-02-28T23:46:42.951Z]
### Progress: 309211/309212 events | Elapsed time: 30216.4s [2025-02-28T23:46:47.989Z]
### Progress: 309211/309212 events | Elapsed time: 30221.4s [2025-02-28T23:46:52.963Z]
### Progress: 309211/309212 events | Elapsed time: 30226.5s [2025-02-28T23:46:58.027Z]
### Progress: 309211/309212 events | Elapsed time: 30231.4s [2025-02-28T23:47:02.972Z]
### Progress: 309211/309212 events | Elapsed time: 30236.5s [2025-02-28T23:47:08.063Z]
### Progress: 309211/309212 events | Elapsed time: 30241.5s [2025-02-28T23:47:13.078Z]
### Progress: 309211/309212 events | Elapsed time: 30246.6s [2025-02-28T23:47:18.097Z]
### Progress: 309211/309212 events | Elapsed time: 30251.4s [2025-02-28T23:47:22.993Z]
### Progress: 309211/309212 events | Elapsed time: 30256.5s [2025-02-28T23:47:28.029Z]
### Progress: 309211/309212 events | Elapsed time: 30261.5s [2025-02-28T23:47:33.047Z]
### Progress: 309211/309212 events | Elapsed time: 30266.5s [2025-02-28T23:47:38.065Z]
### Progress: 309211/309212 events | Elapsed time: 30271.5s [2025-02-28T23:47:43.083Z]
### Progress: 309211/309212 events | Elapsed time: 30276.6s [2025-02-28T23:47:48.101Z]
### Progress: 309211/309212 events | Elapsed time: 30281.6s [2025-02-28T23:47:53.118Z]
### Progress: 309211/309212 events | Elapsed time: 30286.6s [2025-02-28T23:47:58.136Z]
### Progress: 309211/309212 events | Elapsed time: 30291.5s [2025-02-28T23:48:03.051Z]
### Progress: 309211/309212 events | Elapsed time: 30296.5s [2025-02-28T23:48:08.069Z]
### Progress: 309211/309212 events | Elapsed time: 30301.5s [2025-02-28T23:48:13.087Z]
### Progress: 309211/309212 events | Elapsed time: 30306.6s [2025-02-28T23:48:18.105Z]
### Progress: 309211/309212 events | Elapsed time: 30311.6s [2025-02-28T23:48:23.123Z]
### Progress: 309211/309212 events | Elapsed time: 30316.6s [2025-02-28T23:48:28.140Z]
### Progress: 309211/309212 events | Elapsed time: 30321.6s [2025-02-28T23:48:33.160Z]
### Progress: 309211/309212 events | Elapsed time: 30326.5s [2025-02-28T23:48:38.074Z]
### Progress: 309211/309212 events | Elapsed time: 30331.5s [2025-02-28T23:48:43.091Z]
### Progress: 309211/309212 events | Elapsed time: 30336.6s [2025-02-28T23:48:48.109Z]
### Progress: 309211/309212 events | Elapsed time: 30341.6s [2025-02-28T23:48:53.127Z]
### Progress: 309211/309212 events | Elapsed time: 30346.6s [2025-02-28T23:48:58.144Z]
### Progress: 309211/309212 events | Elapsed time: 30351.6s [2025-02-28T23:49:03.162Z]
### Progress: 309211/309212 events | Elapsed time: 30356.6s [2025-02-28T23:49:08.180Z]
### Progress: 309211/309212 events | Elapsed time: 30361.7s [2025-02-28T23:49:13.198Z]
### Progress: 309211/309212 events | Elapsed time: 30366.7s [2025-02-28T23:49:18.216Z]
### Progress: 309211/309212 events | Elapsed time: 30371.6s [2025-02-28T23:49:23.131Z]
### Progress: 309211/309212 events | Elapsed time: 30376.6s [2025-02-28T23:49:28.149Z]
### Progress: 309211/309212 events | Elapsed time: 30381.6s [2025-02-28T23:49:33.167Z]
### Progress: 309211/309212 events | Elapsed time: 30386.6s [2025-02-28T23:49:38.184Z]
### Progress: 309211/309212 events | Elapsed time: 30391.7s [2025-02-28T23:49:43.202Z]
### Progress: 309211/309212 events | Elapsed time: 30396.7s [2025-02-28T23:49:48.220Z]
### Progress: 309211/309212 events | Elapsed time: 30401.6s [2025-02-28T23:49:53.154Z]
### Progress: 309211/309212 events | Elapsed time: 30406.6s [2025-02-28T23:49:58.160Z]
### Progress: 309211/309212 events | Elapsed time: 30411.6s [2025-02-28T23:50:03.171Z]
### Progress: 309211/309212 events | Elapsed time: 30416.6s [2025-02-28T23:50:08.188Z]
### Progress: 309211/309212 events | Elapsed time: 30421.7s [2025-02-28T23:50:13.207Z]
### Progress: 309211/309212 events | Elapsed time: 30426.7s [2025-02-28T23:50:18.224Z]
### Progress: 309211/309212 events | Elapsed time: 30431.6s [2025-02-28T23:50:23.187Z]
### Progress: 309211/309212 events | Elapsed time: 30436.7s [2025-02-28T23:50:28.259Z]
### Progress: 309211/309212 events | Elapsed time: 30441.7s [2025-02-28T23:50:33.199Z]
### Progress: 309211/309212 events | Elapsed time: 30446.8s [2025-02-28T23:50:38.295Z]
### Progress: 309211/309212 events | Elapsed time: 30451.7s [2025-02-28T23:50:43.211Z]
### Progress: 309211/309212 events | Elapsed time: 30456.7s [2025-02-28T23:50:48.228Z]
### Progress: 309211/309212 events | Elapsed time: 30461.7s [2025-02-28T23:50:53.221Z]
### Progress: 309211/309212 events | Elapsed time: 30466.7s [2025-02-28T23:50:58.264Z]
### Progress: 309211/309212 events | Elapsed time: 30471.7s [2025-02-28T23:51:03.231Z]
### Progress: 309211/309212 events | Elapsed time: 30476.8s [2025-02-28T23:51:08.298Z]
### Progress: 309211/309212 events | Elapsed time: 30481.8s [2025-02-28T23:51:13.315Z]
### Progress: 309211/309212 events | Elapsed time: 30486.8s [2025-02-28T23:51:18.333Z]
### Progress: 309211/309212 events | Elapsed time: 30491.8s [2025-02-28T23:51:23.349Z]
### Progress: 309211/309212 events | Elapsed time: 30496.8s [2025-02-28T23:51:28.367Z]
### Progress: 309211/309212 events | Elapsed time: 30501.7s [2025-02-28T23:51:33.281Z]
### Progress: 309211/309212 events | Elapsed time: 30506.8s [2025-02-28T23:51:38.298Z]
### Progress: 309211/309212 events | Elapsed time: 30511.8s [2025-02-28T23:51:43.315Z]
### Progress: 309211/309212 events | Elapsed time: 30516.8s [2025-02-28T23:51:48.334Z]
### Progress: 309211/309212 events | Elapsed time: 30521.8s [2025-02-28T23:51:53.350Z]
### Progress: 309211/309212 events | Elapsed time: 30526.8s [2025-02-28T23:51:58.367Z]
### Progress: 309211/309212 events | Elapsed time: 30531.8s [2025-02-28T23:52:03.300Z]
### Progress: 309211/309212 events | Elapsed time: 30536.9s [2025-02-28T23:52:08.401Z]
### Progress: 309211/309212 events | Elapsed time: 30541.9s [2025-02-28T23:52:13.418Z]
### Progress: 309211/309212 events | Elapsed time: 30546.8s [2025-02-28T23:52:18.333Z]
### Progress: 309211/309212 events | Elapsed time: 30551.8s [2025-02-28T23:52:23.350Z]
### Progress: 309211/309212 events | Elapsed time: 30556.8s [2025-02-28T23:52:28.367Z]
### Progress: 309211/309212 events | Elapsed time: 30561.8s [2025-02-28T23:52:33.332Z]
### Progress: 309211/309212 events | Elapsed time: 30566.9s [2025-02-28T23:52:38.402Z]
### Progress: 309211/309212 events | Elapsed time: 30571.9s [2025-02-28T23:52:43.432Z]
### Progress: 309211/309212 events | Elapsed time: 30576.9s [2025-02-28T23:52:48.436Z]
### Progress: 309211/309212 events | Elapsed time: 30581.8s [2025-02-28T23:52:53.380Z]
### Progress: 309211/309212 events | Elapsed time: 30586.8s [2025-02-28T23:52:58.368Z]
### Progress: 309211/309212 events | Elapsed time: 30591.8s [2025-02-28T23:53:03.385Z]
### Progress: 309211/309212 events | Elapsed time: 30596.9s [2025-02-28T23:53:08.402Z]
### Progress: 309211/309212 events | Elapsed time: 30601.9s [2025-02-28T23:53:13.420Z]
### Progress: 309211/309212 events | Elapsed time: 30606.9s [2025-02-28T23:53:18.436Z]
### Progress: 309211/309212 events | Elapsed time: 30611.9s [2025-02-28T23:53:23.454Z]
### Progress: 309211/309212 events | Elapsed time: 30616.9s [2025-02-28T23:53:28.471Z]
### Progress: 309211/309212 events | Elapsed time: 30621.9s [2025-02-28T23:53:33.488Z]
### Progress: 309211/309212 events | Elapsed time: 30627.0s [2025-02-28T23:53:38.505Z]
### Progress: 309211/309212 events | Elapsed time: 30631.9s [2025-02-28T23:53:43.422Z]
### Progress: 309211/309212 events | Elapsed time: 30636.9s [2025-02-28T23:53:48.437Z]
### Progress: 309211/309212 events | Elapsed time: 30641.9s [2025-02-28T23:53:53.455Z]
### Progress: 309211/309212 events | Elapsed time: 30646.9s [2025-02-28T23:53:58.472Z]
### Progress: 309211/309212 events | Elapsed time: 30651.9s [2025-02-28T23:54:03.489Z]
### Progress: 309211/309212 events | Elapsed time: 30657.0s [2025-02-28T23:54:08.506Z]
### Progress: 309211/309212 events | Elapsed time: 30662.0s [2025-02-28T23:54:13.523Z]
### Progress: 309211/309212 events | Elapsed time: 30667.0s [2025-02-28T23:54:18.541Z]
### Progress: 309211/309212 events | Elapsed time: 30671.9s [2025-02-28T23:54:23.458Z]
### Progress: 309211/309212 events | Elapsed time: 30676.9s [2025-02-28T23:54:28.473Z]
### Progress: 309211/309212 events | Elapsed time: 30681.9s [2025-02-28T23:54:33.493Z]
### Progress: 309211/309212 events | Elapsed time: 30687.0s [2025-02-28T23:54:38.507Z]
### Progress: 309211/309212 events | Elapsed time: 30692.0s [2025-02-28T23:54:43.525Z]
### Progress: 309211/309212 events | Elapsed time: 30697.0s [2025-02-28T23:54:48.542Z]
### Progress: 309211/309212 events | Elapsed time: 30702.0s [2025-02-28T23:54:53.559Z]
### Progress: 309211/309212 events | Elapsed time: 30707.0s [2025-02-28T23:54:58.577Z]
### Progress: 309211/309212 events | Elapsed time: 30712.0s [2025-02-28T23:55:03.594Z]
### Progress: 309211/309212 events | Elapsed time: 30717.0s [2025-02-28T23:55:08.509Z]
### Progress: 309211/309212 events | Elapsed time: 30722.0s [2025-02-28T23:55:13.527Z]
### Progress: 309211/309212 events | Elapsed time: 30727.0s [2025-02-28T23:55:18.506Z]
### Progress: 309211/309212 events | Elapsed time: 30732.0s [2025-02-28T23:55:23.561Z]
### Progress: 309211/309212 events | Elapsed time: 30737.0s [2025-02-28T23:55:28.581Z]
### Progress: 309211/309212 events | Elapsed time: 30742.0s [2025-02-28T23:55:33.595Z]
### Progress: 309211/309212 events | Elapsed time: 30747.1s [2025-02-28T23:55:38.612Z]
### Progress: 309211/309212 events | Elapsed time: 30752.1s [2025-02-28T23:55:43.630Z]
### Progress: 309211/309212 events | Elapsed time: 30757.0s [2025-02-28T23:55:48.545Z]
### Progress: 309211/309212 events | Elapsed time: 30762.0s [2025-02-28T23:55:53.562Z]
### Progress: 309211/309212 events | Elapsed time: 30767.0s [2025-02-28T23:55:58.580Z]
### Progress: 309211/309212 events | Elapsed time: 30772.1s [2025-02-28T23:56:03.597Z]
### Progress: 309211/309212 events | Elapsed time: 30777.1s [2025-02-28T23:56:08.618Z]
### Progress: 309211/309212 events | Elapsed time: 30782.1s [2025-02-28T23:56:13.631Z]
### Progress: 309211/309212 events | Elapsed time: 30787.1s [2025-02-28T23:56:18.650Z]
### Progress: 309211/309212 events | Elapsed time: 30792.1s [2025-02-28T23:56:23.666Z]
### Progress: 309211/309212 events | Elapsed time: 30797.1s [2025-02-28T23:56:28.683Z]
### Progress: 309211/309212 events | Elapsed time: 30802.1s [2025-02-28T23:56:33.599Z]
### Progress: 309211/309212 events | Elapsed time: 30807.1s [2025-02-28T23:56:38.616Z]
### Progress: 309211/309212 events | Elapsed time: 30812.1s [2025-02-28T23:56:43.633Z]
### Progress: 309211/309212 events | Elapsed time: 30817.1s [2025-02-28T23:56:48.650Z]
### Progress: 309211/309212 events | Elapsed time: 30822.1s [2025-02-28T23:56:53.668Z]
### Progress: 309211/309212 events | Elapsed time: 30827.1s [2025-02-28T23:56:58.685Z]
### Progress: 309211/309212 events | Elapsed time: 30832.2s [2025-02-28T23:57:03.703Z]
### Progress: 309211/309212 events | Elapsed time: 30837.2s [2025-02-28T23:57:08.720Z]
### Progress: 309211/309212 events | Elapsed time: 30842.2s [2025-02-28T23:57:13.737Z]
### Progress: 309211/309212 events | Elapsed time: 30847.1s [2025-02-28T23:57:18.652Z]
### Progress: 309211/309212 events | Elapsed time: 30852.1s [2025-02-28T23:57:23.672Z]
### Progress: 309211/309212 events | Elapsed time: 30857.1s [2025-02-28T23:57:28.687Z]
### Progress: 309211/309212 events | Elapsed time: 30862.2s [2025-02-28T23:57:33.705Z]
### Progress: 309211/309212 events | Elapsed time: 30867.2s [2025-02-28T23:57:38.722Z]
### Progress: 309211/309212 events | Elapsed time: 30872.2s [2025-02-28T23:57:43.739Z]
### Progress: 309211/309212 events | Elapsed time: 30877.2s [2025-02-28T23:57:48.757Z]
### Progress: 309211/309212 events | Elapsed time: 30882.2s [2025-02-28T23:57:53.777Z]
### Progress: 309211/309212 events | Elapsed time: 30887.1s [2025-02-28T23:57:58.689Z]
### Progress: 309211/309212 events | Elapsed time: 30892.2s [2025-02-28T23:58:03.706Z]
### Progress: 309211/309212 events | Elapsed time: 30897.2s [2025-02-28T23:58:08.724Z]
### Progress: 309211/309212 events | Elapsed time: 30902.2s [2025-02-28T23:58:13.741Z]
### Progress: 309211/309212 events | Elapsed time: 30907.2s [2025-02-28T23:58:18.759Z]
### Progress: 309211/309212 events | Elapsed time: 30912.2s [2025-02-28T23:58:23.776Z]
### Progress: 309211/309212 events | Elapsed time: 30917.2s [2025-02-28T23:58:28.793Z]
### Progress: 309211/309212 events | Elapsed time: 30922.3s [2025-02-28T23:58:33.811Z]
### Progress: 309211/309212 events | Elapsed time: 30927.2s [2025-02-28T23:58:38.726Z]
### Progress: 309211/309212 events | Elapsed time: 30932.2s [2025-02-28T23:58:43.743Z]
### Progress: 309211/309212 events | Elapsed time: 30937.2s [2025-02-28T23:58:48.762Z]
### Progress: 309211/309212 events | Elapsed time: 30942.2s [2025-02-28T23:58:53.778Z]
### Progress: 309211/309212 events | Elapsed time: 30947.3s [2025-02-28T23:58:58.798Z]
### Progress: 309211/309212 events | Elapsed time: 30952.3s [2025-02-28T23:59:03.813Z]
### Progress: 309211/309212 events | Elapsed time: 30957.3s [2025-02-28T23:59:08.830Z]
### Progress: 309211/309212 events | Elapsed time: 30962.3s [2025-02-28T23:59:13.848Z]
### Progress: 309211/309212 events | Elapsed time: 30967.3s [2025-02-28T23:59:18.865Z]
### Progress: 309211/309212 events | Elapsed time: 30972.2s [2025-02-28T23:59:23.780Z]
### Progress: 309211/309212 events | Elapsed time: 30977.3s [2025-02-28T23:59:28.803Z]
### Progress: 309211/309212 events | Elapsed time: 30982.2s [2025-02-28T23:59:33.777Z]
### Progress: 309211/309212 events | Elapsed time: 30987.3s [2025-02-28T23:59:38.837Z]
### Progress: 309211/309212 events | Elapsed time: 30992.3s [2025-02-28T23:59:43.851Z]
### Progress: 309211/309212 events | Elapsed time: 30997.3s [2025-02-28T23:59:48.870Z]
### Progress: 309211/309212 events | Elapsed time: 31002.3s [2025-02-28T23:59:53.887Z]
### Progress: 309211/309212 events | Elapsed time: 31007.4s [2025-02-28T23:59:58.904Z]
### Progress: 309211/309212 events | Elapsed time: 31012.3s [2025-03-01T00:00:03.820Z]
### Progress: 309211/309212 events | Elapsed time: 31017.3s [2025-03-01T00:00:08.836Z]
### Progress: 309211/309212 events | Elapsed time: 31022.3s [2025-03-01T00:00:13.855Z]
### Progress: 309211/309212 events | Elapsed time: 31027.3s [2025-03-01T00:00:18.872Z]
### Progress: 309211/309212 events | Elapsed time: 31032.3s [2025-03-01T00:00:23.891Z]
### Progress: 309211/309212 events | Elapsed time: 31037.4s [2025-03-01T00:00:28.907Z]
### Progress: 309211/309212 events | Elapsed time: 31042.4s [2025-03-01T00:00:33.925Z]
### Progress: 309211/309212 events | Elapsed time: 31047.4s [2025-03-01T00:00:38.943Z]
### Progress: 309211/309212 events | Elapsed time: 31052.4s [2025-03-01T00:00:43.908Z]
### Progress: 309211/309212 events | Elapsed time: 31057.3s [2025-03-01T00:00:48.879Z]
### Progress: 309211/309212 events | Elapsed time: 31062.3s [2025-03-01T00:00:53.894Z]
### Progress: 309211/309212 events | Elapsed time: 31067.4s [2025-03-01T00:00:58.912Z]
### Progress: 309211/309212 events | Elapsed time: 31072.4s [2025-03-01T00:01:03.928Z]
### Progress: 309211/309212 events | Elapsed time: 31077.4s [2025-03-01T00:01:08.946Z]
### Progress: 309211/309212 events | Elapsed time: 31082.4s [2025-03-01T00:01:13.964Z]
### Progress: 309211/309212 events | Elapsed time: 31087.4s [2025-03-01T00:01:18.982Z]
### Progress: 309211/309212 events | Elapsed time: 31092.5s [2025-03-01T00:01:23.999Z]
### Progress: 309211/309212 events | Elapsed time: 31097.4s [2025-03-01T00:01:28.914Z]
### Progress: 309211/309212 events | Elapsed time: 31102.4s [2025-03-01T00:01:33.932Z]
### Progress: 309211/309212 events | Elapsed time: 31107.4s [2025-03-01T00:01:38.949Z]
### Progress: 309211/309212 events | Elapsed time: 31112.4s [2025-03-01T00:01:43.967Z]
### Progress: 309211/309212 events | Elapsed time: 31117.4s [2025-03-01T00:01:48.984Z]
### Progress: 309211/309212 events | Elapsed time: 31122.5s [2025-03-01T00:01:54.002Z]
### Progress: 309211/309212 events | Elapsed time: 31127.5s [2025-03-01T00:01:59.019Z]
### Progress: 309211/309212 events | Elapsed time: 31132.5s [2025-03-01T00:02:04.037Z]
### Progress: 309211/309212 events | Elapsed time: 31137.5s [2025-03-01T00:02:09.057Z]
### Progress: 309211/309212 events | Elapsed time: 31142.4s [2025-03-01T00:02:13.969Z]
### Progress: 309211/309212 events | Elapsed time: 31147.4s [2025-03-01T00:02:18.987Z]
### Progress: 309211/309212 events | Elapsed time: 31152.5s [2025-03-01T00:02:24.004Z]
### Progress: 309211/309212 events | Elapsed time: 31157.5s [2025-03-01T00:02:29.022Z]
### Progress: 309211/309212 events | Elapsed time: 31162.5s [2025-03-01T00:02:34.040Z]
### Progress: 309211/309212 events | Elapsed time: 31167.5s [2025-03-01T00:02:39.056Z]
### Progress: 309211/309212 events | Elapsed time: 31172.5s [2025-03-01T00:02:44.075Z]
### Progress: 309211/309212 events | Elapsed time: 31177.5s [2025-03-01T00:02:49.094Z]
### Progress: 309211/309212 events | Elapsed time: 31182.5s [2025-03-01T00:02:54.007Z]
### Progress: 309211/309212 events | Elapsed time: 31187.5s [2025-03-01T00:02:59.025Z]
### Progress: 309211/309212 events | Elapsed time: 31192.5s [2025-03-01T00:03:04.042Z]
### Progress: 309211/309212 events | Elapsed time: 31197.5s [2025-03-01T00:03:09.063Z]
### Progress: 309211/309212 events | Elapsed time: 31202.5s [2025-03-01T00:03:14.078Z]
### Progress: 309211/309212 events | Elapsed time: 31207.5s [2025-03-01T00:03:19.095Z]
### Progress: 309211/309212 events | Elapsed time: 31212.6s [2025-03-01T00:03:24.113Z]
### Progress: 309211/309212 events | Elapsed time: 31217.6s [2025-03-01T00:03:29.130Z]
### Progress: 309211/309212 events | Elapsed time: 31222.6s [2025-03-01T00:03:34.148Z]
### Progress: 309211/309212 events | Elapsed time: 31227.5s [2025-03-01T00:03:39.049Z]
### Progress: 309211/309212 events | Elapsed time: 31232.5s [2025-03-01T00:03:44.083Z]
### Progress: 309211/309212 events | Elapsed time: 31237.6s [2025-03-01T00:03:49.098Z]
### Progress: 309211/309212 events | Elapsed time: 31242.6s [2025-03-01T00:03:54.116Z]
### Progress: 309211/309212 events | Elapsed time: 31247.6s [2025-03-01T00:03:59.133Z]
### Progress: 309211/309212 events | Elapsed time: 31252.6s [2025-03-01T00:04:04.151Z]
### Progress: 309211/309212 events | Elapsed time: 31257.6s [2025-03-01T00:04:09.170Z]
### Progress: 309211/309212 events | Elapsed time: 31262.6s [2025-03-01T00:04:14.186Z]
### Progress: 309211/309212 events | Elapsed time: 31267.7s [2025-03-01T00:04:19.205Z]
### Progress: 309211/309212 events | Elapsed time: 31272.6s [2025-03-01T00:04:24.120Z]
### Progress: 309211/309212 events | Elapsed time: 31277.6s [2025-03-01T00:04:29.137Z]
### Progress: 309211/309212 events | Elapsed time: 31282.6s [2025-03-01T00:04:34.155Z]
### Progress: 309211/309212 events | Elapsed time: 31287.6s [2025-03-01T00:04:39.173Z]
### Progress: 309211/309212 events | Elapsed time: 31292.6s [2025-03-01T00:04:44.190Z]
### Progress: 309211/309212 events | Elapsed time: 31297.7s [2025-03-01T00:04:49.208Z]
### Progress: 309211/309212 events | Elapsed time: 31302.7s [2025-03-01T00:04:54.225Z]
### Progress: 309211/309212 events | Elapsed time: 31307.7s [2025-03-01T00:04:59.243Z]
### Progress: 309211/309212 events | Elapsed time: 31312.6s [2025-03-01T00:05:04.158Z]
### Progress: 309211/309212 events | Elapsed time: 31317.6s [2025-03-01T00:05:09.175Z]
### Progress: 309211/309212 events | Elapsed time: 31322.6s [2025-03-01T00:05:14.193Z]
### Progress: 309211/309212 events | Elapsed time: 31327.7s [2025-03-01T00:05:19.213Z]
### Progress: 309211/309212 events | Elapsed time: 31332.7s [2025-03-01T00:05:24.228Z]
### Progress: 309211/309212 events | Elapsed time: 31337.7s [2025-03-01T00:05:29.248Z]
### Progress: 309211/309212 events | Elapsed time: 31342.7s [2025-03-01T00:05:34.263Z]
### Progress: 309211/309212 events | Elapsed time: 31347.6s [2025-03-01T00:05:39.178Z]
### Progress: 309211/309212 events | Elapsed time: 31352.7s [2025-03-01T00:05:44.196Z]
### Progress: 309211/309212 events | Elapsed time: 31357.7s [2025-03-01T00:05:49.214Z]
### Progress: 309211/309212 events | Elapsed time: 31362.6s [2025-03-01T00:05:54.192Z]
### Progress: 309211/309212 events | Elapsed time: 31367.7s [2025-03-01T00:05:59.249Z]
### Progress: 309211/309212 events | Elapsed time: 31372.7s [2025-03-01T00:06:04.266Z]
### Progress: 309211/309212 events | Elapsed time: 31377.7s [2025-03-01T00:06:09.286Z]
### Progress: 309211/309212 events | Elapsed time: 31382.8s [2025-03-01T00:06:14.303Z]
### Progress: 309211/309212 events | Elapsed time: 31387.8s [2025-03-01T00:06:19.319Z]
### Progress: 309211/309212 events | Elapsed time: 31392.7s [2025-03-01T00:06:24.234Z]
### Progress: 309211/309212 events | Elapsed time: 31397.7s [2025-03-01T00:06:29.252Z]
### Progress: 309211/309212 events | Elapsed time: 31402.7s [2025-03-01T00:06:34.270Z]
### Progress: 309211/309212 events | Elapsed time: 31407.7s [2025-03-01T00:06:39.236Z]
### Progress: 309211/309212 events | Elapsed time: 31412.8s [2025-03-01T00:06:44.305Z]
### Progress: 309211/309212 events | Elapsed time: 31417.8s [2025-03-01T00:06:49.322Z]
### Progress: 309211/309212 events | Elapsed time: 31422.8s [2025-03-01T00:06:54.340Z]
### Progress: 309211/309212 events | Elapsed time: 31427.8s [2025-03-01T00:06:59.357Z]
### Progress: 309211/309212 events | Elapsed time: 31432.7s [2025-03-01T00:07:04.272Z]
### Progress: 309211/309212 events | Elapsed time: 31437.7s [2025-03-01T00:07:09.290Z]
### Progress: 309211/309212 events | Elapsed time: 31442.8s [2025-03-01T00:07:14.310Z]
### Progress: 309211/309212 events | Elapsed time: 31447.8s [2025-03-01T00:07:19.325Z]
### Progress: 309211/309212 events | Elapsed time: 31452.7s [2025-03-01T00:07:24.292Z]
### Progress: 309211/309212 events | Elapsed time: 31457.8s [2025-03-01T00:07:29.361Z]
### Progress: 309211/309212 events | Elapsed time: 31462.8s [2025-03-01T00:07:34.379Z]
### Progress: 309211/309212 events | Elapsed time: 31467.9s [2025-03-01T00:07:39.396Z]
### Progress: 309211/309212 events | Elapsed time: 31472.8s [2025-03-01T00:07:44.311Z]
### Progress: 309211/309212 events | Elapsed time: 31477.8s [2025-03-01T00:07:49.329Z]
### Progress: 309211/309212 events | Elapsed time: 31482.8s [2025-03-01T00:07:54.346Z]
### Progress: 309211/309212 events | Elapsed time: 31487.8s [2025-03-01T00:07:59.364Z]
### Progress: 309211/309212 events | Elapsed time: 31492.8s [2025-03-01T00:08:04.382Z]
### Progress: 309211/309212 events | Elapsed time: 31497.8s [2025-03-01T00:08:09.349Z]
### Progress: 309211/309212 events | Elapsed time: 31502.9s [2025-03-01T00:08:14.417Z]
### Progress: 309211/309212 events | Elapsed time: 31507.9s [2025-03-01T00:08:19.434Z]
### Progress: 309211/309212 events | Elapsed time: 31512.8s [2025-03-01T00:08:24.349Z]
### Progress: 309211/309212 events | Elapsed time: 31517.8s [2025-03-01T00:08:29.367Z]
### Progress: 309211/309212 events | Elapsed time: 31522.8s [2025-03-01T00:08:34.384Z]
### Progress: 309211/309212 events | Elapsed time: 31527.9s [2025-03-01T00:08:39.402Z]
### Progress: 309211/309212 events | Elapsed time: 31532.9s [2025-03-01T00:08:44.420Z]
### Progress: 309211/309212 events | Elapsed time: 31537.9s [2025-03-01T00:08:49.437Z]
### Progress: 309211/309212 events | Elapsed time: 31542.9s [2025-03-01T00:08:54.404Z]
### Progress: 309211/309212 events | Elapsed time: 31547.9s [2025-03-01T00:08:59.473Z]
### Progress: 309211/309212 events | Elapsed time: 31552.9s [2025-03-01T00:09:04.490Z]
### Progress: 309211/309212 events | Elapsed time: 31557.9s [2025-03-01T00:09:09.406Z]
### Progress: 309211/309212 events | Elapsed time: 31562.9s [2025-03-01T00:09:14.423Z]
### Progress: 309211/309212 events | Elapsed time: 31567.9s [2025-03-01T00:09:19.441Z]
### Progress: 309211/309212 events | Elapsed time: 31572.9s [2025-03-01T00:09:24.458Z]
### Progress: 309211/309212 events | Elapsed time: 31577.9s [2025-03-01T00:09:29.476Z]
### Progress: 309211/309212 events | Elapsed time: 31582.9s [2025-03-01T00:09:34.494Z]
### Progress: 309211/309212 events | Elapsed time: 31587.9s [2025-03-01T00:09:39.460Z]
### Progress: 309211/309212 events | Elapsed time: 31593.0s [2025-03-01T00:09:44.530Z]
### Progress: 309211/309212 events | Elapsed time: 31597.9s [2025-03-01T00:09:49.444Z]
### Progress: 309211/309212 events | Elapsed time: 31602.9s [2025-03-01T00:09:54.462Z]
### Progress: 309211/309212 events | Elapsed time: 31607.9s [2025-03-01T00:09:59.480Z]
### Progress: 309211/309212 events | Elapsed time: 31613.0s [2025-03-01T00:10:04.498Z]
### Progress: 309211/309212 events | Elapsed time: 31618.0s [2025-03-01T00:10:09.515Z]
### Progress: 309211/309212 events | Elapsed time: 31623.0s [2025-03-01T00:10:14.533Z]
### Progress: 309211/309212 events | Elapsed time: 31628.0s [2025-03-01T00:10:19.554Z]
### Progress: 309211/309212 events | Elapsed time: 31633.0s [2025-03-01T00:10:24.517Z]
### Progress: 309211/309212 events | Elapsed time: 31637.9s [2025-03-01T00:10:29.484Z]
### Progress: 309211/309212 events | Elapsed time: 31643.0s [2025-03-01T00:10:34.501Z]
### Progress: 309211/309212 events | Elapsed time: 31647.9s [2025-03-01T00:10:39.482Z]
### Progress: 309211/309212 events | Elapsed time: 31653.0s [2025-03-01T00:10:44.536Z]
### Progress: 309211/309212 events | Elapsed time: 31658.0s [2025-03-01T00:10:49.554Z]
### Progress: 309211/309212 events | Elapsed time: 31663.0s [2025-03-01T00:10:54.571Z]
### Progress: 309211/309212 events | Elapsed time: 31668.0s [2025-03-01T00:10:59.589Z]
### Progress: 309211/309212 events | Elapsed time: 31673.1s [2025-03-01T00:11:04.607Z]
### Progress: 309211/309212 events | Elapsed time: 31678.1s [2025-03-01T00:11:09.624Z]
### Progress: 309211/309212 events | Elapsed time: 31683.0s [2025-03-01T00:11:14.539Z]
### Progress: 309211/309212 events | Elapsed time: 31688.5s [2025-03-01T00:11:20.069Z]
### Progress: 309211/309212 events | Elapsed time: 31693.5s [2025-03-01T00:11:25.087Z]
### Progress: 309211/309212 events | Elapsed time: 31698.6s [2025-03-01T00:11:30.104Z]
### Progress: 309211/309212 events | Elapsed time: 31703.1s [2025-03-01T00:11:34.610Z]
### Progress: 309211/309212 events | Elapsed time: 31709.1s [2025-03-01T00:11:40.652Z]
### Progress: 309211/309212 events | Elapsed time: 31713.6s [2025-03-01T00:11:45.157Z]
### Progress: 309211/309212 events | Elapsed time: 31718.6s [2025-03-01T00:11:50.175Z]
### Progress: 309211/309212 events | Elapsed time: 31725.3s [2025-03-01T00:11:56.831Z]
### Progress: 309211/309212 events | Elapsed time: 31728.1s [2025-03-01T00:11:59.596Z]
### Progress: 309211/309212 events | Elapsed time: 31735.1s [2025-03-01T00:12:06.662Z]
### Progress: 309211/309212 events | Elapsed time: 31740.1s [2025-03-01T00:12:11.679Z]
### Progress: 309211/309212 events | Elapsed time: 31743.1s [2025-03-01T00:12:14.649Z]
### Progress: 309211/309212 events | Elapsed time: 31748.1s [2025-03-01T00:12:19.667Z]
### Progress: 309211/309212 events | Elapsed time: 31753.0s [2025-03-01T00:12:24.583Z]
### Progress: 309211/309212 events | Elapsed time: 31758.2s [2025-03-01T00:12:29.702Z]
### Progress: 309211/309212 events | Elapsed time: 31763.6s [2025-03-01T00:12:35.129Z]
### Progress: 309211/309212 events | Elapsed time: 31768.6s [2025-03-01T00:12:40.147Z]
### Progress: 309211/309212 events | Elapsed time: 31773.1s [2025-03-01T00:12:44.653Z]
### Progress: 309211/309212 events | Elapsed time: 31778.6s [2025-03-01T00:12:50.182Z]
### Progress: 309211/309212 events | Elapsed time: 31783.1s [2025-03-01T00:12:54.687Z]
### Progress: 309211/309212 events | Elapsed time: 31788.7s [2025-03-01T00:13:00.217Z]
### Progress: 309211/309212 events | Elapsed time: 31793.2s [2025-03-01T00:13:04.723Z]
### Progress: 309211/309212 events | Elapsed time: 31798.2s [2025-03-01T00:13:09.740Z]
### Progress: 309211/309212 events | Elapsed time: 31803.1s [2025-03-01T00:13:14.656Z]
### Progress: 309211/309212 events | Elapsed time: 31808.1s [2025-03-01T00:13:19.673Z]
### Progress: 309211/309212 events | Elapsed time: 31813.1s [2025-03-01T00:13:24.691Z]
### Progress: 309211/309212 events | Elapsed time: 31818.2s [2025-03-01T00:13:29.713Z]
### Progress: 309211/309212 events | Elapsed time: 31823.2s [2025-03-01T00:13:34.726Z]
### Progress: 309211/309212 events | Elapsed time: 31828.2s [2025-03-01T00:13:39.744Z]
### Progress: 309211/309212 events | Elapsed time: 31833.2s [2025-03-01T00:13:44.761Z]
### Progress: 309211/309212 events | Elapsed time: 31838.2s [2025-03-01T00:13:49.779Z]
### Progress: 309211/309212 events | Elapsed time: 31843.3s [2025-03-01T00:13:54.799Z]
### Progress: 309211/309212 events | Elapsed time: 31848.2s [2025-03-01T00:13:59.712Z]
### Progress: 309211/309212 events | Elapsed time: 31853.2s [2025-03-01T00:14:04.730Z]
### Progress: 309211/309212 events | Elapsed time: 31858.2s [2025-03-01T00:14:09.747Z]
### Progress: 309211/309212 events | Elapsed time: 31863.2s [2025-03-01T00:14:14.765Z]
### Progress: 309211/309212 events | Elapsed time: 31868.2s [2025-03-01T00:14:19.783Z]
### Progress: 309211/309212 events | Elapsed time: 31873.3s [2025-03-01T00:14:24.800Z]
### Progress: 309211/309212 events | Elapsed time: 31878.3s [2025-03-01T00:14:29.818Z]
### Progress: 309211/309212 events | Elapsed time: 31883.3s [2025-03-01T00:14:34.836Z]
### Progress: 309211/309212 events | Elapsed time: 31888.2s [2025-03-01T00:14:39.751Z]
### Progress: 309211/309212 events | Elapsed time: 31893.2s [2025-03-01T00:14:44.768Z]
### Progress: 309211/309212 events | Elapsed time: 31898.2s [2025-03-01T00:14:49.786Z]
### Progress: 309211/309212 events | Elapsed time: 31903.3s [2025-03-01T00:14:54.804Z]
### Progress: 309211/309212 events | Elapsed time: 31908.3s [2025-03-01T00:14:59.821Z]
### Progress: 309211/309212 events | Elapsed time: 31913.3s [2025-03-01T00:15:04.839Z]
### Progress: 309211/309212 events | Elapsed time: 31918.3s [2025-03-01T00:15:09.857Z]
### Progress: 309211/309212 events | Elapsed time: 31923.3s [2025-03-01T00:15:14.874Z]
### Progress: 309211/309212 events | Elapsed time: 31928.2s [2025-03-01T00:15:19.790Z]
### Progress: 309211/309212 events | Elapsed time: 31933.3s [2025-03-01T00:15:24.807Z]
### Progress: 309211/309212 events | Elapsed time: 31938.3s [2025-03-01T00:15:29.825Z]
### Progress: 309211/309212 events | Elapsed time: 31943.3s [2025-03-01T00:15:34.843Z]
### Progress: 309211/309212 events | Elapsed time: 31948.3s [2025-03-01T00:15:39.860Z]
### Progress: 309211/309212 events | Elapsed time: 31953.3s [2025-03-01T00:15:44.878Z]
### Progress: 309211/309212 events | Elapsed time: 31958.4s [2025-03-01T00:15:49.897Z]
### Progress: 309211/309212 events | Elapsed time: 31963.4s [2025-03-01T00:15:54.913Z]
### Progress: 309211/309212 events | Elapsed time: 31968.3s [2025-03-01T00:15:59.829Z]
### Progress: 309211/309212 events | Elapsed time: 31973.3s [2025-03-01T00:16:04.846Z]
### Progress: 309211/309212 events | Elapsed time: 31978.3s [2025-03-01T00:16:09.864Z]
### Progress: 309211/309212 events | Elapsed time: 31983.3s [2025-03-01T00:16:14.882Z]
### Progress: 309211/309212 events | Elapsed time: 31988.4s [2025-03-01T00:16:19.899Z]
### Progress: 309211/309212 events | Elapsed time: 31993.4s [2025-03-01T00:16:24.917Z]
### Progress: 309211/309212 events | Elapsed time: 31998.4s [2025-03-01T00:16:29.936Z]
### Progress: 309211/309212 events | Elapsed time: 32003.4s [2025-03-01T00:16:34.952Z]
### Progress: 309211/309212 events | Elapsed time: 32008.4s [2025-03-01T00:16:39.970Z]
### Progress: 309211/309212 events | Elapsed time: 32013.3s [2025-03-01T00:16:44.885Z]
### Progress: 309211/309212 events | Elapsed time: 32018.4s [2025-03-01T00:16:49.903Z]
### Progress: 309211/309212 events | Elapsed time: 32023.4s [2025-03-01T00:16:54.920Z]
### Progress: 309211/309212 events | Elapsed time: 32028.4s [2025-03-01T00:16:59.938Z]
### Progress: 309211/309212 events | Elapsed time: 32033.4s [2025-03-01T00:17:04.956Z]
### Progress: 309211/309212 events | Elapsed time: 32038.4s [2025-03-01T00:17:09.973Z]
### Progress: 309211/309212 events | Elapsed time: 32043.4s [2025-03-01T00:17:14.991Z]
### Progress: 309211/309212 events | Elapsed time: 32048.5s [2025-03-01T00:17:20.008Z]
### Progress: 309211/309212 events | Elapsed time: 32053.9s [2025-03-01T00:17:25.436Z]
### Progress: 309211/309212 events | Elapsed time: 32059.0s [2025-03-01T00:17:30.556Z]
### Progress: 309211/309212 events | Elapsed time: 32063.4s [2025-03-01T00:17:34.959Z]
### Progress: 309211/309212 events | Elapsed time: 32068.4s [2025-03-01T00:17:39.977Z]
### Progress: 309211/309212 events | Elapsed time: 32073.5s [2025-03-01T00:17:44.996Z]
### Progress: 309211/309212 events | Elapsed time: 32080.4s [2025-03-01T00:17:51.987Z]
### Progress: 309211/309212 events | Elapsed time: 32083.4s [2025-03-01T00:17:54.948Z]
### Progress: 309211/309212 events | Elapsed time: 32090.4s [2025-03-01T00:18:01.993Z]
### Progress: 309211/309212 events | Elapsed time: 32095.5s [2025-03-01T00:18:07.010Z]
### Progress: 309211/309212 events | Elapsed time: 32098.9s [2025-03-01T00:18:10.492Z]
### Progress: 309211/309212 events | Elapsed time: 32103.5s [2025-03-01T00:18:14.998Z]
### Progress: 309211/309212 events | Elapsed time: 32109.0s [2025-03-01T00:18:20.527Z]
### Progress: 309211/309212 events | Elapsed time: 32121.0s [2025-03-01T00:18:32.508Z]
### Progress: 309211/309212 events | Elapsed time: 32122.3s [2025-03-01T00:18:33.842Z]
### Progress: 309211/309212 events | Elapsed time: 32125.6s [2025-03-01T00:18:37.117Z]
### Progress: 309211/309212 events | Elapsed time: 32128.4s [2025-03-01T00:18:39.984Z]
### Progress: 309211/309212 events | Elapsed time: 32133.5s [2025-03-01T00:18:45.002Z]
### Progress: 309211/309212 events | Elapsed time: 32138.5s [2025-03-01T00:18:50.020Z]
### Progress: 309211/309212 events | Elapsed time: 32143.5s [2025-03-01T00:18:55.037Z]
### Progress: 309211/309212 events | Elapsed time: 32149.4s [2025-03-01T00:19:00.980Z]
### Progress: 309211/309212 events | Elapsed time: 32154.0s [2025-03-01T00:19:05.584Z]
### Progress: 309211/309212 events | Elapsed time: 32158.5s [2025-03-01T00:19:10.090Z]
### Progress: 309211/309212 events | Elapsed time: 32165.5s [2025-03-01T00:19:17.053Z]
### Progress: 309211/309212 events | Elapsed time: 32184.7s [2025-03-01T00:19:36.203Z]
### Progress: 309211/309212 events | Elapsed time: 32311.6s [2025-03-01T00:21:43.180Z]
### Progress: 309211/309212 events | Elapsed time: 32311.6s [2025-03-01T00:21:43.180Z]
### Progress: 309211/309212 events | Elapsed time: 32311.6s [2025-03-01T00:21:43.180Z]
### Progress: 309211/309212 events | Elapsed time: 32311.9s [2025-03-01T00:21:43.487Z]
### Progress: 309211/309212 events | Elapsed time: 32311.9s [2025-03-01T00:21:43.487Z]
### Progress: 309211/309212 events | Elapsed time: 32311.9s [2025-03-01T00:21:43.487Z]
### Progress: 309211/309212 events | Elapsed time: 32311.9s [2025-03-01T00:21:43.487Z]
### Progress: 309211/309212 events | Elapsed time: 32311.9s [2025-03-01T00:21:43.487Z]
### Progress: 309211/309212 events | Elapsed time: 32311.9s [2025-03-01T00:21:43.487Z]
### Progress: 309211/309212 events | Elapsed time: 32311.9s [2025-03-01T00:21:43.487Z]
### Progress: 309211/309212 events | Elapsed time: 32311.9s [2025-03-01T00:21:43.487Z]
### Progress: 309211/309212 events | Elapsed time: 32311.9s [2025-03-01T00:21:43.487Z]
### Progress: 309211/309212 events | Elapsed time: 32311.9s [2025-03-01T00:21:43.487Z]
### Progress: 309211/309212 events | Elapsed time: 32311.9s [2025-03-01T00:21:43.487Z]
### Progress: 309211/309212 events | Elapsed time: 32311.9s [2025-03-01T00:21:43.487Z]
### Progress: 309211/309212 events | Elapsed time: 32311.9s [2025-03-01T00:21:43.487Z]
### Progress: 309211/309212 events | Elapsed time: 32311.9s [2025-03-01T00:21:43.487Z]
### Progress: 309211/309212 events | Elapsed time: 32311.9s [2025-03-01T00:21:43.488Z]
### Progress: 309211/309212 events | Elapsed time: 32311.9s [2025-03-01T00:21:43.488Z]
### Progress: 309211/309212 events | Elapsed time: 32311.9s [2025-03-01T00:21:43.488Z]
### Progress: 309211/309212 events | Elapsed time: 32311.9s [2025-03-01T00:21:43.488Z]
### Progress: 309211/309212 events | Elapsed time: 32311.9s [2025-03-01T00:21:43.488Z]
### Progress: 309211/309212 events | Elapsed time: 32311.9s [2025-03-01T00:21:43.488Z]
### Progress: 309211/309212 events | Elapsed time: 32311.9s [2025-03-01T00:21:43.488Z]
### Progress: 309211/309212 events | Elapsed time: 32311.9s [2025-03-01T00:21:43.488Z]
### Progress: 309211/309212 events | Elapsed time: 32311.9s [2025-03-01T00:21:43.488Z]
### Progress: 309211/309212 events | Elapsed time: 32311.9s [2025-03-01T00:21:43.488Z]
### Progress: 309211/309212 events | Elapsed time: 32311.9s [2025-03-01T00:21:43.488Z]
### Progress: 309211/309212 events | Elapsed time: 32313.7s [2025-03-01T00:21:45.228Z]
### Progress: 309211/309212 events | Elapsed time: 32318.6s [2025-03-01T00:21:50.169Z]
### Progress: 309211/309212 events | Elapsed time: 32323.7s [2025-03-01T00:21:55.263Z]
### Progress: 309211/309212 events | Elapsed time: 32328.7s [2025-03-01T00:22:00.281Z]
### Progress: 309211/309212 events | Elapsed time: 32333.8s [2025-03-01T00:22:05.299Z]
### Progress: 309211/309212 events | Elapsed time: 32338.7s [2025-03-01T00:22:10.214Z]
### Progress: 309211/309212 events | Elapsed time: 32343.7s [2025-03-01T00:22:15.232Z]
### Progress: 309211/309212 events | Elapsed time: 32348.7s [2025-03-01T00:22:20.249Z]
### Progress: 309211/309212 events | Elapsed time: 32353.7s [2025-03-01T00:22:25.267Z]
### Progress: 309211/309212 events | Elapsed time: 32358.7s [2025-03-01T00:22:30.285Z]
### Progress: 309211/309212 events | Elapsed time: 32363.8s [2025-03-01T00:22:35.302Z]
### Progress: 309211/309212 events | Elapsed time: 32368.7s [2025-03-01T00:22:40.261Z]
### Progress: 309211/309212 events | Elapsed time: 32373.8s [2025-03-01T00:22:45.337Z]
### Progress: 309211/309212 events | Elapsed time: 32378.7s [2025-03-01T00:22:50.253Z]
### Progress: 309211/309212 events | Elapsed time: 32383.7s [2025-03-01T00:22:55.271Z]
### Progress: 309211/309212 events | Elapsed time: 32388.7s [2025-03-01T00:23:00.288Z]
### Progress: 309211/309212 events | Elapsed time: 32393.8s [2025-03-01T00:23:05.306Z]
### Progress: 309211/309212 events | Elapsed time: 32398.8s [2025-03-01T00:23:10.324Z]
### Progress: 309211/309212 events | Elapsed time: 32403.8s [2025-03-01T00:23:15.341Z]
### Progress: 309211/309212 events | Elapsed time: 32408.8s [2025-03-01T00:23:20.359Z]
### Progress: 309211/309212 events | Elapsed time: 32413.8s [2025-03-01T00:23:25.316Z]
### Progress: 309211/309212 events | Elapsed time: 32418.7s [2025-03-01T00:23:30.292Z]
### Progress: 309211/309212 events | Elapsed time: 32423.8s [2025-03-01T00:23:35.309Z]
### Progress: 309211/309212 events | Elapsed time: 32428.8s [2025-03-01T00:23:40.327Z]
### Progress: 309211/309212 events | Elapsed time: 32433.8s [2025-03-01T00:23:45.345Z]
### Progress: 309211/309212 events | Elapsed time: 32438.8s [2025-03-01T00:23:50.362Z]
### Progress: 309211/309212 events | Elapsed time: 32443.8s [2025-03-01T00:23:55.380Z]
### Progress: 309211/309212 events | Elapsed time: 32448.9s [2025-03-01T00:24:00.398Z]
### Progress: 309211/309212 events | Elapsed time: 32453.9s [2025-03-01T00:24:05.416Z]
### Progress: 309211/309212 events | Elapsed time: 32458.8s [2025-03-01T00:24:10.331Z]
### Progress: 309211/309212 events | Elapsed time: 32463.8s [2025-03-01T00:24:15.349Z]
### Progress: 309211/309212 events | Elapsed time: 32468.8s [2025-03-01T00:24:20.368Z]
### Progress: 309211/309212 events | Elapsed time: 32473.8s [2025-03-01T00:24:25.384Z]
### Progress: 309211/309212 events | Elapsed time: 32478.9s [2025-03-01T00:24:30.402Z]
### Progress: 309211/309212 events | Elapsed time: 32483.9s [2025-03-01T00:24:35.420Z]
### Progress: 309211/309212 events | Elapsed time: 32488.9s [2025-03-01T00:24:40.437Z]
### Progress: 309211/309212 events | Elapsed time: 32493.9s [2025-03-01T00:24:45.455Z]
### Progress: 309211/309212 events | Elapsed time: 32498.8s [2025-03-01T00:24:50.370Z]
### Progress: 309211/309212 events | Elapsed time: 32503.8s [2025-03-01T00:24:55.363Z]
### Progress: 309211/309212 events | Elapsed time: 32508.9s [2025-03-01T00:25:00.405Z]
### Progress: 309211/309212 events | Elapsed time: 32513.9s [2025-03-01T00:25:05.423Z]
### Progress: 309211/309212 events | Elapsed time: 32518.9s [2025-03-01T00:25:10.441Z]
### Progress: 309211/309212 events | Elapsed time: 32523.9s [2025-03-01T00:25:15.459Z]
### Progress: 309211/309212 events | Elapsed time: 32528.9s [2025-03-01T00:25:20.478Z]
### Progress: 309211/309212 events | Elapsed time: 32534.0s [2025-03-01T00:25:25.496Z]
### Progress: 309211/309212 events | Elapsed time: 32538.9s [2025-03-01T00:25:30.412Z]
### Progress: 309211/309212 events | Elapsed time: 32543.9s [2025-03-01T00:25:35.430Z]
### Progress: 309211/309212 events | Elapsed time: 32548.9s [2025-03-01T00:25:40.413Z]
### Progress: 309211/309212 events | Elapsed time: 32553.9s [2025-03-01T00:25:45.466Z]
### Progress: 309211/309212 events | Elapsed time: 32558.9s [2025-03-01T00:25:50.485Z]
### Progress: 309211/309212 events | Elapsed time: 32564.0s [2025-03-01T00:25:55.503Z]
### Progress: 309211/309212 events | Elapsed time: 32569.0s [2025-03-01T00:26:00.521Z]
### Progress: 309211/309212 events | Elapsed time: 32574.0s [2025-03-01T00:26:05.541Z]
### Progress: 309211/309212 events | Elapsed time: 32579.0s [2025-03-01T00:26:10.558Z]
### Progress: 309211/309212 events | Elapsed time: 32583.9s [2025-03-01T00:26:15.473Z]
### Progress: 309211/309212 events | Elapsed time: 32588.9s [2025-03-01T00:26:20.492Z]
### Progress: 309211/309212 events | Elapsed time: 32594.0s [2025-03-01T00:26:25.510Z]
### Progress: 309211/309212 events | Elapsed time: 32599.0s [2025-03-01T00:26:30.528Z]
### Progress: 309211/309212 events | Elapsed time: 32604.0s [2025-03-01T00:26:35.546Z]
### Progress: 309211/309212 events | Elapsed time: 32609.0s [2025-03-01T00:26:40.564Z]
### Progress: 309211/309212 events | Elapsed time: 32614.0s [2025-03-01T00:26:45.582Z]
### Progress: 309211/309212 events | Elapsed time: 32619.1s [2025-03-01T00:26:50.601Z]
### Progress: 309211/309212 events | Elapsed time: 32624.0s [2025-03-01T00:26:55.516Z]
### Progress: 309211/309212 events | Elapsed time: 32629.0s [2025-03-01T00:27:00.535Z]
### Progress: 309211/309212 events | Elapsed time: 32634.0s [2025-03-01T00:27:05.508Z]
### Progress: 309211/309212 events | Elapsed time: 32639.0s [2025-03-01T00:27:10.573Z]
### Progress: 309211/309212 events | Elapsed time: 32644.0s [2025-03-01T00:27:15.589Z]
### Progress: 309211/309212 events | Elapsed time: 32649.1s [2025-03-01T00:27:20.608Z]
### Progress: 309211/309212 events | Elapsed time: 32654.1s [2025-03-01T00:27:25.626Z]
### Progress: 309211/309212 events | Elapsed time: 32659.1s [2025-03-01T00:27:30.644Z]
### Progress: 309211/309212 events | Elapsed time: 32664.0s [2025-03-01T00:27:35.559Z]
### Progress: 309211/309212 events | Elapsed time: 32669.0s [2025-03-01T00:27:40.578Z]
### Progress: 309211/309212 events | Elapsed time: 32674.1s [2025-03-01T00:27:45.596Z]
### Progress: 309211/309212 events | Elapsed time: 32679.1s [2025-03-01T00:27:50.614Z]
### Progress: 309211/309212 events | Elapsed time: 32684.1s [2025-03-01T00:27:55.632Z]
### Progress: 309211/309212 events | Elapsed time: 32689.1s [2025-03-01T00:28:00.650Z]
### Progress: 309211/309212 events | Elapsed time: 32694.1s [2025-03-01T00:28:05.668Z]
### Progress: 309211/309212 events | Elapsed time: 32699.0s [2025-03-01T00:28:10.584Z]
### Progress: 309211/309212 events | Elapsed time: 32704.1s [2025-03-01T00:28:15.603Z]
### Progress: 309211/309212 events | Elapsed time: 32709.1s [2025-03-01T00:28:20.620Z]
### Progress: 309211/309212 events | Elapsed time: 32714.1s [2025-03-01T00:28:25.638Z]
### Progress: 309211/309212 events | Elapsed time: 32719.1s [2025-03-01T00:28:30.657Z]
### Progress: 309211/309212 events | Elapsed time: 32724.1s [2025-03-01T00:28:35.675Z]
### Progress: 309211/309212 events | Elapsed time: 32729.1s [2025-03-01T00:28:40.693Z]
### Progress: 309211/309212 events | Elapsed time: 32734.2s [2025-03-01T00:28:45.711Z]
### Progress: 309211/309212 events | Elapsed time: 32739.1s [2025-03-01T00:28:50.637Z]
### Progress: 309211/309212 events | Elapsed time: 32744.1s [2025-03-01T00:28:55.645Z]
### Progress: 309211/309212 events | Elapsed time: 32749.1s [2025-03-01T00:29:00.663Z]
### Progress: 309211/309212 events | Elapsed time: 32754.1s [2025-03-01T00:29:05.681Z]
### Progress: 309211/309212 events | Elapsed time: 32759.2s [2025-03-01T00:29:10.699Z]
### Progress: 309211/309212 events | Elapsed time: 32764.2s [2025-03-01T00:29:15.717Z]
### Progress: 309211/309212 events | Elapsed time: 32769.2s [2025-03-01T00:29:20.736Z]
### Progress: 309211/309212 events | Elapsed time: 32774.2s [2025-03-01T00:29:25.753Z]
### Progress: 309211/309212 events | Elapsed time: 32779.2s [2025-03-01T00:29:30.771Z]
### Progress: 309211/309212 events | Elapsed time: 32784.1s [2025-03-01T00:29:35.687Z]
### Progress: 309211/309212 events | Elapsed time: 32789.2s [2025-03-01T00:29:40.705Z]
### Progress: 309211/309212 events | Elapsed time: 32794.2s [2025-03-01T00:29:45.723Z]
### Progress: 309211/309212 events | Elapsed time: 32799.2s [2025-03-01T00:29:50.741Z]
### Progress: 309211/309212 events | Elapsed time: 32804.2s [2025-03-01T00:29:55.759Z]
### Progress: 309211/309212 events | Elapsed time: 32809.2s [2025-03-01T00:30:00.777Z]
### Progress: 309211/309212 events | Elapsed time: 32814.3s [2025-03-01T00:30:05.795Z]
### Progress: 309211/309212 events | Elapsed time: 32819.2s [2025-03-01T00:30:10.711Z]
### Progress: 309211/309212 events | Elapsed time: 32824.2s [2025-03-01T00:30:15.729Z]
### Progress: 309211/309212 events | Elapsed time: 32829.2s [2025-03-01T00:30:20.747Z]
### Progress: 309211/309212 events | Elapsed time: 32834.2s [2025-03-01T00:30:25.765Z]
### Progress: 309211/309212 events | Elapsed time: 32839.2s [2025-03-01T00:30:30.783Z]
### Progress: 309211/309212 events | Elapsed time: 32844.3s [2025-03-01T00:30:35.801Z]
### Progress: 309211/309212 events | Elapsed time: 32849.3s [2025-03-01T00:30:40.819Z]
### Progress: 309211/309212 events | Elapsed time: 32854.3s [2025-03-01T00:30:45.837Z]
### Progress: 309211/309212 events | Elapsed time: 32859.2s [2025-03-01T00:30:50.753Z]
### Progress: 309211/309212 events | Elapsed time: 32864.2s [2025-03-01T00:30:55.771Z]
### Progress: 309211/309212 events | Elapsed time: 32869.2s [2025-03-01T00:31:00.789Z]
### Progress: 309211/309212 events | Elapsed time: 32874.3s [2025-03-01T00:31:05.808Z]
### Progress: 309211/309212 events | Elapsed time: 32879.3s [2025-03-01T00:31:10.825Z]
### Progress: 309211/309212 events | Elapsed time: 32884.3s [2025-03-01T00:31:15.843Z]
### Progress: 309211/309212 events | Elapsed time: 32889.3s [2025-03-01T00:31:20.862Z]
### Progress: 309211/309212 events | Elapsed time: 32894.3s [2025-03-01T00:31:25.879Z]
### Progress: 309211/309212 events | Elapsed time: 32899.4s [2025-03-01T00:31:30.897Z]
### Progress: 309211/309212 events | Elapsed time: 32904.3s [2025-03-01T00:31:35.812Z]
### Progress: 309211/309212 events | Elapsed time: 32909.3s [2025-03-01T00:31:40.830Z]
### Progress: 309211/309212 events | Elapsed time: 32914.3s [2025-03-01T00:31:45.848Z]
### Progress: 309211/309212 events | Elapsed time: 32919.3s [2025-03-01T00:31:50.866Z]
### Progress: 309211/309212 events | Elapsed time: 32924.3s [2025-03-01T00:31:55.885Z]
### Progress: 309211/309212 events | Elapsed time: 32929.4s [2025-03-01T00:32:00.902Z]
### Progress: 309211/309212 events | Elapsed time: 32934.4s [2025-03-01T00:32:05.920Z]
### Progress: 309211/309212 events | Elapsed time: 32939.4s [2025-03-01T00:32:10.939Z]
### Progress: 309211/309212 events | Elapsed time: 32944.3s [2025-03-01T00:32:15.856Z]
### Progress: 309211/309212 events | Elapsed time: 32949.3s [2025-03-01T00:32:20.873Z]
### Progress: 309211/309212 events | Elapsed time: 32954.3s [2025-03-01T00:32:25.890Z]
### Progress: 309211/309212 events | Elapsed time: 32959.4s [2025-03-01T00:32:30.908Z]
### Progress: 309211/309212 events | Elapsed time: 32964.4s [2025-03-01T00:32:35.927Z]
### Progress: 309211/309212 events | Elapsed time: 32969.4s [2025-03-01T00:32:40.944Z]
### Progress: 309211/309212 events | Elapsed time: 32974.4s [2025-03-01T00:32:45.963Z]
### Progress: 309211/309212 events | Elapsed time: 32979.5s [2025-03-01T00:32:51.021Z]
### Progress: 309211/309212 events | Elapsed time: 32984.4s [2025-03-01T00:32:55.896Z]
### Progress: 309211/309212 events | Elapsed time: 32989.4s [2025-03-01T00:33:00.916Z]
### Progress: 309211/309212 events | Elapsed time: 32994.4s [2025-03-01T00:33:05.932Z]
### Progress: 309211/309212 events | Elapsed time: 32999.4s [2025-03-01T00:33:10.906Z]
### Progress: 309211/309212 events | Elapsed time: 33004.4s [2025-03-01T00:33:15.968Z]
### Progress: 309211/309212 events | Elapsed time: 33009.4s [2025-03-01T00:33:20.986Z]
### Progress: 309211/309212 events | Elapsed time: 33014.5s [2025-03-01T00:33:26.003Z]
### Progress: 309211/309212 events | Elapsed time: 33019.5s [2025-03-01T00:33:31.021Z]
### Progress: 309211/309212 events | Elapsed time: 33024.4s [2025-03-01T00:33:35.937Z]
### Progress: 309211/309212 events | Elapsed time: 33029.4s [2025-03-01T00:33:40.955Z]
### Progress: 309211/309212 events | Elapsed time: 33034.4s [2025-03-01T00:33:45.974Z]
### Progress: 309211/309212 events | Elapsed time: 33039.4s [2025-03-01T00:33:50.991Z]
### Progress: 309211/309212 events | Elapsed time: 33044.5s [2025-03-01T00:33:56.023Z]
### Progress: 309211/309212 events | Elapsed time: 33049.5s [2025-03-01T00:34:01.028Z]
### Progress: 309211/309212 events | Elapsed time: 33054.5s [2025-03-01T00:34:06.044Z]
### Progress: 309211/309212 events | Elapsed time: 33059.5s [2025-03-01T00:34:11.063Z]
### Progress: 309211/309212 events | Elapsed time: 33064.5s [2025-03-01T00:34:16.081Z]
### Progress: 309211/309212 events | Elapsed time: 33069.5s [2025-03-01T00:34:20.996Z]
### Progress: 309211/309212 events | Elapsed time: 33074.5s [2025-03-01T00:34:26.014Z]
### Progress: 309211/309212 events | Elapsed time: 33079.5s [2025-03-01T00:34:31.033Z]
### Progress: 309211/309212 events | Elapsed time: 33084.5s [2025-03-01T00:34:36.050Z]
### Progress: 309211/309212 events | Elapsed time: 33089.4s [2025-03-01T00:34:40.992Z]
### Progress: 309211/309212 events | Elapsed time: 33094.5s [2025-03-01T00:34:46.086Z]
### Progress: 309211/309212 events | Elapsed time: 33099.5s [2025-03-01T00:34:51.002Z]
### Progress: 309211/309212 events | Elapsed time: 33104.5s [2025-03-01T00:34:56.019Z]
### Progress: 309211/309212 events | Elapsed time: 33109.5s [2025-03-01T00:35:01.037Z]
### Progress: 309211/309212 events | Elapsed time: 33114.5s [2025-03-01T00:35:06.055Z]
### Progress: 309211/309212 events | Elapsed time: 33119.5s [2025-03-01T00:35:11.073Z]
### Progress: 309211/309212 events | Elapsed time: 33124.5s [2025-03-01T00:35:16.091Z]
### Progress: 309211/309212 events | Elapsed time: 33129.6s [2025-03-01T00:35:21.109Z]
### Progress: 309211/309212 events | Elapsed time: 33134.6s [2025-03-01T00:35:26.127Z]
### Progress: 309211/309212 events | Elapsed time: 33139.6s [2025-03-01T00:35:31.144Z]
### Progress: 309211/309212 events | Elapsed time: 33144.6s [2025-03-01T00:35:36.162Z]
### Progress: 309211/309212 events | Elapsed time: 33149.5s [2025-03-01T00:35:41.078Z]
### Progress: 309211/309212 events | Elapsed time: 33154.6s [2025-03-01T00:35:46.098Z]
### Progress: 309211/309212 events | Elapsed time: 33159.5s [2025-03-01T00:35:51.069Z]
### Progress: 309211/309212 events | Elapsed time: 33164.6s [2025-03-01T00:35:56.131Z]
### Progress: 309211/309212 events | Elapsed time: 33169.6s [2025-03-01T00:36:01.149Z]
### Progress: 309211/309212 events | Elapsed time: 33174.6s [2025-03-01T00:36:06.170Z]
### Progress: 309211/309212 events | Elapsed time: 33179.6s [2025-03-01T00:36:11.185Z]
### Progress: 309211/309212 events | Elapsed time: 33184.7s [2025-03-01T00:36:16.204Z]
### Progress: 309211/309212 events | Elapsed time: 33189.6s [2025-03-01T00:36:21.118Z]
### Progress: 309211/309212 events | Elapsed time: 33194.6s [2025-03-01T00:36:26.116Z]
### Progress: 309211/309212 events | Elapsed time: 33199.6s [2025-03-01T00:36:31.154Z]
### Progress: 309211/309212 events | Elapsed time: 33204.6s [2025-03-01T00:36:36.172Z]
### Progress: 309211/309212 events | Elapsed time: 33209.6s [2025-03-01T00:36:41.190Z]
### Progress: 309211/309212 events | Elapsed time: 33214.7s [2025-03-01T00:36:46.208Z]
### Progress: 309211/309212 events | Elapsed time: 33219.7s [2025-03-01T00:36:51.226Z]
### Progress: 309211/309212 events | Elapsed time: 33224.6s [2025-03-01T00:36:56.142Z]
### Progress: 309211/309212 events | Elapsed time: 33229.6s [2025-03-01T00:37:01.159Z]
### Progress: 309211/309212 events | Elapsed time: 33234.6s [2025-03-01T00:37:06.177Z]
### Progress: 309211/309212 events | Elapsed time: 33239.7s [2025-03-01T00:37:11.195Z]
### Progress: 309211/309212 events | Elapsed time: 33244.7s [2025-03-01T00:37:16.213Z]
### Progress: 309211/309212 events | Elapsed time: 33249.7s [2025-03-01T00:37:21.233Z]
### Progress: 309211/309212 events | Elapsed time: 33254.6s [2025-03-01T00:37:26.168Z]
### Progress: 309211/309212 events | Elapsed time: 33259.7s [2025-03-01T00:37:31.266Z]
### Progress: 309211/309212 events | Elapsed time: 33264.7s [2025-03-01T00:37:36.285Z]
### Progress: 309211/309212 events | Elapsed time: 33269.7s [2025-03-01T00:37:41.200Z]
### Progress: 309211/309212 events | Elapsed time: 33274.7s [2025-03-01T00:37:46.218Z]
### Progress: 309211/309212 events | Elapsed time: 33279.7s [2025-03-01T00:37:51.236Z]
### Progress: 309211/309212 events | Elapsed time: 33284.7s [2025-03-01T00:37:56.198Z]
### Progress: 309211/309212 events | Elapsed time: 33289.7s [2025-03-01T00:38:01.271Z]
### Progress: 309211/309212 events | Elapsed time: 33294.7s [2025-03-01T00:38:06.289Z]
### Progress: 309211/309212 events | Elapsed time: 33299.8s [2025-03-01T00:38:11.307Z]
### Progress: 309211/309212 events | Elapsed time: 33304.8s [2025-03-01T00:38:16.325Z]
### Progress: 309211/309212 events | Elapsed time: 33309.7s [2025-03-01T00:38:21.240Z]
### Progress: 309211/309212 events | Elapsed time: 33314.7s [2025-03-01T00:38:26.258Z]
### Progress: 309211/309212 events | Elapsed time: 33319.7s [2025-03-01T00:38:31.276Z]
### Progress: 309211/309212 events | Elapsed time: 33324.7s [2025-03-01T00:38:36.294Z]
### Progress: 309211/309212 events | Elapsed time: 33329.8s [2025-03-01T00:38:41.312Z]
### Progress: 309211/309212 events | Elapsed time: 33334.8s [2025-03-01T00:38:46.330Z]
### Progress: 309211/309212 events | Elapsed time: 33339.8s [2025-03-01T00:38:51.348Z]
### Progress: 309211/309212 events | Elapsed time: 33344.8s [2025-03-01T00:38:56.366Z]
### Progress: 309211/309212 events | Elapsed time: 33349.7s [2025-03-01T00:39:01.282Z]
### Progress: 309211/309212 events | Elapsed time: 33354.8s [2025-03-01T00:39:06.299Z]
### Progress: 309211/309212 events | Elapsed time: 33359.8s [2025-03-01T00:39:11.317Z]
### Progress: 309211/309212 events | Elapsed time: 33364.8s [2025-03-01T00:39:16.335Z]
### Progress: 309211/309212 events | Elapsed time: 33369.8s [2025-03-01T00:39:21.353Z]
### Progress: 309211/309212 events | Elapsed time: 33374.8s [2025-03-01T00:39:26.370Z]
### Progress: 309211/309212 events | Elapsed time: 33379.8s [2025-03-01T00:39:31.388Z]
### Progress: 309211/309212 events | Elapsed time: 33384.8s [2025-03-01T00:39:36.357Z]
### Progress: 309211/309212 events | Elapsed time: 33389.8s [2025-03-01T00:39:41.322Z]
### Progress: 309211/309212 events | Elapsed time: 33394.8s [2025-03-01T00:39:46.316Z]
### Progress: 309211/309212 events | Elapsed time: 33399.8s [2025-03-01T00:39:51.357Z]
### Progress: 309211/309212 events | Elapsed time: 33404.8s [2025-03-01T00:39:56.375Z]
### Progress: 309211/309212 events | Elapsed time: 33409.8s [2025-03-01T00:40:01.393Z]
### Progress: 309211/309212 events | Elapsed time: 33414.9s [2025-03-01T00:40:06.411Z]
### Progress: 309211/309212 events | Elapsed time: 33419.9s [2025-03-01T00:40:11.432Z]
### Progress: 309211/309212 events | Elapsed time: 33424.9s [2025-03-01T00:40:16.447Z]
### Progress: 309211/309212 events | Elapsed time: 33429.8s [2025-03-01T00:40:21.362Z]
### Progress: 309211/309212 events | Elapsed time: 33434.8s [2025-03-01T00:40:26.380Z]
### Progress: 309211/309212 events | Elapsed time: 33439.9s [2025-03-01T00:40:31.398Z]
### Progress: 309211/309212 events | Elapsed time: 33444.9s [2025-03-01T00:40:36.416Z]
### Progress: 309211/309212 events | Elapsed time: 33449.9s [2025-03-01T00:40:41.433Z]
### Progress: 309211/309212 events | Elapsed time: 33454.9s [2025-03-01T00:40:46.451Z]
### Progress: 309211/309212 events | Elapsed time: 33459.9s [2025-03-01T00:40:51.469Z]
### Progress: 309211/309212 events | Elapsed time: 33464.9s [2025-03-01T00:40:56.487Z]
### Progress: 309211/309212 events | Elapsed time: 33469.9s [2025-03-01T00:41:01.405Z]
### Progress: 309211/309212 events | Elapsed time: 33474.9s [2025-03-01T00:41:06.423Z]
### Progress: 309211/309212 events | Elapsed time: 33479.9s [2025-03-01T00:41:11.440Z]
### Progress: 309211/309212 events | Elapsed time: 33484.9s [2025-03-01T00:41:16.458Z]
### Progress: 309211/309212 events | Elapsed time: 33489.9s [2025-03-01T00:41:21.475Z]
### Progress: 309211/309212 events | Elapsed time: 33494.9s [2025-03-01T00:41:26.494Z]
### Progress: 309211/309212 events | Elapsed time: 33500.0s [2025-03-01T00:41:31.511Z]
### Progress: 309211/309212 events | Elapsed time: 33505.0s [2025-03-01T00:41:36.529Z]
### Progress: 309211/309212 events | Elapsed time: 33510.0s [2025-03-01T00:41:41.547Z]
### Progress: 309211/309212 events | Elapsed time: 33514.9s [2025-03-01T00:41:46.462Z]
### Progress: 309211/309212 events | Elapsed time: 33519.9s [2025-03-01T00:41:51.480Z]
### Progress: 309211/309212 events | Elapsed time: 33525.0s [2025-03-01T00:41:56.502Z]
### Progress: 309211/309212 events | Elapsed time: 33530.0s [2025-03-01T00:42:01.516Z]
### Progress: 309211/309212 events | Elapsed time: 33535.0s [2025-03-01T00:42:06.534Z]
### Progress: 309211/309212 events | Elapsed time: 33540.0s [2025-03-01T00:42:11.551Z]
### Progress: 309211/309212 events | Elapsed time: 33544.9s [2025-03-01T00:42:16.474Z]
### Progress: 309211/309212 events | Elapsed time: 33550.0s [2025-03-01T00:42:21.587Z]
### Progress: 309211/309212 events | Elapsed time: 33555.0s [2025-03-01T00:42:26.502Z]
### Progress: 309211/309212 events | Elapsed time: 33560.0s [2025-03-01T00:42:31.519Z]
### Progress: 309211/309212 events | Elapsed time: 33565.1s [2025-03-01T00:42:36.640Z]
### Progress: 309211/309212 events | Elapsed time: 33570.0s [2025-03-01T00:42:41.556Z]
### Progress: 309211/309212 events | Elapsed time: 33575.0s [2025-03-01T00:42:46.572Z]
### Progress: 309211/309212 events | Elapsed time: 33580.0s [2025-03-01T00:42:51.591Z]
### Progress: 309211/309212 events | Elapsed time: 33585.1s [2025-03-01T00:42:56.609Z]
### Progress: 309211/309212 events | Elapsed time: 33590.1s [2025-03-01T00:43:01.627Z]
### Progress: 309211/309212 events | Elapsed time: 33595.0s [2025-03-01T00:43:06.542Z]
### Progress: 309211/309212 events | Elapsed time: 33600.0s [2025-03-01T00:43:11.560Z]
### Progress: 309211/309212 events | Elapsed time: 33605.0s [2025-03-01T00:43:16.578Z]
### Progress: 309211/309212 events | Elapsed time: 33610.1s [2025-03-01T00:43:21.596Z]
### Progress: 309211/309212 events | Elapsed time: 33615.1s [2025-03-01T00:43:26.614Z]
### Progress: 309211/309212 events | Elapsed time: 33620.1s [2025-03-01T00:43:31.630Z]
### Progress: 309211/309212 events | Elapsed time: 33625.1s [2025-03-01T00:43:36.649Z]
### Progress: 309211/309212 events | Elapsed time: 33630.1s [2025-03-01T00:43:41.666Z]
### Progress: 309211/309212 events | Elapsed time: 33635.0s [2025-03-01T00:43:46.582Z]
### Progress: 309211/309212 events | Elapsed time: 33640.1s [2025-03-01T00:43:51.599Z]
### Progress: 309211/309212 events | Elapsed time: 33645.1s [2025-03-01T00:43:56.619Z]
### Progress: 309211/309212 events | Elapsed time: 33650.1s [2025-03-01T00:44:01.635Z]
### Progress: 309211/309212 events | Elapsed time: 33655.1s [2025-03-01T00:44:06.654Z]
### Progress: 309211/309212 events | Elapsed time: 33660.1s [2025-03-01T00:44:11.672Z]
### Progress: 309211/309212 events | Elapsed time: 33665.1s [2025-03-01T00:44:16.690Z]
### Progress: 309211/309212 events | Elapsed time: 33670.2s [2025-03-01T00:44:21.707Z]
### Progress: 309211/309212 events | Elapsed time: 33675.2s [2025-03-01T00:44:26.725Z]
### Progress: 309211/309212 events | Elapsed time: 33680.1s [2025-03-01T00:44:31.641Z]
### Progress: 309211/309212 events | Elapsed time: 33685.1s [2025-03-01T00:44:36.658Z]
### Progress: 309211/309212 events | Elapsed time: 33690.1s [2025-03-01T00:44:41.676Z]
### Progress: 309211/309212 events | Elapsed time: 33695.1s [2025-03-01T00:44:46.694Z]
### Progress: 309211/309212 events | Elapsed time: 33700.2s [2025-03-01T00:44:51.711Z]
### Progress: 309211/309212 events | Elapsed time: 33705.2s [2025-03-01T00:44:56.729Z]
### Progress: 309211/309212 events | Elapsed time: 33710.3s [2025-03-01T00:45:01.849Z]
### Progress: 309211/309212 events | Elapsed time: 33715.2s [2025-03-01T00:45:06.764Z]
### Progress: 309211/309212 events | Elapsed time: 33720.1s [2025-03-01T00:45:11.679Z]
### Progress: 309211/309212 events | Elapsed time: 33725.2s [2025-03-01T00:45:16.697Z]
### Progress: 309211/309212 events | Elapsed time: 33730.2s [2025-03-01T00:45:21.715Z]
### Progress: 309211/309212 events | Elapsed time: 33735.2s [2025-03-01T00:45:26.733Z]
### Progress: 309211/309212 events | Elapsed time: 33740.2s [2025-03-01T00:45:31.755Z]
### Progress: 309211/309212 events | Elapsed time: 33745.2s [2025-03-01T00:45:36.768Z]
### Progress: 309211/309212 events | Elapsed time: 33750.2s [2025-03-01T00:45:41.786Z]
### Progress: 309211/309212 events | Elapsed time: 33755.3s [2025-03-01T00:45:46.804Z]
### Progress: 309211/309212 events | Elapsed time: 33760.7s [2025-03-01T00:45:52.243Z]
### Progress: 309211/309212 events | Elapsed time: 33765.2s [2025-03-01T00:45:56.737Z]
### Progress: 309211/309212 events | Elapsed time: 33770.2s [2025-03-01T00:46:01.755Z]
### Progress: 309211/309212 events | Elapsed time: 33775.2s [2025-03-01T00:46:06.772Z]
### Progress: 309211/309212 events | Elapsed time: 33780.3s [2025-03-01T00:46:11.795Z]
### Progress: 309211/309212 events | Elapsed time: 33785.3s [2025-03-01T00:46:16.808Z]
### Progress: 309211/309212 events | Elapsed time: 33790.3s [2025-03-01T00:46:21.858Z]
### Progress: 309211/309212 events | Elapsed time: 33795.3s [2025-03-01T00:46:26.843Z]
### Progress: 309211/309212 events | Elapsed time: 33800.3s [2025-03-01T00:46:31.861Z]
### Progress: 309211/309212 events | Elapsed time: 33805.2s [2025-03-01T00:46:36.776Z]
### Progress: 309211/309212 events | Elapsed time: 33810.2s [2025-03-01T00:46:41.794Z]
### Progress: 309211/309212 events | Elapsed time: 33815.3s [2025-03-01T00:46:46.812Z]
### Progress: 309211/309212 events | Elapsed time: 33820.3s [2025-03-01T00:46:51.852Z]
### Progress: 309211/309212 events | Elapsed time: 33825.3s [2025-03-01T00:46:56.847Z]
### Progress: 309211/309212 events | Elapsed time: 33830.4s [2025-03-01T00:47:01.901Z]
### Progress: 309211/309212 events | Elapsed time: 33835.3s [2025-03-01T00:47:06.883Z]
### Progress: 309211/309212 events | Elapsed time: 33840.4s [2025-03-01T00:47:11.902Z]
### Progress: 309211/309212 events | Elapsed time: 33845.3s [2025-03-01T00:47:16.817Z]
### Progress: 309211/309212 events | Elapsed time: 33850.3s [2025-03-01T00:47:21.842Z]
### Progress: 309211/309212 events | Elapsed time: 33855.3s [2025-03-01T00:47:26.852Z]
### Progress: 309211/309212 events | Elapsed time: 33860.3s [2025-03-01T00:47:31.870Z]
### Progress: 309211/309212 events | Elapsed time: 33865.3s [2025-03-01T00:47:36.887Z]
### Progress: 309211/309212 events | Elapsed time: 33870.4s [2025-03-01T00:47:41.905Z]
### Progress: 309211/309212 events | Elapsed time: 33875.4s [2025-03-01T00:47:46.923Z]
### Progress: 309211/309212 events | Elapsed time: 33880.4s [2025-03-01T00:47:51.941Z]
### Progress: 309211/309212 events | Elapsed time: 33885.4s [2025-03-01T00:47:56.964Z]
### Progress: 309211/309212 events | Elapsed time: 33890.3s [2025-03-01T00:48:01.874Z]
### Progress: 309211/309212 events | Elapsed time: 33895.3s [2025-03-01T00:48:06.892Z]
### Progress: 309211/309212 events | Elapsed time: 33900.4s [2025-03-01T00:48:11.910Z]
### Progress: 309211/309212 events | Elapsed time: 33905.4s [2025-03-01T00:48:16.928Z]
### Progress: 309211/309212 events | Elapsed time: 33910.4s [2025-03-01T00:48:21.945Z]
### Progress: 309211/309212 events | Elapsed time: 33915.4s [2025-03-01T00:48:26.963Z]
### Progress: 309211/309212 events | Elapsed time: 33920.4s [2025-03-01T00:48:31.983Z]
### Progress: 309211/309212 events | Elapsed time: 33925.4s [2025-03-01T00:48:36.898Z]
### Progress: 309211/309212 events | Elapsed time: 33930.4s [2025-03-01T00:48:41.916Z]
### Progress: 309211/309212 events | Elapsed time: 33935.4s [2025-03-01T00:48:46.933Z]
### Progress: 309211/309212 events | Elapsed time: 33940.4s [2025-03-01T00:48:51.951Z]
### Progress: 309211/309212 events | Elapsed time: 33945.4s [2025-03-01T00:48:56.969Z]
### Progress: 309211/309212 events | Elapsed time: 33950.4s [2025-03-01T00:49:01.986Z]
### Progress: 309211/309212 events | Elapsed time: 33955.5s [2025-03-01T00:49:07.003Z]
### Progress: 309211/309212 events | Elapsed time: 33960.5s [2025-03-01T00:49:12.022Z]
### Progress: 309211/309212 events | Elapsed time: 33965.4s [2025-03-01T00:49:16.937Z]
### Progress: 309211/309212 events | Elapsed time: 33970.4s [2025-03-01T00:49:21.956Z]
### Progress: 309211/309212 events | Elapsed time: 33975.4s [2025-03-01T00:49:26.940Z]
### Progress: 309211/309212 events | Elapsed time: 33980.4s [2025-03-01T00:49:31.990Z]
### Progress: 309211/309212 events | Elapsed time: 33985.5s [2025-03-01T00:49:37.008Z]
### Progress: 309211/309212 events | Elapsed time: 33990.5s [2025-03-01T00:49:42.026Z]
### Progress: 309211/309212 events | Elapsed time: 33995.5s [2025-03-01T00:49:47.043Z]
### Progress: 309211/309212 events | Elapsed time: 34000.5s [2025-03-01T00:49:52.061Z]
### Progress: 309211/309212 events | Elapsed time: 34005.5s [2025-03-01T00:49:57.078Z]
### Progress: 309211/309212 events | Elapsed time: 34010.4s [2025-03-01T00:50:01.995Z]
### Progress: 309211/309212 events | Elapsed time: 34016.0s [2025-03-01T00:50:07.531Z]
### Progress: 309211/309212 events | Elapsed time: 34020.5s [2025-03-01T00:50:12.038Z]
### Progress: 309211/309212 events | Elapsed time: 34025.5s [2025-03-01T00:50:17.057Z]
### Progress: 309211/309212 events | Elapsed time: 34030.5s [2025-03-01T00:50:22.072Z]
### Progress: 309211/309212 events | Elapsed time: 34035.5s [2025-03-01T00:50:27.092Z]
### Progress: 309211/309212 events | Elapsed time: 34040.6s [2025-03-01T00:50:32.108Z]
### Progress: 309211/309212 events | Elapsed time: 34045.5s [2025-03-01T00:50:37.024Z]
### Progress: 309211/309212 events | Elapsed time: 34050.5s [2025-03-01T00:50:42.042Z]
### Progress: 309211/309212 events | Elapsed time: 34055.5s [2025-03-01T00:50:47.059Z]
### Progress: 309211/309212 events | Elapsed time: 34060.5s [2025-03-01T00:50:52.077Z]
### Progress: 309211/309212 events | Elapsed time: 34065.6s [2025-03-01T00:50:57.095Z]
### Progress: 309211/309212 events | Elapsed time: 34070.6s [2025-03-01T00:51:02.112Z]
### Progress: 309211/309212 events | Elapsed time: 34075.6s [2025-03-01T00:51:07.130Z]
### Progress: 309211/309212 events | Elapsed time: 34080.6s [2025-03-01T00:51:12.148Z]
### Progress: 309211/309212 events | Elapsed time: 34085.6s [2025-03-01T00:51:17.166Z]
### Progress: 309211/309212 events | Elapsed time: 34090.5s [2025-03-01T00:51:22.084Z]
### Progress: 309211/309212 events | Elapsed time: 34095.6s [2025-03-01T00:51:27.101Z]
### Progress: 309211/309212 events | Elapsed time: 34100.6s [2025-03-01T00:51:32.117Z]
### Progress: 309211/309212 events | Elapsed time: 34105.6s [2025-03-01T00:51:37.135Z]
### Progress: 309211/309212 events | Elapsed time: 34110.6s [2025-03-01T00:51:42.153Z]
### Progress: 309211/309212 events | Elapsed time: 34115.6s [2025-03-01T00:51:47.171Z]
### Progress: 309211/309212 events | Elapsed time: 34120.6s [2025-03-01T00:51:52.189Z]
### Progress: 309211/309212 events | Elapsed time: 34125.7s [2025-03-01T00:51:57.207Z]
### Progress: 309211/309212 events | Elapsed time: 34130.6s [2025-03-01T00:52:02.122Z]
### Progress: 309211/309212 events | Elapsed time: 34135.6s [2025-03-01T00:52:07.140Z]
### Progress: 309211/309212 events | Elapsed time: 34140.6s [2025-03-01T00:52:12.158Z]
### Progress: 309211/309212 events | Elapsed time: 34145.6s [2025-03-01T00:52:17.175Z]
### Progress: 309211/309212 events | Elapsed time: 34150.6s [2025-03-01T00:52:22.193Z]
### Progress: 309211/309212 events | Elapsed time: 34155.7s [2025-03-01T00:52:27.211Z]
### Progress: 309211/309212 events | Elapsed time: 34160.7s [2025-03-01T00:52:32.229Z]
### Progress: 309211/309212 events | Elapsed time: 34165.7s [2025-03-01T00:52:37.247Z]
### Progress: 309211/309212 events | Elapsed time: 34170.6s [2025-03-01T00:52:42.162Z]
### Progress: 309211/309212 events | Elapsed time: 34175.6s [2025-03-01T00:52:47.154Z]
### Progress: 309211/309212 events | Elapsed time: 34180.7s [2025-03-01T00:52:52.200Z]
### Progress: 309211/309212 events | Elapsed time: 34185.7s [2025-03-01T00:52:57.216Z]
### Progress: 309211/309212 events | Elapsed time: 34190.7s [2025-03-01T00:53:02.233Z]
### Progress: 309211/309212 events | Elapsed time: 34195.7s [2025-03-01T00:53:07.251Z]
### Progress: 309211/309212 events | Elapsed time: 34200.7s [2025-03-01T00:53:12.196Z]
### Progress: 309211/309212 events | Elapsed time: 34205.7s [2025-03-01T00:53:17.286Z]
### Progress: 309211/309212 events | Elapsed time: 34210.7s [2025-03-01T00:53:22.201Z]
### Progress: 309211/309212 events | Elapsed time: 34215.7s [2025-03-01T00:53:27.220Z]
### Progress: 309211/309212 events | Elapsed time: 34220.7s [2025-03-01T00:53:32.237Z]
### Progress: 309211/309212 events | Elapsed time: 34225.7s [2025-03-01T00:53:37.262Z]
### Progress: 309211/309212 events | Elapsed time: 34230.7s [2025-03-01T00:53:42.272Z]
### Progress: 309211/309212 events | Elapsed time: 34235.7s [2025-03-01T00:53:47.291Z]
### Progress: 309211/309212 events | Elapsed time: 34240.7s [2025-03-01T00:53:52.225Z]
### Progress: 309211/309212 events | Elapsed time: 34245.8s [2025-03-01T00:53:57.326Z]
### Progress: 309211/309212 events | Elapsed time: 34250.8s [2025-03-01T00:54:02.344Z]
### Progress: 309211/309212 events | Elapsed time: 34255.7s [2025-03-01T00:54:07.259Z]
### Progress: 309211/309212 events | Elapsed time: 34260.7s [2025-03-01T00:54:12.277Z]
### Progress: 309211/309212 events | Elapsed time: 34265.7s [2025-03-01T00:54:17.294Z]
### Progress: 309211/309212 events | Elapsed time: 34270.8s [2025-03-01T00:54:22.312Z]
### Progress: 309211/309212 events | Elapsed time: 34275.8s [2025-03-01T00:54:27.330Z]
### Progress: 309211/309212 events | Elapsed time: 34280.8s [2025-03-01T00:54:32.348Z]
### Progress: 309211/309212 events | Elapsed time: 34285.8s [2025-03-01T00:54:37.366Z]
### Progress: 309211/309212 events | Elapsed time: 34290.8s [2025-03-01T00:54:42.384Z]
### Progress: 309211/309212 events | Elapsed time: 34295.8s [2025-03-01T00:54:47.299Z]
### Progress: 309211/309212 events | Elapsed time: 34300.8s [2025-03-01T00:54:52.317Z]
### Progress: 309211/309212 events | Elapsed time: 34305.8s [2025-03-01T00:54:57.334Z]
### Progress: 309211/309212 events | Elapsed time: 34310.8s [2025-03-01T00:55:02.352Z]
### Progress: 309211/309212 events | Elapsed time: 34315.8s [2025-03-01T00:55:07.370Z]
### Progress: 309211/309212 events | Elapsed time: 34320.8s [2025-03-01T00:55:12.388Z]
### Progress: 309211/309212 events | Elapsed time: 34325.9s [2025-03-01T00:55:17.405Z]
### Progress: 309211/309212 events | Elapsed time: 34330.9s [2025-03-01T00:55:22.423Z]
### Progress: 309211/309212 events | Elapsed time: 34335.8s [2025-03-01T00:55:27.338Z]
### Progress: 309211/309212 events | Elapsed time: 34340.8s [2025-03-01T00:55:32.356Z]
### Progress: 309211/309212 events | Elapsed time: 34345.8s [2025-03-01T00:55:37.374Z]
### Progress: 309211/309212 events | Elapsed time: 34350.8s [2025-03-01T00:55:42.391Z]
### Progress: 309211/309212 events | Elapsed time: 34355.9s [2025-03-01T00:55:47.409Z]
### Progress: 309211/309212 events | Elapsed time: 34360.9s [2025-03-01T00:55:52.427Z]
### Progress: 309211/309212 events | Elapsed time: 34365.9s [2025-03-01T00:55:57.446Z]
### Progress: 309211/309212 events | Elapsed time: 34370.9s [2025-03-01T00:56:02.463Z]
### Progress: 309211/309212 events | Elapsed time: 34375.9s [2025-03-01T00:56:07.482Z]
### Progress: 309211/309212 events | Elapsed time: 34380.9s [2025-03-01T00:56:12.396Z]
### Progress: 309211/309212 events | Elapsed time: 34385.9s [2025-03-01T00:56:17.413Z]
### Progress: 309211/309212 events | Elapsed time: 34390.9s [2025-03-01T00:56:22.431Z]
### Progress: 309211/309212 events | Elapsed time: 34395.9s [2025-03-01T00:56:27.449Z]
### Progress: 309211/309212 events | Elapsed time: 34400.9s [2025-03-01T00:56:32.467Z]
### Progress: 309211/309212 events | Elapsed time: 34405.9s [2025-03-01T00:56:37.485Z]
### Progress: 309211/309212 events | Elapsed time: 34411.0s [2025-03-01T00:56:42.503Z]
### Progress: 309211/309212 events | Elapsed time: 34416.0s [2025-03-01T00:56:47.520Z]
### Progress: 309211/309212 events | Elapsed time: 34420.9s [2025-03-01T00:56:52.435Z]
### Progress: 309211/309212 events | Elapsed time: 34425.9s [2025-03-01T00:56:57.453Z]
### Progress: 309211/309212 events | Elapsed time: 34430.9s [2025-03-01T00:57:02.471Z]
### Progress: 309211/309212 events | Elapsed time: 34435.9s [2025-03-01T00:57:07.489Z]
### Progress: 309211/309212 events | Elapsed time: 34441.0s [2025-03-01T00:57:12.507Z]
### Progress: 309211/309212 events | Elapsed time: 34446.0s [2025-03-01T00:57:17.524Z]
### Progress: 309211/309212 events | Elapsed time: 34451.0s [2025-03-01T00:57:22.542Z]
### Progress: 309211/309212 events | Elapsed time: 34456.0s [2025-03-01T00:57:27.560Z]
### Progress: 309211/309212 events | Elapsed time: 34460.9s [2025-03-01T00:57:32.475Z]
### Progress: 309211/309212 events | Elapsed time: 34465.9s [2025-03-01T00:57:37.493Z]
### Progress: 309211/309212 events | Elapsed time: 34471.0s [2025-03-01T00:57:42.511Z]
### Progress: 309211/309212 events | Elapsed time: 34476.0s [2025-03-01T00:57:47.528Z]
### Progress: 309211/309212 events | Elapsed time: 34481.0s [2025-03-01T00:57:52.546Z]
### Progress: 309211/309212 events | Elapsed time: 34486.0s [2025-03-01T00:57:57.564Z]
### Progress: 309211/309212 events | Elapsed time: 34491.2s [2025-03-01T00:58:02.708Z]
### Progress: 309211/309212 events | Elapsed time: 34496.1s [2025-03-01T00:58:07.600Z]
### Progress: 309211/309212 events | Elapsed time: 34501.0s [2025-03-01T00:58:12.515Z]
### Progress: 309211/309212 events | Elapsed time: 34506.0s [2025-03-01T00:58:17.532Z]
### Progress: 309211/309212 events | Elapsed time: 34511.0s [2025-03-01T00:58:22.551Z]
### Progress: 309211/309212 events | Elapsed time: 34516.0s [2025-03-01T00:58:27.568Z]
### Progress: 309211/309212 events | Elapsed time: 34521.0s [2025-03-01T00:58:32.590Z]
### Progress: 309211/309212 events | Elapsed time: 34526.1s [2025-03-01T00:58:37.606Z]
### Progress: 309211/309212 events | Elapsed time: 34531.1s [2025-03-01T00:58:42.621Z]
### Progress: 309211/309212 events | Elapsed time: 34536.1s [2025-03-01T00:58:47.639Z]
### Progress: 309211/309212 events | Elapsed time: 34541.0s [2025-03-01T00:58:52.554Z]
### Progress: 309211/309212 events | Elapsed time: 34546.0s [2025-03-01T00:58:57.572Z]
### Progress: 309211/309212 events | Elapsed time: 34551.0s [2025-03-01T00:59:02.590Z]
### Progress: 309211/309212 events | Elapsed time: 34556.1s [2025-03-01T00:59:07.608Z]
### Progress: 309211/309212 events | Elapsed time: 34561.1s [2025-03-01T00:59:12.625Z]
### Progress: 309211/309212 events | Elapsed time: 34566.1s [2025-03-01T00:59:17.643Z]
### Progress: 309211/309212 events | Elapsed time: 34571.1s [2025-03-01T00:59:22.660Z]
### Progress: 309211/309212 events | Elapsed time: 34576.1s [2025-03-01T00:59:27.678Z]
### Progress: 309211/309212 events | Elapsed time: 34581.0s [2025-03-01T00:59:32.592Z]
### Progress: 309211/309212 events | Elapsed time: 34586.1s [2025-03-01T00:59:37.610Z]
### Progress: 309211/309212 events | Elapsed time: 34591.1s [2025-03-01T00:59:42.627Z]
### Progress: 309211/309212 events | Elapsed time: 34596.1s [2025-03-01T00:59:47.644Z]
### Progress: 309211/309212 events | Elapsed time: 34601.1s [2025-03-01T00:59:52.609Z]
### Progress: 309211/309212 events | Elapsed time: 34606.1s [2025-03-01T00:59:57.678Z]
### Progress: 309211/309212 events | Elapsed time: 34611.2s [2025-03-01T01:00:02.695Z]
### Progress: 309211/309212 events | Elapsed time: 34616.2s [2025-03-01T01:00:07.713Z]
### Progress: 309211/309212 events | Elapsed time: 34621.2s [2025-03-01T01:00:12.730Z]
### Progress: 309211/309212 events | Elapsed time: 34626.1s [2025-03-01T01:00:17.645Z]
### Progress: 309211/309212 events | Elapsed time: 34631.1s [2025-03-01T01:00:22.662Z]
### Progress: 309211/309212 events | Elapsed time: 34636.1s [2025-03-01T01:00:27.679Z]
### Progress: 309211/309212 events | Elapsed time: 34641.2s [2025-03-01T01:00:32.696Z]
### Progress: 309211/309212 events | Elapsed time: 34646.2s [2025-03-01T01:00:37.713Z]
### Progress: 309211/309212 events | Elapsed time: 34651.2s [2025-03-01T01:00:42.731Z]
### Progress: 309211/309212 events | Elapsed time: 34656.2s [2025-03-01T01:00:47.747Z]
### Progress: 309211/309212 events | Elapsed time: 34661.2s [2025-03-01T01:00:52.765Z]
### Progress: 309211/309212 events | Elapsed time: 34666.2s [2025-03-01T01:00:57.782Z]
### Progress: 309211/309212 events | Elapsed time: 34671.2s [2025-03-01T01:01:02.697Z]
### Progress: 309211/309212 events | Elapsed time: 34676.2s [2025-03-01T01:01:07.717Z]
### Progress: 309211/309212 events | Elapsed time: 34681.2s [2025-03-01T01:01:12.731Z]
### Progress: 309211/309212 events | Elapsed time: 34686.2s [2025-03-01T01:01:17.749Z]
### Progress: 309211/309212 events | Elapsed time: 34691.2s [2025-03-01T01:01:22.766Z]
### Progress: 309211/309212 events | Elapsed time: 34696.2s [2025-03-01T01:01:27.783Z]
### Progress: 309211/309212 events | Elapsed time: 34701.3s [2025-03-01T01:01:32.800Z]
### Progress: 309211/309212 events | Elapsed time: 34706.3s [2025-03-01T01:01:37.821Z]
### Progress: 309211/309212 events | Elapsed time: 34711.2s [2025-03-01T01:01:42.732Z]
### Progress: 309211/309212 events | Elapsed time: 34716.2s [2025-03-01T01:01:47.750Z]
### Progress: 309211/309212 events | Elapsed time: 34721.2s [2025-03-01T01:01:52.767Z]
### Progress: 309211/309212 events | Elapsed time: 34726.2s [2025-03-01T01:01:57.785Z]
### Progress: 309211/309212 events | Elapsed time: 34731.3s [2025-03-01T01:02:02.803Z]
### Progress: 309211/309212 events | Elapsed time: 34736.3s [2025-03-01T01:02:07.819Z]
### Progress: 309211/309212 events | Elapsed time: 34741.3s [2025-03-01T01:02:12.837Z]
### Progress: 309211/309212 events | Elapsed time: 34746.3s [2025-03-01T01:02:17.854Z]
### Progress: 309211/309212 events | Elapsed time: 34751.3s [2025-03-01T01:02:22.871Z]
### Progress: 309211/309212 events | Elapsed time: 34756.2s [2025-03-01T01:02:27.786Z]
### Progress: 309211/309212 events | Elapsed time: 34761.3s [2025-03-01T01:02:32.803Z]
### Progress: 309211/309212 events | Elapsed time: 34766.3s [2025-03-01T01:02:37.821Z]
### Progress: 309211/309212 events | Elapsed time: 34771.3s [2025-03-01T01:02:42.838Z]
### Progress: 309211/309212 events | Elapsed time: 34776.3s [2025-03-01T01:02:47.855Z]
### Progress: 309211/309212 events | Elapsed time: 34781.3s [2025-03-01T01:02:52.873Z]
### Progress: 309211/309212 events | Elapsed time: 34786.3s [2025-03-01T01:02:57.890Z]
### Progress: 309211/309212 events | Elapsed time: 34791.3s [2025-03-01T01:03:02.894Z]
### Progress: 309211/309212 events | Elapsed time: 34796.4s [2025-03-01T01:03:07.924Z]
### Progress: 309211/309212 events | Elapsed time: 34801.3s [2025-03-01T01:03:12.840Z]
### Progress: 309211/309212 events | Elapsed time: 34806.3s [2025-03-01T01:03:17.857Z]
### Progress: 309211/309212 events | Elapsed time: 34811.3s [2025-03-01T01:03:22.874Z]
### Progress: 309211/309212 events | Elapsed time: 34816.3s [2025-03-01T01:03:27.892Z]
### Progress: 309211/309212 events | Elapsed time: 34821.3s [2025-03-01T01:03:32.894Z]
### Progress: 309211/309212 events | Elapsed time: 34826.4s [2025-03-01T01:03:37.926Z]
### Progress: 309211/309212 events | Elapsed time: 34831.3s [2025-03-01T01:03:42.856Z]
### Progress: 309211/309212 events | Elapsed time: 34836.4s [2025-03-01T01:03:47.962Z]
### Progress: 309211/309212 events | Elapsed time: 34841.3s [2025-03-01T01:03:52.876Z]
### Progress: 309211/309212 events | Elapsed time: 34846.3s [2025-03-01T01:03:57.893Z]
### Progress: 309211/309212 events | Elapsed time: 34851.3s [2025-03-01T01:04:02.894Z]
### Progress: 309211/309212 events | Elapsed time: 34856.4s [2025-03-01T01:04:07.928Z]
### Progress: 309211/309212 events | Elapsed time: 34861.3s [2025-03-01T01:04:12.894Z]
### Progress: 309211/309212 events | Elapsed time: 34866.4s [2025-03-01T01:04:17.963Z]
### Progress: 309211/309212 events | Elapsed time: 34871.4s [2025-03-01T01:04:22.896Z]
### Progress: 309211/309212 events | Elapsed time: 34876.5s [2025-03-01T01:04:27.997Z]
### Progress: 309211/309212 events | Elapsed time: 34881.4s [2025-03-01T01:04:32.912Z]
### Progress: 309211/309212 events | Elapsed time: 34886.4s [2025-03-01T01:04:37.930Z]
### Progress: 309211/309212 events | Elapsed time: 34891.4s [2025-03-01T01:04:42.922Z]
### Progress: 309211/309212 events | Elapsed time: 34896.4s [2025-03-01T01:04:47.964Z]
### Progress: 309211/309212 events | Elapsed time: 34901.4s [2025-03-01T01:04:52.931Z]
### Progress: 309211/309212 events | Elapsed time: 34906.5s [2025-03-01T01:04:57.999Z]
### Progress: 309211/309212 events | Elapsed time: 34911.4s [2025-03-01T01:05:02.945Z]
### Progress: 309211/309212 events | Elapsed time: 34916.4s [2025-03-01T01:05:07.972Z]
### Progress: 309211/309212 events | Elapsed time: 34921.4s [2025-03-01T01:05:12.955Z]
### Progress: 309211/309212 events | Elapsed time: 34926.5s [2025-03-01T01:05:18.069Z]
### Progress: 309211/309212 events | Elapsed time: 34931.4s [2025-03-01T01:05:22.966Z]
### Progress: 309211/309212 events | Elapsed time: 34936.5s [2025-03-01T01:05:28.001Z]
### Progress: 309211/309212 events | Elapsed time: 34941.4s [2025-03-01T01:05:32.978Z]
### Progress: 309211/309212 events | Elapsed time: 34946.5s [2025-03-01T01:05:38.036Z]
### Progress: 309211/309212 events | Elapsed time: 34951.4s [2025-03-01T01:05:42.990Z]
### Progress: 309211/309212 events | Elapsed time: 34956.5s [2025-03-01T01:05:48.071Z]
### Progress: 309211/309212 events | Elapsed time: 34961.5s [2025-03-01T01:05:53.088Z]
### Progress: 309211/309212 events | Elapsed time: 34966.6s [2025-03-01T01:05:58.106Z]
### Progress: 309211/309212 events | Elapsed time: 34971.5s [2025-03-01T01:06:03.020Z]
### Progress: 309211/309212 events | Elapsed time: 34976.5s [2025-03-01T01:06:08.038Z]
### Progress: 309211/309212 events | Elapsed time: 34981.5s [2025-03-01T01:06:13.056Z]
### Progress: 309211/309212 events | Elapsed time: 34986.5s [2025-03-01T01:06:18.081Z]
### Progress: 309211/309212 events | Elapsed time: 34991.5s [2025-03-01T01:06:23.090Z]
### Progress: 309211/309212 events | Elapsed time: 34996.6s [2025-03-01T01:06:28.111Z]
### Progress: 309211/309212 events | Elapsed time: 35001.6s [2025-03-01T01:06:33.127Z]
### Progress: 309211/309212 events | Elapsed time: 35006.6s [2025-03-01T01:06:38.143Z]
### Progress: 309211/309212 events | Elapsed time: 35011.6s [2025-03-01T01:06:43.160Z]
### Progress: 309211/309212 events | Elapsed time: 35016.5s [2025-03-01T01:06:48.075Z]
### Progress: 309211/309212 events | Elapsed time: 35021.5s [2025-03-01T01:06:53.092Z]
### Progress: 309211/309212 events | Elapsed time: 35026.6s [2025-03-01T01:06:58.110Z]
### Progress: 309211/309212 events | Elapsed time: 35031.6s [2025-03-01T01:07:03.128Z]
### Progress: 309211/309212 events | Elapsed time: 35036.6s [2025-03-01T01:07:08.151Z]
### Progress: 309211/309212 events | Elapsed time: 35041.6s [2025-03-01T01:07:13.163Z]
### Progress: 309211/309212 events | Elapsed time: 35046.6s [2025-03-01T01:07:18.180Z]
### Progress: 309211/309212 events | Elapsed time: 35051.7s [2025-03-01T01:07:23.197Z]
### Progress: 309211/309212 events | Elapsed time: 35056.6s [2025-03-01T01:07:28.112Z]
### Progress: 309211/309212 events | Elapsed time: 35061.6s [2025-03-01T01:07:33.136Z]
### Progress: 309211/309212 events | Elapsed time: 35066.6s [2025-03-01T01:07:38.148Z]
### Progress: 309211/309212 events | Elapsed time: 35071.6s [2025-03-01T01:07:43.165Z]
### Progress: 309211/309212 events | Elapsed time: 35076.6s [2025-03-01T01:07:48.182Z]
### Progress: 309211/309212 events | Elapsed time: 35081.7s [2025-03-01T01:07:53.200Z]
### Progress: 309211/309212 events | Elapsed time: 35086.7s [2025-03-01T01:07:58.217Z]
### Progress: 309211/309212 events | Elapsed time: 35091.6s [2025-03-01T01:08:03.136Z]
### Progress: 309211/309212 events | Elapsed time: 35096.6s [2025-03-01T01:08:08.150Z]
### Progress: 309211/309212 events | Elapsed time: 35101.6s [2025-03-01T01:08:13.167Z]
### Progress: 309211/309212 events | Elapsed time: 35106.6s [2025-03-01T01:08:18.185Z]
### Progress: 309211/309212 events | Elapsed time: 35111.7s [2025-03-01T01:08:23.202Z]
### Progress: 309211/309212 events | Elapsed time: 35116.7s [2025-03-01T01:08:28.223Z]
### Progress: 309211/309212 events | Elapsed time: 35121.6s [2025-03-01T01:08:33.165Z]
### Progress: 309211/309212 events | Elapsed time: 35126.7s [2025-03-01T01:08:38.255Z]
### Progress: 309211/309212 events | Elapsed time: 35131.6s [2025-03-01T01:08:43.176Z]
### Progress: 309211/309212 events | Elapsed time: 35136.7s [2025-03-01T01:08:48.289Z]
### Progress: 309211/309212 events | Elapsed time: 35141.7s [2025-03-01T01:08:53.205Z]
### Progress: 309211/309212 events | Elapsed time: 35146.7s [2025-03-01T01:08:58.222Z]
### Progress: 309211/309212 events | Elapsed time: 35151.7s [2025-03-01T01:09:03.196Z]
### Progress: 309211/309212 events | Elapsed time: 35156.7s [2025-03-01T01:09:08.257Z]
### Progress: 309211/309212 events | Elapsed time: 35161.7s [2025-03-01T01:09:13.211Z]
### Progress: 309211/309212 events | Elapsed time: 35166.7s [2025-03-01T01:09:18.292Z]
### Progress: 309211/309212 events | Elapsed time: 35171.7s [2025-03-01T01:09:23.219Z]
### Progress: 309211/309212 events | Elapsed time: 35176.8s [2025-03-01T01:09:28.327Z]
### Progress: 309211/309212 events | Elapsed time: 35181.7s [2025-03-01T01:09:33.233Z]
### Progress: 309211/309212 events | Elapsed time: 35186.7s [2025-03-01T01:09:38.260Z]
### Progress: 309211/309212 events | Elapsed time: 35191.7s [2025-03-01T01:09:43.243Z]
### Progress: 309211/309212 events | Elapsed time: 35196.8s [2025-03-01T01:09:48.295Z]
### Progress: 309211/309212 events | Elapsed time: 35201.7s [2025-03-01T01:09:53.253Z]
### Progress: 309211/309212 events | Elapsed time: 35206.7s [2025-03-01T01:09:58.263Z]
### Progress: 309211/309212 events | Elapsed time: 35211.8s [2025-03-01T01:10:03.347Z]
### Progress: 309211/309212 events | Elapsed time: 35216.8s [2025-03-01T01:10:08.366Z]
### Progress: 309211/309212 events | Elapsed time: 35221.8s [2025-03-01T01:10:13.383Z]
### Progress: 309211/309212 events | Elapsed time: 35226.7s [2025-03-01T01:10:18.282Z]
### Progress: 309211/309212 events | Elapsed time: 35231.8s [2025-03-01T01:10:23.314Z]
### Progress: 309211/309212 events | Elapsed time: 35236.8s [2025-03-01T01:10:28.333Z]
### Progress: 309211/309212 events | Elapsed time: 35241.8s [2025-03-01T01:10:33.350Z]
### Progress: 309211/309212 events | Elapsed time: 35246.8s [2025-03-01T01:10:38.368Z]
### Progress: 309211/309212 events | Elapsed time: 35251.8s [2025-03-01T01:10:43.385Z]
### Progress: 309211/309212 events | Elapsed time: 35256.9s [2025-03-01T01:10:48.403Z]
### Progress: 309211/309212 events | Elapsed time: 35261.9s [2025-03-01T01:10:53.422Z]
### Progress: 309211/309212 events | Elapsed time: 35266.8s [2025-03-01T01:10:58.336Z]
### Progress: 309211/309212 events | Elapsed time: 35271.8s [2025-03-01T01:11:03.353Z]
### Progress: 309211/309212 events | Elapsed time: 35276.8s [2025-03-01T01:11:08.371Z]
### Progress: 309211/309212 events | Elapsed time: 35281.8s [2025-03-01T01:11:13.388Z]
### Progress: 309211/309212 events | Elapsed time: 35286.9s [2025-03-01T01:11:18.405Z]
### Progress: 309211/309212 events | Elapsed time: 35291.8s [2025-03-01T01:11:23.348Z]
### Progress: 309211/309212 events | Elapsed time: 35296.9s [2025-03-01T01:11:28.440Z]
### Progress: 309211/309212 events | Elapsed time: 35302.0s [2025-03-01T01:11:33.568Z]
### Progress: 309211/309212 events | Elapsed time: 35306.9s [2025-03-01T01:11:38.475Z]
### Progress: 309211/309212 events | Elapsed time: 35311.8s [2025-03-01T01:11:43.390Z]
### Progress: 309211/309212 events | Elapsed time: 35316.9s [2025-03-01T01:11:48.410Z]
### Progress: 309211/309212 events | Elapsed time: 35321.9s [2025-03-01T01:11:53.425Z]
### Progress: 309211/309212 events | Elapsed time: 35326.9s [2025-03-01T01:11:58.443Z]
### Progress: 309211/309212 events | Elapsed time: 35331.9s [2025-03-01T01:12:03.460Z]
### Progress: 309211/309212 events | Elapsed time: 35336.9s [2025-03-01T01:12:08.398Z]
### Progress: 309211/309212 events | Elapsed time: 35342.0s [2025-03-01T01:12:13.496Z]
### Progress: 309211/309212 events | Elapsed time: 35346.9s [2025-03-01T01:12:18.410Z]
### Progress: 309211/309212 events | Elapsed time: 35351.9s [2025-03-01T01:12:23.429Z]
### Progress: 309211/309212 events | Elapsed time: 35356.9s [2025-03-01T01:12:28.447Z]
### Progress: 309211/309212 events | Elapsed time: 35362.0s [2025-03-01T01:12:33.566Z]
### Progress: 309211/309212 events | Elapsed time: 35366.9s [2025-03-01T01:12:38.481Z]
### Progress: 309211/309212 events | Elapsed time: 35372.0s [2025-03-01T01:12:43.498Z]
### Progress: 309211/309212 events | Elapsed time: 35377.0s [2025-03-01T01:12:48.516Z]
### Progress: 309211/309212 events | Elapsed time: 35381.9s [2025-03-01T01:12:53.444Z]
### Progress: 309211/309212 events | Elapsed time: 35387.0s [2025-03-01T01:12:58.551Z]
### Progress: 309211/309212 events | Elapsed time: 35391.9s [2025-03-01T01:13:03.454Z]
### Progress: 309211/309212 events | Elapsed time: 35397.1s [2025-03-01T01:13:08.691Z]
### Progress: 309211/309212 events | Elapsed time: 35402.0s [2025-03-01T01:13:13.501Z]
### Progress: 309211/309212 events | Elapsed time: 35407.0s [2025-03-01T01:13:18.519Z]
### Progress: 309211/309212 events | Elapsed time: 35412.0s [2025-03-01T01:13:23.536Z]
### Progress: 309211/309212 events | Elapsed time: 35417.0s [2025-03-01T01:13:28.554Z]
### Progress: 309211/309212 events | Elapsed time: 35422.1s [2025-03-01T01:13:33.673Z]
### Progress: 309211/309212 events | Elapsed time: 35427.0s [2025-03-01T01:13:38.589Z]
### Progress: 309211/309212 events | Elapsed time: 35432.0s [2025-03-01T01:13:43.505Z]
### Progress: 309211/309212 events | Elapsed time: 35437.0s [2025-03-01T01:13:48.522Z]
### Progress: 309211/309212 events | Elapsed time: 35442.0s [2025-03-01T01:13:53.539Z]
### Progress: 309211/309212 events | Elapsed time: 35447.0s [2025-03-01T01:13:58.556Z]
### Progress: 309211/309212 events | Elapsed time: 35452.0s [2025-03-01T01:14:03.574Z]
### Progress: 309211/309212 events | Elapsed time: 35457.0s [2025-03-01T01:14:08.591Z]
### Progress: 309211/309212 events | Elapsed time: 35462.1s [2025-03-01T01:14:13.609Z]
### Progress: 309211/309212 events | Elapsed time: 35467.1s [2025-03-01T01:14:18.627Z]
### Progress: 309211/309212 events | Elapsed time: 35472.0s [2025-03-01T01:14:23.538Z]
### Progress: 309211/309212 events | Elapsed time: 35477.0s [2025-03-01T01:14:28.560Z]
### Progress: 309211/309212 events | Elapsed time: 35482.0s [2025-03-01T01:14:33.579Z]
### Progress: 309211/309212 events | Elapsed time: 35487.1s [2025-03-01T01:14:38.595Z]
### Progress: 309211/309212 events | Elapsed time: 35492.1s [2025-03-01T01:14:43.614Z]
### Progress: 309211/309212 events | Elapsed time: 35497.1s [2025-03-01T01:14:48.630Z]
### Progress: 309211/309212 events | Elapsed time: 35502.1s [2025-03-01T01:14:53.651Z]
### Progress: 309211/309212 events | Elapsed time: 35507.1s [2025-03-01T01:14:58.666Z]
### Progress: 309211/309212 events | Elapsed time: 35512.1s [2025-03-01T01:15:03.682Z]
### Progress: 309211/309212 events | Elapsed time: 35517.1s [2025-03-01T01:15:08.600Z]
### Progress: 309211/309212 events | Elapsed time: 35522.1s [2025-03-01T01:15:13.615Z]
### Progress: 309211/309212 events | Elapsed time: 35527.1s [2025-03-01T01:15:18.635Z]
### Progress: 309211/309212 events | Elapsed time: 35532.1s [2025-03-01T01:15:23.650Z]
### Progress: 309211/309212 events | Elapsed time: 35537.1s [2025-03-01T01:15:28.668Z]
### Progress: 309211/309212 events | Elapsed time: 35542.1s [2025-03-01T01:15:33.686Z]
### Progress: 309211/309212 events | Elapsed time: 35547.2s [2025-03-01T01:15:38.706Z]
### Progress: 309211/309212 events | Elapsed time: 35552.2s [2025-03-01T01:15:43.724Z]
### Progress: 309211/309212 events | Elapsed time: 35557.2s [2025-03-01T01:15:48.742Z]
### Progress: 309211/309212 events | Elapsed time: 35562.1s [2025-03-01T01:15:53.638Z]
### Progress: 309211/309212 events | Elapsed time: 35567.1s [2025-03-01T01:15:58.671Z]
### Progress: 309211/309212 events | Elapsed time: 35572.1s [2025-03-01T01:16:03.688Z]
### Progress: 309211/309212 events | Elapsed time: 35577.2s [2025-03-01T01:16:08.708Z]
### Progress: 309211/309212 events | Elapsed time: 35582.2s [2025-03-01T01:16:13.724Z]
### Progress: 309211/309212 events | Elapsed time: 35587.2s [2025-03-01T01:16:18.741Z]
### Progress: 309211/309212 events | Elapsed time: 35592.2s [2025-03-01T01:16:23.759Z]
### Progress: 309211/309212 events | Elapsed time: 35597.2s [2025-03-01T01:16:28.776Z]
### Progress: 309211/309212 events | Elapsed time: 35602.1s [2025-03-01T01:16:33.694Z]
### Progress: 309211/309212 events | Elapsed time: 35607.2s [2025-03-01T01:16:38.710Z]
### Progress: 309211/309212 events | Elapsed time: 35612.2s [2025-03-01T01:16:43.727Z]
### Progress: 309211/309212 events | Elapsed time: 35617.2s [2025-03-01T01:16:48.745Z]
### Progress: 309211/309212 events | Elapsed time: 35622.2s [2025-03-01T01:16:53.708Z]
### Progress: 309211/309212 events | Elapsed time: 35627.2s [2025-03-01T01:16:58.780Z]
### Progress: 309211/309212 events | Elapsed time: 35632.3s [2025-03-01T01:17:03.797Z]
### Progress: 309211/309212 events | Elapsed time: 35637.3s [2025-03-01T01:17:08.815Z]
### Progress: 309211/309212 events | Elapsed time: 35642.3s [2025-03-01T01:17:13.833Z]
### Progress: 309211/309212 events | Elapsed time: 35647.2s [2025-03-01T01:17:18.748Z]
### Progress: 309211/309212 events | Elapsed time: 35652.2s [2025-03-01T01:17:23.769Z]
### Progress: 309211/309212 events | Elapsed time: 35657.2s [2025-03-01T01:17:28.783Z]
### Progress: 309211/309212 events | Elapsed time: 35662.3s [2025-03-01T01:17:33.801Z]
### Progress: 309211/309212 events | Elapsed time: 35667.3s [2025-03-01T01:17:38.818Z]
### Progress: 309211/309212 events | Elapsed time: 35672.3s [2025-03-01T01:17:43.836Z]
### Progress: 309211/309212 events | Elapsed time: 35677.3s [2025-03-01T01:17:48.853Z]
### Progress: 309211/309212 events | Elapsed time: 35682.3s [2025-03-01T01:17:53.871Z]
### Progress: 309211/309212 events | Elapsed time: 35687.2s [2025-03-01T01:17:58.786Z]
### Progress: 309211/309212 events | Elapsed time: 35692.3s [2025-03-01T01:18:03.803Z]
### Progress: 309211/309212 events | Elapsed time: 35697.3s [2025-03-01T01:18:08.821Z]
### Progress: 309211/309212 events | Elapsed time: 35702.3s [2025-03-01T01:18:13.839Z]
### Progress: 309211/309212 events | Elapsed time: 35707.3s [2025-03-01T01:18:18.856Z]
### Progress: 309211/309212 events | Elapsed time: 35712.3s [2025-03-01T01:18:23.874Z]
### Progress: 309211/309212 events | Elapsed time: 35717.3s [2025-03-01T01:18:28.891Z]
### Progress: 309211/309212 events | Elapsed time: 35722.4s [2025-03-01T01:18:33.909Z]
### Progress: 309211/309212 events | Elapsed time: 35727.4s [2025-03-01T01:18:38.927Z]
### Progress: 309211/309212 events | Elapsed time: 35732.3s [2025-03-01T01:18:43.841Z]
### Progress: 309211/309212 events | Elapsed time: 35737.3s [2025-03-01T01:18:48.860Z]
### Progress: 309211/309212 events | Elapsed time: 35742.3s [2025-03-01T01:18:53.877Z]
### Progress: 309211/309212 events | Elapsed time: 35747.3s [2025-03-01T01:18:58.894Z]
### Progress: 309211/309212 events | Elapsed time: 35752.4s [2025-03-01T01:19:03.912Z]
### Progress: 309211/309212 events | Elapsed time: 35757.4s [2025-03-01T01:19:08.933Z]
### Progress: 309211/309212 events | Elapsed time: 35762.4s [2025-03-01T01:19:13.948Z]
### Progress: 309211/309212 events | Elapsed time: 35767.4s [2025-03-01T01:19:18.965Z]
### Progress: 309211/309212 events | Elapsed time: 35772.3s [2025-03-01T01:19:23.880Z]
### Progress: 309211/309212 events | Elapsed time: 35777.4s [2025-03-01T01:19:28.898Z]
### Progress: 309211/309212 events | Elapsed time: 35782.4s [2025-03-01T01:19:33.916Z]
### Progress: 309211/309212 events | Elapsed time: 35787.4s [2025-03-01T01:19:38.933Z]
### Progress: 309211/309212 events | Elapsed time: 35792.4s [2025-03-01T01:19:43.951Z]
### Progress: 309211/309212 events | Elapsed time: 35797.4s [2025-03-01T01:19:48.968Z]
### Progress: 309211/309212 events | Elapsed time: 35802.4s [2025-03-01T01:19:53.986Z]
### Progress: 309211/309212 events | Elapsed time: 35807.5s [2025-03-01T01:19:59.003Z]
### Progress: 309211/309212 events | Elapsed time: 35812.5s [2025-03-01T01:20:04.021Z]
### Progress: 309211/309212 events | Elapsed time: 35817.4s [2025-03-01T01:20:08.936Z]
### Progress: 309211/309212 events | Elapsed time: 35822.4s [2025-03-01T01:20:13.954Z]
### Progress: 309211/309212 events | Elapsed time: 35827.4s [2025-03-01T01:20:18.971Z]
### Progress: 309211/309212 events | Elapsed time: 35832.4s [2025-03-01T01:20:23.989Z]
### Progress: 309211/309212 events | Elapsed time: 35837.5s [2025-03-01T01:20:29.006Z]
### Progress: 309211/309212 events | Elapsed time: 35842.5s [2025-03-01T01:20:34.024Z]
### Progress: 309211/309212 events | Elapsed time: 35847.5s [2025-03-01T01:20:39.042Z]
### Progress: 309211/309212 events | Elapsed time: 35852.5s [2025-03-01T01:20:44.059Z]
### Progress: 309211/309212 events | Elapsed time: 35857.4s [2025-03-01T01:20:48.975Z]
### Progress: 309211/309212 events | Elapsed time: 35862.4s [2025-03-01T01:20:53.992Z]
### Progress: 309211/309212 events | Elapsed time: 35867.5s [2025-03-01T01:20:59.016Z]
### Progress: 309211/309212 events | Elapsed time: 35872.5s [2025-03-01T01:21:04.028Z]
### Progress: 309211/309212 events | Elapsed time: 35877.5s [2025-03-01T01:21:09.045Z]
### Progress: 309211/309212 events | Elapsed time: 35882.5s [2025-03-01T01:21:14.063Z]
### Progress: 309211/309212 events | Elapsed time: 35887.5s [2025-03-01T01:21:19.081Z]
### Progress: 309211/309212 events | Elapsed time: 35892.6s [2025-03-01T01:21:24.098Z]
### Progress: 309211/309212 events | Elapsed time: 35897.6s [2025-03-01T01:21:29.116Z]
### Progress: 309211/309212 events | Elapsed time: 35902.5s [2025-03-01T01:21:34.031Z]
### Progress: 309211/309212 events | Elapsed time: 35907.5s [2025-03-01T01:21:39.049Z]
### Progress: 309211/309212 events | Elapsed time: 35912.5s [2025-03-01T01:21:44.066Z]
### Progress: 309211/309212 events | Elapsed time: 35917.5s [2025-03-01T01:21:49.085Z]
### Progress: 309211/309212 events | Elapsed time: 35922.6s [2025-03-01T01:21:54.102Z]
### Progress: 309211/309212 events | Elapsed time: 35927.6s [2025-03-01T01:21:59.119Z]
### Progress: 309211/309212 events | Elapsed time: 35932.6s [2025-03-01T01:22:04.137Z]
### Progress: 309211/309212 events | Elapsed time: 35937.6s [2025-03-01T01:22:09.156Z]
### Progress: 309211/309212 events | Elapsed time: 35942.5s [2025-03-01T01:22:14.070Z]
### Progress: 309211/309212 events | Elapsed time: 35947.5s [2025-03-01T01:22:19.089Z]
### Progress: 309211/309212 events | Elapsed time: 35952.6s [2025-03-01T01:22:24.105Z]
### Progress: 309211/309212 events | Elapsed time: 35957.6s [2025-03-01T01:22:29.122Z]
### Progress: 309211/309212 events | Elapsed time: 35962.6s [2025-03-01T01:22:34.140Z]
### Progress: 309211/309212 events | Elapsed time: 35967.6s [2025-03-01T01:22:39.158Z]
### Progress: 309211/309212 events | Elapsed time: 35972.6s [2025-03-01T01:22:44.175Z]
### Progress: 309211/309212 events | Elapsed time: 35977.6s [2025-03-01T01:22:49.193Z]
### Progress: 309211/309212 events | Elapsed time: 35982.6s [2025-03-01T01:22:54.108Z]
### Progress: 309211/309212 events | Elapsed time: 35987.6s [2025-03-01T01:22:59.125Z]
### Progress: 309211/309212 events | Elapsed time: 35992.6s [2025-03-01T01:23:04.143Z]
### Progress: 309211/309212 events | Elapsed time: 35997.6s [2025-03-01T01:23:09.165Z]
### Progress: 309211/309212 events | Elapsed time: 36002.7s [2025-03-01T01:23:14.287Z]
### Progress: 309211/309212 events | Elapsed time: 36007.7s [2025-03-01T01:23:19.198Z]
### Progress: 309211/309212 events | Elapsed time: 36012.7s [2025-03-01T01:23:24.216Z]
### Progress: 309211/309212 events | Elapsed time: 36017.7s [2025-03-01T01:23:29.233Z]
### Progress: 309211/309212 events | Elapsed time: 36022.6s [2025-03-01T01:23:34.149Z]
### Progress: 309211/309212 events | Elapsed time: 36027.6s [2025-03-01T01:23:39.169Z]
### Progress: 309211/309212 events | Elapsed time: 36032.6s [2025-03-01T01:23:44.184Z]
### Progress: 309211/309212 events | Elapsed time: 36037.7s [2025-03-01T01:23:49.202Z]
### Progress: 309211/309212 events | Elapsed time: 36042.7s [2025-03-01T01:23:54.221Z]
### Progress: 309211/309212 events | Elapsed time: 36047.8s [2025-03-01T01:23:59.339Z]
### Progress: 309211/309212 events | Elapsed time: 36052.7s [2025-03-01T01:24:04.284Z]
### Progress: 309211/309212 events | Elapsed time: 36057.7s [2025-03-01T01:24:09.275Z]
### Progress: 309211/309212 events | Elapsed time: 36062.7s [2025-03-01T01:24:14.290Z]
### Progress: 309211/309212 events | Elapsed time: 36067.7s [2025-03-01T01:24:19.208Z]
### Progress: 309211/309212 events | Elapsed time: 36072.7s [2025-03-01T01:24:24.223Z]
### Progress: 309211/309212 events | Elapsed time: 36077.7s [2025-03-01T01:24:29.241Z]
### Progress: 309211/309212 events | Elapsed time: 36082.7s [2025-03-01T01:24:34.258Z]
### Progress: 309211/309212 events | Elapsed time: 36087.7s [2025-03-01T01:24:39.276Z]
### Progress: 309211/309212 events | Elapsed time: 36092.7s [2025-03-01T01:24:44.293Z]
### Progress: 309211/309212 events | Elapsed time: 36097.8s [2025-03-01T01:24:49.311Z]
### Progress: 309211/309212 events | Elapsed time: 36102.7s [2025-03-01T01:24:54.229Z]
### Progress: 309211/309212 events | Elapsed time: 36107.7s [2025-03-01T01:24:59.244Z]
### Progress: 309211/309212 events | Elapsed time: 36112.7s [2025-03-01T01:25:04.262Z]
### Progress: 309211/309212 events | Elapsed time: 36117.7s [2025-03-01T01:25:09.279Z]
### Progress: 309211/309212 events | Elapsed time: 36122.9s [2025-03-01T01:25:14.412Z]
### Progress: 309211/309212 events | Elapsed time: 36127.8s [2025-03-01T01:25:19.315Z]
### Progress: 309211/309212 events | Elapsed time: 36132.8s [2025-03-01T01:25:24.332Z]
### Progress: 309211/309212 events | Elapsed time: 36137.8s [2025-03-01T01:25:29.350Z]
### Progress: 309211/309212 events | Elapsed time: 36142.8s [2025-03-01T01:25:34.368Z]
### Progress: 309211/309212 events | Elapsed time: 36147.7s [2025-03-01T01:25:39.283Z]
### Progress: 309211/309212 events | Elapsed time: 36152.8s [2025-03-01T01:25:44.300Z]
### Progress: 309211/309212 events | Elapsed time: 36157.8s [2025-03-01T01:25:49.318Z]
### Progress: 309211/309212 events | Elapsed time: 36162.8s [2025-03-01T01:25:54.335Z]
### Progress: 309211/309212 events | Elapsed time: 36167.8s [2025-03-01T01:25:59.353Z]
### Progress: 309211/309212 events | Elapsed time: 36172.8s [2025-03-01T01:26:04.371Z]
### Progress: 309211/309212 events | Elapsed time: 36177.8s [2025-03-01T01:26:09.388Z]
### Progress: 309211/309212 events | Elapsed time: 36182.8s [2025-03-01T01:26:14.310Z]
### Progress: 309211/309212 events | Elapsed time: 36187.9s [2025-03-01T01:26:19.424Z]
### Progress: 309211/309212 events | Elapsed time: 36192.8s [2025-03-01T01:26:24.339Z]
### Progress: 309211/309212 events | Elapsed time: 36197.8s [2025-03-01T01:26:29.357Z]
### Progress: 309211/309212 events | Elapsed time: 36202.8s [2025-03-01T01:26:34.374Z]
### Progress: 309211/309212 events | Elapsed time: 36207.8s [2025-03-01T01:26:39.394Z]
### Progress: 309211/309212 events | Elapsed time: 36212.9s [2025-03-01T01:26:44.409Z]
### Progress: 309211/309212 events | Elapsed time: 36217.9s [2025-03-01T01:26:49.428Z]
### Progress: 309211/309212 events | Elapsed time: 36222.9s [2025-03-01T01:26:54.445Z]
### Progress: 309211/309212 events | Elapsed time: 36227.9s [2025-03-01T01:26:59.462Z]
### Progress: 309211/309212 events | Elapsed time: 36232.8s [2025-03-01T01:27:04.378Z]
### Progress: 309211/309212 events | Elapsed time: 36237.8s [2025-03-01T01:27:09.395Z]
### Progress: 309211/309212 events | Elapsed time: 36243.0s [2025-03-01T01:27:14.515Z]
### Progress: 309211/309212 events | Elapsed time: 36247.9s [2025-03-01T01:27:19.430Z]
### Progress: 309211/309212 events | Elapsed time: 36252.8s [2025-03-01T01:27:24.381Z]
### Progress: 309211/309212 events | Elapsed time: 36257.9s [2025-03-01T01:27:29.467Z]
### Progress: 309211/309212 events | Elapsed time: 36262.9s [2025-03-01T01:27:34.483Z]
### Progress: 309211/309212 events | Elapsed time: 36268.0s [2025-03-01T01:27:39.501Z]
### Progress: 309211/309212 events | Elapsed time: 36272.9s [2025-03-01T01:27:44.416Z]
### Progress: 309211/309212 events | Elapsed time: 36277.9s [2025-03-01T01:27:49.434Z]
### Progress: 309211/309212 events | Elapsed time: 36282.9s [2025-03-01T01:27:54.451Z]
### Progress: 309211/309212 events | Elapsed time: 36287.9s [2025-03-01T01:27:59.469Z]
### Progress: 309211/309212 events | Elapsed time: 36292.9s [2025-03-01T01:28:04.487Z]
### Progress: 309211/309212 events | Elapsed time: 36297.9s [2025-03-01T01:28:09.432Z]
### Progress: 309211/309212 events | Elapsed time: 36303.0s [2025-03-01T01:28:14.524Z]
### Progress: 309211/309212 events | Elapsed time: 36307.9s [2025-03-01T01:28:19.442Z]
### Progress: 309211/309212 events | Elapsed time: 36313.0s [2025-03-01T01:28:24.559Z]
### Progress: 309211/309212 events | Elapsed time: 36317.9s [2025-03-01T01:28:29.472Z]
### Progress: 309211/309212 events | Elapsed time: 36322.9s [2025-03-01T01:28:34.474Z]
### Progress: 309211/309212 events | Elapsed time: 36328.0s [2025-03-01T01:28:39.511Z]
### Progress: 309211/309212 events | Elapsed time: 36333.0s [2025-03-01T01:28:44.527Z]
### Progress: 309211/309212 events | Elapsed time: 36338.0s [2025-03-01T01:28:49.543Z]
### Progress: 309211/309212 events | Elapsed time: 36343.0s [2025-03-01T01:28:54.561Z]
### Progress: 309211/309212 events | Elapsed time: 36348.0s [2025-03-01T01:28:59.578Z]
### Progress: 309211/309212 events | Elapsed time: 36353.1s [2025-03-01T01:29:04.608Z]
### Progress: 309211/309212 events | Elapsed time: 36358.0s [2025-03-01T01:29:09.511Z]
### Progress: 309211/309212 events | Elapsed time: 36363.0s [2025-03-01T01:29:14.529Z]
### Progress: 309211/309212 events | Elapsed time: 36368.0s [2025-03-01T01:29:19.546Z]
### Progress: 309211/309212 events | Elapsed time: 36373.0s [2025-03-01T01:29:24.564Z]
### Progress: 309211/309212 events | Elapsed time: 36378.0s [2025-03-01T01:29:29.581Z]
### Progress: 309211/309212 events | Elapsed time: 36383.1s [2025-03-01T01:29:34.599Z]
### Progress: 309211/309212 events | Elapsed time: 36388.0s [2025-03-01T01:29:39.535Z]
### Progress: 309211/309212 events | Elapsed time: 36393.1s [2025-03-01T01:29:44.635Z]
### Progress: 309211/309212 events | Elapsed time: 36398.1s [2025-03-01T01:29:49.652Z]
### Progress: 309211/309212 events | Elapsed time: 36403.0s [2025-03-01T01:29:54.568Z]
### Progress: 309211/309212 events | Elapsed time: 36408.0s [2025-03-01T01:29:59.585Z]
### Progress: 309211/309212 events | Elapsed time: 36413.1s [2025-03-01T01:30:04.604Z]
### Progress: 309211/309212 events | Elapsed time: 36418.1s [2025-03-01T01:30:09.624Z]
### Progress: 309211/309212 events | Elapsed time: 36423.1s [2025-03-01T01:30:14.639Z]
### Progress: 309211/309212 events | Elapsed time: 36428.1s [2025-03-01T01:30:19.604Z]
### Progress: 309211/309212 events | Elapsed time: 36433.0s [2025-03-01T01:30:24.586Z]
### Progress: 309211/309212 events | Elapsed time: 36438.2s [2025-03-01T01:30:29.707Z]
### Progress: 309211/309212 events | Elapsed time: 36443.1s [2025-03-01T01:30:34.607Z]
### Progress: 309211/309212 events | Elapsed time: 36448.1s [2025-03-01T01:30:39.625Z]
### Progress: 309211/309212 events | Elapsed time: 36453.2s [2025-03-01T01:30:44.744Z]
### Progress: 309211/309212 events | Elapsed time: 36458.1s [2025-03-01T01:30:49.659Z]
### Progress: 309211/309212 events | Elapsed time: 36463.1s [2025-03-01T01:30:54.677Z]
### Progress: 309211/309212 events | Elapsed time: 36468.2s [2025-03-01T01:30:59.695Z]
### Progress: 309211/309212 events | Elapsed time: 36473.2s [2025-03-01T01:31:04.714Z]
### Progress: 309211/309212 events | Elapsed time: 36478.1s [2025-03-01T01:31:09.636Z]
### Progress: 309211/309212 events | Elapsed time: 36483.2s [2025-03-01T01:31:14.779Z]
### Progress: 309211/309212 events | Elapsed time: 36488.1s [2025-03-01T01:31:19.664Z]
### Progress: 309211/309212 events | Elapsed time: 36493.1s [2025-03-01T01:31:24.681Z]
### Progress: 309211/309212 events | Elapsed time: 36498.2s [2025-03-01T01:31:29.699Z]
### Progress: 309211/309212 events | Elapsed time: 36503.1s [2025-03-01T01:31:34.664Z]
### Progress: 309211/309212 events | Elapsed time: 36508.2s [2025-03-01T01:31:39.735Z]
### Progress: 309211/309212 events | Elapsed time: 36513.2s [2025-03-01T01:31:44.752Z]
### Progress: 309211/309212 events | Elapsed time: 36518.2s [2025-03-01T01:31:49.770Z]
### Progress: 309211/309212 events | Elapsed time: 36523.2s [2025-03-01T01:31:54.790Z]
### Progress: 309211/309212 events | Elapsed time: 36528.2s [2025-03-01T01:31:59.703Z]
### Progress: 309211/309212 events | Elapsed time: 36533.2s [2025-03-01T01:32:04.726Z]
### Progress: 309211/309212 events | Elapsed time: 36538.2s [2025-03-01T01:32:09.740Z]
### Progress: 309211/309212 events | Elapsed time: 36543.2s [2025-03-01T01:32:14.756Z]
### Progress: 309211/309212 events | Elapsed time: 36548.2s [2025-03-01T01:32:19.774Z]
### Progress: 309211/309212 events | Elapsed time: 36553.2s [2025-03-01T01:32:24.791Z]
### Progress: 309211/309212 events | Elapsed time: 36558.3s [2025-03-01T01:32:29.812Z]
### Progress: 309211/309212 events | Elapsed time: 36563.3s [2025-03-01T01:32:34.826Z]
### Progress: 309211/309212 events | Elapsed time: 36568.3s [2025-03-01T01:32:39.844Z]
### Progress: 309211/309212 events | Elapsed time: 36573.2s [2025-03-01T01:32:44.759Z]
### Progress: 309211/309212 events | Elapsed time: 36578.2s [2025-03-01T01:32:49.777Z]
### Progress: 309211/309212 events | Elapsed time: 36583.3s [2025-03-01T01:32:54.795Z]
### Progress: 309211/309212 events | Elapsed time: 36588.3s [2025-03-01T01:32:59.815Z]
### Progress: 309211/309212 events | Elapsed time: 36593.3s [2025-03-01T01:33:04.830Z]
### Progress: 309211/309212 events | Elapsed time: 36598.3s [2025-03-01T01:33:09.848Z]
### Progress: 309211/309212 events | Elapsed time: 36603.3s [2025-03-01T01:33:14.879Z]
### Progress: 309211/309212 events | Elapsed time: 36608.3s [2025-03-01T01:33:19.883Z]
### Progress: 309211/309212 events | Elapsed time: 36613.4s [2025-03-01T01:33:24.900Z]
### Progress: 309211/309212 events | Elapsed time: 36618.3s [2025-03-01T01:33:29.816Z]
### Progress: 309211/309212 events | Elapsed time: 36623.3s [2025-03-01T01:33:34.834Z]
### Progress: 309211/309212 events | Elapsed time: 36628.3s [2025-03-01T01:33:39.858Z]
### Progress: 309211/309212 events | Elapsed time: 36633.3s [2025-03-01T01:33:44.870Z]
### Progress: 309211/309212 events | Elapsed time: 36638.3s [2025-03-01T01:33:49.888Z]
### Progress: 309211/309212 events | Elapsed time: 36643.4s [2025-03-01T01:33:54.909Z]
### Progress: 309211/309212 events | Elapsed time: 36648.4s [2025-03-01T01:33:59.927Z]
### Progress: 309211/309212 events | Elapsed time: 36653.3s [2025-03-01T01:34:04.839Z]
### Progress: 309211/309212 events | Elapsed time: 36658.3s [2025-03-01T01:34:09.857Z]
### Progress: 309211/309212 events | Elapsed time: 36663.3s [2025-03-01T01:34:14.876Z]
### Progress: 309211/309212 events | Elapsed time: 36668.3s [2025-03-01T01:34:19.893Z]
### Progress: 309211/309212 events | Elapsed time: 36673.4s [2025-03-01T01:34:24.911Z]
### Progress: 309211/309212 events | Elapsed time: 36678.4s [2025-03-01T01:34:29.932Z]
### Progress: 309211/309212 events | Elapsed time: 36683.4s [2025-03-01T01:34:34.947Z]
### Progress: 309211/309212 events | Elapsed time: 36688.4s [2025-03-01T01:34:39.965Z]
### Progress: 309211/309212 events | Elapsed time: 36693.4s [2025-03-01T01:34:44.983Z]
### Progress: 309211/309212 events | Elapsed time: 36698.4s [2025-03-01T01:34:49.899Z]
### Progress: 309211/309212 events | Elapsed time: 36703.4s [2025-03-01T01:34:54.917Z]
### Progress: 309211/309212 events | Elapsed time: 36708.4s [2025-03-01T01:34:59.935Z]
### Progress: 309211/309212 events | Elapsed time: 36713.4s [2025-03-01T01:35:04.953Z]
### Progress: 309211/309212 events | Elapsed time: 36718.4s [2025-03-01T01:35:09.971Z]
### Progress: 309211/309212 events | Elapsed time: 36723.4s [2025-03-01T01:35:14.988Z]
### Progress: 309211/309212 events | Elapsed time: 36728.5s [2025-03-01T01:35:20.006Z]
### Progress: 309211/309212 events | Elapsed time: 36733.5s [2025-03-01T01:35:25.024Z]
### Progress: 309211/309212 events | Elapsed time: 36738.4s [2025-03-01T01:35:29.940Z]
### Progress: 309211/309212 events | Elapsed time: 36743.4s [2025-03-01T01:35:34.958Z]
### Progress: 309211/309212 events | Elapsed time: 36748.4s [2025-03-01T01:35:39.975Z]
### Progress: 309211/309212 events | Elapsed time: 36753.4s [2025-03-01T01:35:44.994Z]
### Progress: 309211/309212 events | Elapsed time: 36758.5s [2025-03-01T01:35:50.013Z]
### Progress: 309211/309212 events | Elapsed time: 36763.5s [2025-03-01T01:35:55.029Z]
### Progress: 309211/309212 events | Elapsed time: 36768.5s [2025-03-01T01:36:00.047Z]
### Progress: 309211/309212 events | Elapsed time: 36773.5s [2025-03-01T01:36:05.065Z]
### Progress: 309211/309212 events | Elapsed time: 36778.4s [2025-03-01T01:36:09.993Z]
### Progress: 309211/309212 events | Elapsed time: 36783.5s [2025-03-01T01:36:14.999Z]
### Progress: 309211/309212 events | Elapsed time: 36788.5s [2025-03-01T01:36:20.016Z]
### Progress: 309211/309212 events | Elapsed time: 36793.5s [2025-03-01T01:36:25.039Z]
### Progress: 309211/309212 events | Elapsed time: 36798.5s [2025-03-01T01:36:30.052Z]
### Progress: 309211/309212 events | Elapsed time: 36803.5s [2025-03-01T01:36:35.070Z]
### Progress: 309211/309212 events | Elapsed time: 36808.5s [2025-03-01T01:36:40.093Z]
### Progress: 309211/309212 events | Elapsed time: 36813.6s [2025-03-01T01:36:45.106Z]
### Progress: 309211/309212 events | Elapsed time: 36818.5s [2025-03-01T01:36:50.021Z]
### Progress: 309211/309212 events | Elapsed time: 36823.7s [2025-03-01T01:36:55.244Z]
### Progress: 309211/309212 events | Elapsed time: 36828.5s [2025-03-01T01:37:00.057Z]
### Progress: 309211/309212 events | Elapsed time: 36833.5s [2025-03-01T01:37:05.076Z]
### Progress: 309211/309212 events | Elapsed time: 36838.6s [2025-03-01T01:37:10.110Z]
### Progress: 309211/309212 events | Elapsed time: 36843.6s [2025-03-01T01:37:15.110Z]
### Progress: 309211/309212 events | Elapsed time: 36848.6s [2025-03-01T01:37:20.128Z]
### Progress: 309211/309212 events | Elapsed time: 36853.6s [2025-03-01T01:37:25.146Z]
### Progress: 309211/309212 events | Elapsed time: 36858.5s [2025-03-01T01:37:30.062Z]
### Progress: 309211/309212 events | Elapsed time: 36863.5s [2025-03-01T01:37:35.080Z]
### Progress: 309211/309212 events | Elapsed time: 36868.6s [2025-03-01T01:37:40.097Z]
### Progress: 309211/309212 events | Elapsed time: 36873.6s [2025-03-01T01:37:45.115Z]
### Progress: 309211/309212 events | Elapsed time: 36878.6s [2025-03-01T01:37:50.133Z]
### Progress: 309211/309212 events | Elapsed time: 36883.6s [2025-03-01T01:37:55.158Z]
### Progress: 309211/309212 events | Elapsed time: 36888.6s [2025-03-01T01:38:00.169Z]
### Progress: 309211/309212 events | Elapsed time: 36893.6s [2025-03-01T01:38:05.193Z]
### Progress: 309211/309212 events | Elapsed time: 36898.6s [2025-03-01T01:38:10.102Z]
### Progress: 309211/309212 events | Elapsed time: 36903.6s [2025-03-01T01:38:15.106Z]
### Progress: 309211/309212 events | Elapsed time: 36908.6s [2025-03-01T01:38:20.164Z]
### Progress: 309211/309212 events | Elapsed time: 36913.6s [2025-03-01T01:38:25.174Z]
### Progress: 309211/309212 events | Elapsed time: 36918.6s [2025-03-01T01:38:30.173Z]
### Progress: 309211/309212 events | Elapsed time: 36923.6s [2025-03-01T01:38:35.191Z]
### Progress: 309211/309212 events | Elapsed time: 36928.7s [2025-03-01T01:38:40.209Z]
### Progress: 309211/309212 events | Elapsed time: 36933.7s [2025-03-01T01:38:45.227Z]
### Progress: 309211/309212 events | Elapsed time: 36938.7s [2025-03-01T01:38:50.245Z]
### Progress: 309211/309212 events | Elapsed time: 36943.6s [2025-03-01T01:38:55.160Z]
### Progress: 309211/309212 events | Elapsed time: 36948.6s [2025-03-01T01:39:00.178Z]
### Progress: 309211/309212 events | Elapsed time: 36953.7s [2025-03-01T01:39:05.201Z]
### Progress: 309211/309212 events | Elapsed time: 36958.7s [2025-03-01T01:39:10.214Z]
### Progress: 309211/309212 events | Elapsed time: 36963.7s [2025-03-01T01:39:15.232Z]
### Progress: 309211/309212 events | Elapsed time: 36968.7s [2025-03-01T01:39:20.250Z]
### Progress: 309211/309212 events | Elapsed time: 36973.7s [2025-03-01T01:39:25.268Z]
### Progress: 309211/309212 events | Elapsed time: 36978.7s [2025-03-01T01:39:30.286Z]
### Progress: 309211/309212 events | Elapsed time: 36983.7s [2025-03-01T01:39:35.201Z]
### Progress: 309211/309212 events | Elapsed time: 36988.7s [2025-03-01T01:39:40.219Z]
### Progress: 309211/309212 events | Elapsed time: 36993.7s [2025-03-01T01:39:45.237Z]
### Progress: 309211/309212 events | Elapsed time: 36998.7s [2025-03-01T01:39:50.256Z]
### Progress: 309211/309212 events | Elapsed time: 37003.7s [2025-03-01T01:39:55.272Z]
### Progress: 309211/309212 events | Elapsed time: 37008.7s [2025-03-01T01:40:00.290Z]
### Progress: 309211/309212 events | Elapsed time: 37013.8s [2025-03-01T01:40:05.308Z]
### Progress: 309211/309212 events | Elapsed time: 37018.8s [2025-03-01T01:40:10.325Z]
### Progress: 309211/309212 events | Elapsed time: 37023.7s [2025-03-01T01:40:15.240Z]
### Progress: 309211/309212 events | Elapsed time: 37028.7s [2025-03-01T01:40:20.259Z]
### Progress: 309211/309212 events | Elapsed time: 37033.7s [2025-03-01T01:40:25.277Z]
### Progress: 309211/309212 events | Elapsed time: 37038.7s [2025-03-01T01:40:30.294Z]
### Progress: 309211/309212 events | Elapsed time: 37043.8s [2025-03-01T01:40:35.313Z]
### Progress: 309211/309212 events | Elapsed time: 37048.8s [2025-03-01T01:40:40.330Z]
### Progress: 309211/309212 events | Elapsed time: 37053.8s [2025-03-01T01:40:45.348Z]
### Progress: 309211/309212 events | Elapsed time: 37058.8s [2025-03-01T01:40:50.365Z]
### Progress: 309211/309212 events | Elapsed time: 37063.7s [2025-03-01T01:40:55.281Z]
### Progress: 309211/309212 events | Elapsed time: 37068.8s [2025-03-01T01:41:00.299Z]
### Progress: 309211/309212 events | Elapsed time: 37073.8s [2025-03-01T01:41:05.319Z]
### Progress: 309211/309212 events | Elapsed time: 37078.8s [2025-03-01T01:41:10.341Z]
### Progress: 309211/309212 events | Elapsed time: 37083.8s [2025-03-01T01:41:15.352Z]
### Progress: 309211/309212 events | Elapsed time: 37088.8s [2025-03-01T01:41:20.370Z]
